Z_physical,E_physical,Yield_pred,Yield_pred_std
23,0.0,2.6817516000000003e-07,4.300169957793024e-07
23,1.0,7.977233e-07,1.7648500920429345e-06
23,2.0,1.311554725e-06,3.2304564019807586e-06
23,3.0,6.1112267e-07,1.4175197348203897e-06
23,4.0,1.8438183425e-07,5.925047674911981e-07
23,5.0,9.97880975e-08,2.1269421978148672e-07
23,6.0,9.66521335e-08,2.5427815173676915e-07
23,7.0,1.9347226e-07,4.785033625376669e-07
23,8.0,3.46835815e-07,8.070657638676533e-07
23,9.0,3.43000705e-07,8.910997280111339e-07
23,10.0,3.56917155e-07,7.217156898259214e-07
23,11.0,6.39141403e-07,1.6147278002198e-06
23,12.0,4.5396387999999996e-07,8.570280356195808e-07
23,13.0,2.102292575e-07,3.4415994272186846e-07
23,14.0,1.099839175e-07,2.466031412881375e-07
24,0.0,3.2894311999999997e-07,2.5085170696058517e-07
24,1.0,1.54990685e-06,1.5863777180716527e-06
24,2.0,2.6540384e-06,2.43086112517695e-06
24,3.0,2.5929921e-06,2.509917507654507e-06
24,4.0,2.6618739499999996e-06,2.4753636301126203e-06
24,5.0,2.52431085e-06,2.557237830829131e-06
24,6.0,1.8008878e-06,2.170741129225127e-06
24,7.0,2.1294165e-06,3.076416465822468e-06
24,8.0,1.1654887e-06,9.558268352740444e-07
24,9.0,1.7044625999999998e-06,1.207416770455119e-06
24,10.0,1.8084135e-06,1.5979934237673222e-06
24,11.0,1.99275575e-06,2.105698068841914e-06
24,12.0,2.4074781e-06,2.211164132014781e-06
24,13.0,1.2889874499999999e-06,1.4372329775961965e-06
24,14.0,7.30804735e-07,7.63016701809638e-07
25,0.0,7.99324325e-07,5.54587396082901e-07
25,1.0,3.5825252e-06,4.388544140550402e-06
25,2.0,5.19660265e-06,6.623916426663665e-06
25,3.0,5.7286006e-06,5.554996389712249e-06
25,4.0,6.128044250000001e-06,6.514603571903747e-06
25,5.0,5.3637870000000005e-06,5.317717263620081e-06
25,6.0,4.0847665e-06,4.0371137263589165e-06
25,7.0,4.4003213e-06,3.93340739490733e-06
25,8.0,4.55621025e-06,3.6310145665367107e-06
25,9.0,5.64194175e-06,5.442336584456939e-06
25,10.0,8.8768665e-06,8.609221294647187e-06
25,11.0,1.0614233000000001e-05,1.0723393275092087e-05
25,12.0,9.049342249999999e-06,8.577624076925523e-06
25,13.0,6.74536535e-06,5.401059471510939e-06
25,14.0,4.730867649999999e-06,4.864340832089886e-06
26,0.0,2.58149675e-06,2.3660271990157997e-06
26,1.0,5.99961845e-06,5.1311055452007044e-06
26,2.0,1.2768197999999999e-05,1.295650488036605e-05
26,3.0,1.35956015e-05,1.58011577795545e-05
26,4.0,1.593768275e-05,1.2861292739767078e-05
26,5.0,2.0347242999999998e-05,1.502753787162826e-05
26,6.0,2.1575233499999998e-05,1.3562559177270468e-05
26,7.0,1.9204798500000002e-05,1.2803740653444452e-05
26,8.0,1.7310572e-05,1.1623916637941917e-05
26,9.0,1.8498477e-05,1.5095506925273954e-05
26,10.0,2.9622048499999998e-05,2.0761817762860324e-05
26,11.0,4.13358105e-05,3.924766568203386e-05
26,12.0,4.7378712500000005e-05,4.908281650895496e-05
26,13.0,4.6809354999999996e-05,5.2529387591069975e-05
26,14.0,5.2603935e-05,5.486229699492245e-05
27,0.0,5.2599903499999995e-06,3.1282746028067715e-06
27,1.0,5.1137971e-06,4.594742656740215e-06
27,2.0,8.34137765e-06,7.116268817796099e-06
27,3.0,1.56162485e-05,1.2494153904751147e-05
27,4.0,2.95309455e-05,2.1448801761947898e-05
27,5.0,6.6254664e-05,4.872781646505984e-05
27,6.0,9.5571915e-05,6.375721893828763e-05
27,7.0,0.000120443625,5.891680020044525e-05
27,8.0,0.000149462375,8.001291619327674e-05
27,9.0,0.000173324935,0.00010461599368731223
27,10.0,0.000233874665,0.00014596813841961638
27,11.0,0.000271704165,0.00014138559405407134
27,12.0,0.00025799583,8.839788044023005e-05
27,13.0,0.00024914581,7.76861808819313e-05
27,14.0,0.000248522335,9.392215264077533e-05
28,0.0,1.4020488999999999e-05,7.95841161244856e-06
28,1.0,4.8211156e-05,2.4817513058464795e-05
28,2.0,0.00015237154,7.55960380514636e-05
28,3.0,0.000317607815,0.00014964573843334077
28,4.0,0.000623863,0.00022382714668297388
28,5.0,0.00105136115,0.0003826389037925707
28,6.0,0.00131030985,0.0004983796079939597
28,7.0,0.0014353740000000001,0.000612098937384954
28,8.0,0.00132481315,0.0006389848937559565
28,9.0,0.0012802367500000002,0.0006122885465496952
28,10.0,0.0013019166,0.0004558160929812416
28,11.0,0.0015096185499999999,0.0005788742710931906
28,12.0,0.00152000995,0.0005020830834831187
28,13.0,0.0014869841,0.0004365001188114831
28,14.0,0.00128957565,0.00025105193539636455
29,0.0,8.326928499999999e-05,3.4682013732837686e-05
29,1.0,0.00033353885,8.556955678734704e-05
29,2.0,0.00094530357,0.00038103289062659765
29,3.0,0.0019331069,0.0007989219546550226
29,4.0,0.00332306765,0.0012494799774145405
29,5.0,0.0045213827,0.0015067845462483343
29,6.0,0.00504097815,0.0015078806656737694
29,7.0,0.00456975015,0.0010889895602769514
29,8.0,0.0039843961,0.0009085936636248737
29,9.0,0.00386201325,0.0009493616955595623
29,10.0,0.004111649,0.0009135906731677524
29,11.0,0.0044811997499999996,0.0008870814659585463
29,12.0,0.004529101650000001,0.0008062164323916302
29,13.0,0.0042176666,0.0006819362253043479
29,14.0,0.00368564195,0.0006286591859756875
30,0.0,0.0025663574,0.0007043555338789991
30,1.0,0.008127286000000001,0.0021123287342222317
30,2.0,0.0174189935,0.00465378587558687
30,3.0,0.026734936,0.005294440544092441
30,4.0,0.0368513465,0.006870368918422442
30,5.0,0.039088074,0.00840715616972203
30,6.0,0.036871621,0.00843388928326857
30,7.0,0.0309105475,0.007057771620429655
30,8.0,0.025846825,0.006570616239581868
30,9.0,0.024793750500000003,0.005787342882223384
30,10.0,0.0261969965,0.004336752454352679
30,11.0,0.0276086075,0.004224889101326078
30,12.0,0.026768799,0.004287091446398826
30,13.0,0.0239461065,0.0037214406757616206
30,14.0,0.018850770000000003,0.002780777037649863
31,0.0,0.0089474245,0.0012438673467496224
31,1.0,0.0212108065,0.0027020816116710166
31,2.0,0.0372007375,0.005757759203212021
31,3.0,0.055528462,0.006660543606548709
31,4.0,0.072283918,0.010362424247114336
31,5.0,0.07997939,0.015133879496207658
31,6.0,0.075085388,0.015908128967499883
31,7.0,0.063609142,0.013640938106203804
31,8.0,0.054205982,0.011631581387830575
31,9.0,0.0522709565,0.009934483709292865
31,10.0,0.054998297,0.008117472841700083
31,11.0,0.056861708,0.007110557685832757
31,12.0,0.055632721499999996,0.007939654790072128
31,13.0,0.0520786735,0.007894008046162292
31,14.0,0.045381248,0.007023833065581882
32,0.0,0.062025394,0.0024831454024026025
32,1.0,0.09094679,0.008945737703621441
32,2.0,0.127272745,0.018633779549693662
32,3.0,0.158511185,0.01999766854628341
32,4.0,0.17795156,0.021525987280649007
32,5.0,0.18585500500000002,0.025745597265628736
32,6.0,0.17481075000000001,0.028838420905594176
32,7.0,0.15782339,0.02269801207815916
32,8.0,0.142650895,0.017900034619138295
32,9.0,0.13695422000000002,0.01666927661974317
32,10.0,0.13882177499999998,0.012901749604368887
32,11.0,0.14380335,0.012792131719467333
32,12.0,0.14315922,0.01071832519586979
32,13.0,0.13876618000000002,0.010724050784138874
32,14.0,0.127678755,0.00958540452627128
33,0.0,0.128854825,0.0033372523148748104
33,1.0,0.17322881499999998,0.011021907184234523
33,2.0,0.22295226,0.013406512254228554
33,3.0,0.265296085,0.018911650177991707
33,4.0,0.296468435,0.02782830993868507
33,5.0,0.30944403,0.029477123336517242
33,6.0,0.3048785,0.02821442775432296
33,7.0,0.2864313,0.028234996326130128
33,8.0,0.27193106499999997,0.026786185391251452
33,9.0,0.264765315,0.026613170373456122
33,10.0,0.2679933,0.025789104563578434
33,11.0,0.273012665,0.021913830676859605
33,12.0,0.274634125,0.018702319250696788
33,13.0,0.2787883,0.01750951188818696
33,14.0,0.280697615,0.013393896089099244
34,0.0,0.573836475,0.011267343926635547
34,1.0,0.6028142000000001,0.02641768269889192
34,2.0,0.6122798700000001,0.027760215588702297
34,3.0,0.618323,0.047361131942662886
34,4.0,0.626282435,0.038906728093392955
34,5.0,0.63033435,0.04097113271725989
34,6.0,0.64279927,0.04777997543179186
34,7.0,0.64952033,0.05390435290698394
34,8.0,0.6507024349999999,0.05665890082732403
34,9.0,0.63930759,0.0503526584591331
34,10.0,0.6211159799999999,0.04567052281203575
34,11.0,0.6081773749999999,0.04774913027770046
34,12.0,0.60607475,0.044659183866042625
34,13.0,0.61316755,0.045003748285023126
34,14.0,0.62925615,0.047354897348250956
35,0.0,0.88083092,0.016698292752797158
35,1.0,0.8951562,0.03708927976664831
35,2.0,0.93106735,0.04712635986981985
35,3.0,0.9742839999999999,0.044015413631363645
35,4.0,0.98792942,0.0484241617384371
35,5.0,0.99721835,0.0653951421036446
35,6.0,1.017285025,0.064141404101338
35,7.0,1.02737715,0.06975785816177933
35,8.0,1.01187495,0.07293745411668563
35,9.0,0.9832251,0.07042703627359373
35,10.0,0.95890652,0.059456747720176506
35,11.0,0.9402795749999999,0.055448698393563436
35,12.0,0.93060275,0.06177145259748739
35,13.0,0.935277015,0.0637553496486008
35,14.0,0.9525063899999999,0.06501935015706688
36,0.0,2.33707085,0.03893690819672294
36,1.0,2.1080954,0.07623676663831393
36,2.0,1.89071085,0.08905307920676825
36,3.0,1.7879761,0.06816143230655755
36,4.0,1.7267777500000001,0.08323172803488878
36,5.0,1.6960597,0.09657107208497853
36,6.0,1.71529305,0.11301520430607238
36,7.0,1.76758255,0.12687148503490467
36,8.0,1.78805805,0.11367363659559525
36,9.0,1.7407362,0.08580605532630052
36,10.0,1.6719431999999999,0.07351937755590555
36,11.0,1.6122926,0.07300913692163881
36,12.0,1.5787507,0.08343938320914553
36,13.0,1.59040935,0.08674478639172072
36,14.0,1.6469265,0.06379120025863011
37,0.0,1.9642765,0.04260824666498127
37,1.0,1.88289465,0.07539070827704353
37,2.0,1.91959475,0.10510669753906562
37,3.0,1.9509233000000001,0.0772560262635196
37,4.0,1.96228035,0.08367131875024808
37,5.0,1.9555166499999999,0.10134639953650634
37,6.0,1.9562865,0.11793287036813066
37,7.0,1.97944795,0.1180424939237834
37,8.0,1.9909010500000002,0.1147084064082577
37,9.0,1.95049545,0.11262270647349475
37,10.0,1.8762813999999999,0.11355822005161385
37,11.0,1.81565375,0.09293285789926853
37,12.0,1.78511295,0.08540424812236846
37,13.0,1.7860393,0.0787203479523852
37,14.0,1.808522,0.0813718340878143
38,0.0,2.96385705,0.04083846229094915
38,1.0,2.8210386,0.12342724843000744
38,2.0,2.5851132999999997,0.14132606584421106
38,3.0,2.4803700500000003,0.11119456421287639
38,4.0,2.3973579000000003,0.09630038255116358
38,5.0,2.3462424,0.10058830240326443
38,6.0,2.34275505,0.11264594930118013
38,7.0,2.3595397499999997,0.10904191677427523
38,8.0,2.3568566,0.09400346738221008
38,9.0,2.3136855499999998,0.07831352109844797
38,10.0,2.2358199,0.07955253719878226
38,11.0,2.1611161,0.07208734813371519
38,12.0,2.0949429000000004,0.08184684415702793
38,13.0,2.06459115,0.0733850747780993
38,14.0,2.084044,0.07077343521146001
39,0.0,1.79401805,0.04819121043403976
39,1.0,1.9692311,0.06576216645449007
39,2.0,2.11625615,0.08657397687388936
39,3.0,2.1855584,0.13003212129954675
39,4.0,2.1994966500000004,0.15901468945526498
39,5.0,2.185233,0.14625625812401405
39,6.0,2.1581583,0.11175884281766213
39,7.0,2.1373829,0.0951757860045546
39,8.0,2.1242088,0.08099999397431568
39,9.0,2.10450975,0.06375045622855824
39,10.0,2.0906960999999997,0.06541359518966602
39,11.0,2.0762966499999997,0.07304152290184765
39,12.0,2.0633220999999997,0.07536360879040933
39,13.0,2.0439537999999997,0.06517726141616165
39,14.0,2.0194171,0.06148939705140083
40,0.0,2.56869505,0.059658970208351966
40,1.0,2.5248803,0.10956521306130011
40,2.0,2.4072906,0.15003909026429715
40,3.0,2.28035245,0.1685727707101627
40,4.0,2.1846641,0.12775634345391962
40,5.0,2.1250659,0.1069091574556166
40,6.0,2.09773685,0.09007337684219238
40,7.0,2.08204195,0.09009295955102402
40,8.0,2.09092795,0.08569187577133257
40,9.0,2.11223045,0.09591286642454296
40,10.0,2.09468865,0.10042550113629799
40,11.0,2.0305386,0.0887502549187468
40,12.0,1.97611175,0.1002733958066899
40,13.0,1.94677805,0.10681683703255933
40,14.0,1.9658174,0.06625137934400517
41,0.0,1.07085775,0.026925865356418114
41,1.0,1.2454846,0.07195855562999391
41,2.0,1.4212899499999998,0.10204961010467826
41,3.0,1.498155,0.09024006699336683
41,4.0,1.5182483,0.08767927088990256
41,5.0,1.5324936,0.07450007713461412
41,6.0,1.5189488,0.062233558789211385
41,7.0,1.48125975,0.04315577009071876
41,8.0,1.46537115,0.05201669048400859
41,9.0,1.5034768,0.0611527642432094
41,10.0,1.5442597999999998,0.05502552234490799
41,11.0,1.5540601500000002,0.058135870560344756
41,12.0,1.5459217,0.061530247955917675
41,13.0,1.53344635,0.09056221975934452
41,14.0,1.4949051,0.0797544946906357
42,0.0,0.6458799,0.018100333838639553
42,1.0,0.7084204000000001,0.04319362359426843
42,2.0,0.7572943000000001,0.045716156884469936
42,3.0,0.7927490500000001,0.05377827494421722
42,4.0,0.817121145,0.07248367394931444
42,5.0,0.8391010750000001,0.07868450276760068
42,6.0,0.83501765,0.07431785645875379
42,7.0,0.8123212200000001,0.06462590812484884
42,8.0,0.79540375,0.060788731267172345
42,9.0,0.82502035,0.07625372973409006
42,10.0,0.86997823,0.09094108794028613
42,11.0,0.912157915,0.09516133934462656
42,12.0,0.9402972999999999,0.10609475245039138
42,13.0,0.9437657500000001,0.10078825914160136
42,14.0,0.91727951,0.06707066131045279
43,0.0,0.047963028500000005,0.003983311937306216
43,1.0,0.07242770500000001,0.007534373796172092
43,2.0,0.114392147,0.014284144850482832
43,3.0,0.158606525,0.016708524198337207
43,4.0,0.20131868,0.020778970046853792
43,5.0,0.247874345,0.019799447529236923
43,6.0,0.279818685,0.020928522865999544
43,7.0,0.280892865,0.03018402545340721
43,8.0,0.28317968000000004,0.037968734401762336
43,9.0,0.32115583,0.037046517083252066
43,10.0,0.39759932,0.042704525775851314
43,11.0,0.48497398,0.036999611463683565
43,12.0,0.5417966700000001,0.027899393046887072
43,13.0,0.5648949000000001,0.023015769830147435
43,14.0,0.5521391,0.03653964817056127
44,0.0,0.012544439,0.0018710903191909464
44,1.0,0.0267253805,0.0034714644445263923
44,2.0,0.049031228999999996,0.005529769216780897
44,3.0,0.080677405,0.010086744972292849
44,4.0,0.117913942,0.02091118878853308
44,5.0,0.153478635,0.028486668331918975
44,6.0,0.181820025,0.03275557219886626
44,7.0,0.194315375,0.028764516298050918
44,8.0,0.206018485,0.028946712471033375
44,9.0,0.23496572500000001,0.03807101188311166
44,10.0,0.29267699999999996,0.052286033955009144
44,11.0,0.36362295,0.05243824596396049
44,12.0,0.41872797500000003,0.03986252398268116
44,13.0,0.449925235,0.029965026306621102
44,14.0,0.44219614500000004,0.02577153197619535
45,0.0,0.0053377728,0.0009178885152997279
45,1.0,0.013077735,0.0023236125628250037
45,2.0,0.0302877975,0.005260760537957283
45,3.0,0.055274882,0.011284683637875994
45,4.0,0.09208132,0.018979412188824703
45,5.0,0.130623843,0.02771304722337698
45,6.0,0.15926017,0.02864661369292793
45,7.0,0.17093137,0.028033137417993598
45,8.0,0.176701865,0.031507601310270666
45,9.0,0.2026957,0.03559376022810624
45,10.0,0.259600505,0.04187945169042723
45,11.0,0.332932115,0.044068444979231736
45,12.0,0.39161251500000005,0.03368011766617945
45,13.0,0.41860822,0.0271468013776003
45,14.0,0.41452091999999996,0.022891834374685414
46,0.0,0.0069987552500000005,0.0010056092483308869
46,1.0,0.017178241,0.003995348655929534
46,2.0,0.0350048025,0.0071375890778566245
46,3.0,0.060498794999999994,0.009370042500280784
46,4.0,0.090219873,0.014755376713802629
46,5.0,0.126726055,0.023048454641273752
46,6.0,0.153535055,0.023745252673805856
46,7.0,0.16481474000000002,0.024194784381121874
46,8.0,0.17555268,0.02841275328567946
46,9.0,0.2012238,0.03637235566159935
46,10.0,0.253820535,0.041915760816696734
46,11.0,0.313048495,0.038364186772434715
46,12.0,0.36056346,0.03225873298921108
46,13.0,0.39079911,0.024733998154485144
46,14.0,0.39183290000000004,0.02480113655620632
47,0.0,0.0049757928,0.0012157910799579213
47,1.0,0.011371499,0.0029058491477320873
47,2.0,0.0259018985,0.006449831682148817
47,3.0,0.049813369,0.01145901604630227
47,4.0,0.082515373,0.017465159048187826
47,5.0,0.118237153,0.02082802333276837
47,6.0,0.1512452,0.02755821825610017
47,7.0,0.16898014500000003,0.03155281750402167
47,8.0,0.178216605,0.028666318617510414
47,9.0,0.207535265,0.03380375508591188
47,10.0,0.272228445,0.04997068891916317
47,11.0,0.34516726,0.04679380389342181
47,12.0,0.39582313999999996,0.03362438052093776
47,13.0,0.419767855,0.03118543633294471
47,14.0,0.42372492,0.025472273555003106
48,0.0,0.0099189315,0.001506295791662389
48,1.0,0.020168915,0.003971825492584998
48,2.0,0.039273845,0.008597625337702692
48,3.0,0.066940538,0.01445917627873145
48,4.0,0.10181731299999999,0.02390303258964761
48,5.0,0.14232263,0.02934017202015929
48,6.0,0.173301485,0.03503117761162323
48,7.0,0.186141455,0.03953702842322928
48,8.0,0.19924414499999998,0.04478214661567727
48,9.0,0.228139355,0.05138108580044642
48,10.0,0.28756012,0.056409479117009546
48,11.0,0.34489621000000004,0.04925621292870119
48,12.0,0.39040291,0.04180145311829019
48,13.0,0.41509797000000004,0.03654985945471168
48,14.0,0.422543075,0.03308864576515376
49,0.0,0.0380277885,0.004626878455490582
49,1.0,0.06830475999999999,0.007910542519063691
49,2.0,0.11165963500000001,0.01256589553324448
49,3.0,0.15991450000000001,0.021070625095590965
49,4.0,0.20491620500000002,0.02839596471352952
49,5.0,0.257205885,0.0326713934092604
49,6.0,0.29175608,0.04749626951836349
49,7.0,0.30244404,0.05083367129324318
49,8.0,0.30426909,0.047839455335652405
49,9.0,0.33860827,0.056464011698830884
49,10.0,0.413572725,0.06674886065540288
49,11.0,0.49390134,0.059563377328376584
49,12.0,0.54362387,0.044755362800643336
49,13.0,0.55748888,0.03722682996232239
49,14.0,0.55191255,0.0513165934270091
50,0.0,0.56662595,0.02685787457728624
50,1.0,0.64142812,0.035225839625942
50,2.0,0.6895980850000001,0.0572823480009596
50,3.0,0.751835575,0.06505868673616212
50,4.0,0.79804162,0.06266096148918414
50,5.0,0.8181892500000001,0.0628487500855517
50,6.0,0.8319039850000001,0.06223843853463932
50,7.0,0.8229446499999999,0.0721713000727644
50,8.0,0.8211542949999999,0.0796200777098318
50,9.0,0.8454468749999999,0.09029004456619066
50,10.0,0.89256025,0.09950345319617745
50,11.0,0.933603795,0.08123490336292934
50,12.0,0.9489528,0.07347715025547699
50,13.0,0.9590713,0.07325699551982243
50,14.0,0.9597528750000001,0.07285199114813996
51,0.0,1.11295645,0.03301228755713201
51,1.0,1.24828375,0.04701660265815322
51,2.0,1.41172845,0.07104916575011215
51,3.0,1.4763785999999999,0.10103087306801929
51,4.0,1.4791500499999999,0.11330880301907086
51,5.0,1.4693067499999999,0.10869511032630949
51,6.0,1.4486309,0.09800865647908703
51,7.0,1.4179585000000001,0.0933791006811292
51,8.0,1.41210245,0.08842380789531382
51,9.0,1.43419585,0.09929486874463764
51,10.0,1.46904795,0.09425140595493534
51,11.0,1.48793615,0.11450316734449295
51,12.0,1.47768795,0.10651262302436695
51,13.0,1.45672845,0.08968770282137715
51,14.0,1.4382180999999998,0.08008629760976817
52,0.0,2.46661315,0.06762285867127625
52,1.0,2.47648755,0.08513377663440372
52,2.0,2.4044974,0.11749925807948361
52,3.0,2.2921987,0.12276441251868253
52,4.0,2.2078097,0.1323682971571448
52,5.0,2.1378372,0.13718259138118405
52,6.0,2.0754963,0.10945415342567055
52,7.0,2.0623927,0.0939216515473415
52,8.0,2.08626165,0.09257293862099675
52,9.0,2.08832825,0.1123787028026316
52,10.0,2.0355615,0.11046961116295735
52,11.0,1.9725123999999998,0.12092934688018099
52,12.0,1.9151023,0.1159859015131412
52,13.0,1.87403725,0.08912825557503812
52,14.0,1.8596554,0.055884025520978854
53,0.0,1.74886175,0.0726002473737834
53,1.0,1.97555715,0.10595936608622755
53,2.0,2.15994335,0.10157023396464392
53,3.0,2.23657715,0.1109404808557313
53,4.0,2.2228019,0.11438881032370668
53,5.0,2.1919731000000002,0.12270270442635547
53,6.0,2.1816493,0.12674112667733972
53,7.0,2.1620999999999997,0.11773476603732039
53,8.0,2.1310215,0.11549582549913776
53,9.0,2.1187423,0.10909675969834046
53,10.0,2.115294,0.11402083039855765
53,11.0,2.0680274,0.08758686159715096
53,12.0,2.0225418,0.06536361454624673
53,13.0,1.99713995,0.055742014724394065
53,14.0,1.9812374,0.06931532957333107
54,0.0,2.94631095,0.05059012951695625
54,1.0,2.7414584,0.10596513392150206
54,2.0,2.55819715,0.07393672251598074
54,3.0,2.4801903999999997,0.07930821546798088
54,4.0,2.3770213,0.08501431957984089
54,5.0,2.3120087,0.08836707858425329
54,6.0,2.2852478,0.10003083026557022
54,7.0,2.2903152,0.12623916536801666
54,8.0,2.3033959499999996,0.10273595148434385
54,9.0,2.2776525,0.09172585594332018
54,10.0,2.2266399999999997,0.10726228016858001
54,11.0,2.1430713,0.1135039263388817
54,12.0,2.0916796,0.1257992603905627
54,13.0,2.0716475,0.1246932541068538
54,14.0,2.11455535,0.11527489269198077
55,0.0,1.9318323,0.059763946901299
55,1.0,1.93455165,0.08757928313443405
55,2.0,2.0159519,0.1275704406762718
55,3.0,2.0480693,0.12472819660377359
55,4.0,1.98820815,0.10753206813370456
55,5.0,1.9672081000000001,0.10174319337768656
55,6.0,1.9699841999999999,0.07088908318522323
55,7.0,1.9604273,0.0525545310938788
55,8.0,1.9555269499999999,0.06470276422164283
55,9.0,1.93472415,0.06689952115899091
55,10.0,1.88709735,0.06006729656577232
55,11.0,1.82949285,0.08591931396374222
55,12.0,1.7882045500000001,0.10704506605113202
55,13.0,1.7623581000000001,0.1019273330342939
55,14.0,1.7749682999999998,0.08514513220104651
56,0.0,2.48421895,0.08275101124794125
56,1.0,2.2089907999999996,0.07914213109998139
56,2.0,2.0020918,0.11168129937431985
56,3.0,1.90491485,0.11280783976339384
56,4.0,1.8170435,0.10216007008720276
56,5.0,1.77255215,0.06859710811407757
56,6.0,1.7737552,0.06481733644901028
56,7.0,1.83076335,0.10647106748402038
56,8.0,1.86611145,0.13033900342000476
56,9.0,1.8583906,0.1269711372287794
56,10.0,1.7620035500000002,0.1156274579451476
56,11.0,1.66980005,0.0930318588118683
56,12.0,1.6315419,0.08063845657314532
56,13.0,1.6530285,0.08275697726528115
56,14.0,1.73735425,0.08942919241484032
57,0.0,1.0903089000000001,0.02601378792778067
57,1.0,1.0539781,0.06201341165622637
57,2.0,1.0704836,0.09275647101598111
57,3.0,1.06939585,0.0864886683598472
57,4.0,1.0560486,0.07862487832163358
57,5.0,1.0566901999999998,0.08220030724866577
57,6.0,1.0710296499999998,0.07593093276272149
57,7.0,1.08563205,0.07383931734321034
57,8.0,1.0746267,0.06769848142981896
57,9.0,1.0594685,0.05884749069817011
57,10.0,1.03496925,0.05531394876356797
57,11.0,1.00815275,0.05770876397732565
57,12.0,0.99235897,0.05448736931475696
57,13.0,0.995099,0.04960852349582251
57,14.0,1.03233805,0.04044391641653273
58,0.0,0.57729355,0.03593456265644535
58,1.0,0.5980597400000001,0.03244429240227586
58,2.0,0.60420692,0.02975163951642975
58,3.0,0.6090985,0.036082559055491716
58,4.0,0.617820415,0.0424464489808419
58,5.0,0.636440605,0.04653179685413961
58,6.0,0.640578525,0.05510458639290037
58,7.0,0.63570745,0.056959024347266296
58,8.0,0.625290215,0.048590316254152825
58,9.0,0.616962125,0.05310601959670444
58,10.0,0.6004318799999999,0.05650756816225506
58,11.0,0.586251725,0.05190626344113288
58,12.0,0.5889588,0.04126291082916328
58,13.0,0.59823307,0.038131976319166934
58,14.0,0.6181547000000001,0.033514205025292586
59,0.0,0.127790835,0.010448598153036195
59,1.0,0.16344621,0.013632064742396624
59,2.0,0.199214015,0.02068569926750214
59,3.0,0.2369034,0.02555324585121051
59,4.0,0.26536155,0.02805616238441825
59,5.0,0.28100603999999996,0.02328572914796454
59,6.0,0.27155121,0.02350561411248165
59,7.0,0.25045259,0.02322132572939234
59,8.0,0.22935311,0.01972463433630593
59,9.0,0.224011175,0.02372668248504214
59,10.0,0.228340135,0.026748378004628242
59,11.0,0.234412535,0.02725906982502491
59,12.0,0.2358715,0.024567678874516562
59,13.0,0.23370364999999999,0.02175758708166445
59,14.0,0.235318275,0.015661139029237013
60,0.0,0.0552017865,0.004213231671711707
60,1.0,0.07777198299999999,0.005887747668918712
60,2.0,0.107800267,0.00962962277766737
60,3.0,0.13440031000000002,0.01448359052740359
60,4.0,0.15511164,0.020167196173369595
60,5.0,0.163245795,0.022757846488828944
60,6.0,0.15549584,0.023207829237839515
60,7.0,0.1355085,0.021695057249421678
60,8.0,0.12002099699999999,0.01822402182106536
60,9.0,0.11444043749999999,0.01539723048791968
60,10.0,0.117716242,0.012815551871357947
60,11.0,0.12439899500000001,0.015164730819149909
60,12.0,0.12882282,0.017428791333782123
60,13.0,0.12680616,0.016103987214607627
60,14.0,0.1163200725,0.010632956911575642
61,0.0,0.00698261525,0.0011485214692461842
61,1.0,0.0146815015,0.0024192322406008365
61,2.0,0.027778533,0.00477335432343505
61,3.0,0.043582837,0.008087225908614847
61,4.0,0.0574197065,0.009519269554878591
61,5.0,0.0665451995,0.010732853694500265
61,6.0,0.06321690049999999,0.011243923817523616
61,7.0,0.0532516835,0.009574199950638709
61,8.0,0.044722546,0.008256498233665858
61,9.0,0.04308001,0.007710013682433498
61,10.0,0.046152091,0.0071991314464725275
61,11.0,0.049495304000000004,0.008346063337569301
61,12.0,0.0513266015,0.009788025073661888
61,13.0,0.050872668999999995,0.009460662598368254
61,14.0,0.043971095,0.0071713165341377606
62,0.0,0.00223433015,0.0004908855852991168
62,1.0,0.006026749,0.001435502194094161
62,2.0,0.013829597499999999,0.0031348286609494598
62,3.0,0.022951239,0.003393435550835988
62,4.0,0.031308604000000004,0.0026593426954030414
62,5.0,0.036266371,0.004721517856663769
62,6.0,0.035379986,0.005654818290315163
62,7.0,0.0288480715,0.0025879550386313168
62,8.0,0.023295583,0.002033126629306637
62,9.0,0.02250479,0.0021011977168904753
62,10.0,0.023662068,0.002525299145708119
62,11.0,0.0254027555,0.0029918126910634365
62,12.0,0.025221432000000002,0.002824916580654715
62,13.0,0.023559653,0.0030807293835124097
62,14.0,0.0192471295,0.002718374919976313
63,0.0,8.8997002e-05,5.415191662875142e-05
63,1.0,0.00027777985,0.00012915480579885327
63,2.0,0.0007799212650000001,0.00023479981178781606
63,3.0,0.0018954428499999999,0.0006561622946881531
63,4.0,0.0031821245000000003,0.0009703694012568951
63,5.0,0.00465615965,0.001221036892760371
63,6.0,0.005372388,0.0013595630206537455
63,7.0,0.00462369155,0.001155241428495101
63,8.0,0.0038670056,0.0012112568221724653
63,9.0,0.0036679395,0.0012201074421095595
63,10.0,0.00389679345,0.0011246856755330503
63,11.0,0.00451485485,0.001080641751534921
63,12.0,0.0047468798,0.001026250267521435
63,13.0,0.00456958075,0.001016513608662903
63,14.0,0.004239093649999999,0.0008444482305039774
64,0.0,1.33920795e-05,9.015191256035839e-06
64,1.0,4.3860959e-05,2.325313525910755e-05
64,2.0,0.0001222132325,7.528686683084778e-05
64,3.0,0.000303309835,0.00012215509355442157
64,4.0,0.000607148765,0.00032929434513473903
64,5.0,0.001046208075,0.0006196968866578219
64,6.0,0.001380913715,0.0008142356604127801
64,7.0,0.00156700475,0.0008136551925922437
64,8.0,0.00148812145,0.000684340056027454
64,9.0,0.00138115045,0.0005400842196963422
64,10.0,0.00146532565,0.0005164441897117281
64,11.0,0.0015645805499999998,0.0004823015460022573
64,12.0,0.00166183365,0.0004971815708910277
64,13.0,0.00153161905,0.0004132265457090017
64,14.0,0.0014545853,0.00034393256887642066
65,0.0,4.04828075e-06,2.507517598840819e-06
65,1.0,5.0392829999999995e-06,4.788587457982057e-06
65,2.0,1.12485905e-05,7.0883371418670165e-06
65,3.0,2.1545979000000003e-05,1.8149153921345954e-05
65,4.0,2.898578e-05,2.3583292125100664e-05
65,5.0,5.97917685e-05,3.730687712874976e-05
65,6.0,0.00010132184,5.888914067089075e-05
65,7.0,0.000163956205,0.00011017900885355038
65,8.0,0.000216421655,0.00011854600011753627
65,9.0,0.00024689914500000004,0.00013859689381398233
65,10.0,0.00028447014,0.0001506570760960665
65,11.0,0.000316676265,0.00016104451669928449
65,12.0,0.00035008366,0.00015102415426223068
65,13.0,0.00038620578,0.00016773834251481456
65,14.0,0.00036864086,9.940667952653277e-05
66,0.0,2.4786796e-06,1.6940319821833532e-06
66,1.0,5.51888725e-06,4.430285117958757e-06
66,2.0,8.390222500000001e-06,3.8069364290471423e-06
66,3.0,1.2004775e-05,1.3024042670141171e-05
66,4.0,1.27354285e-05,1.3009507696562263e-05
66,5.0,1.5578852e-05,7.314596882933976e-06
66,6.0,2.8573094e-05,2.1441893982371166e-05
66,7.0,4.4584929e-05,3.282384371801669e-05
66,8.0,4.66856435e-05,2.1870251462824e-05
66,9.0,5.9979065e-05,2.9485354812263883e-05
66,10.0,7.504887799999999e-05,4.550109179914654e-05
66,11.0,9.0695605e-05,2.8777042005527602e-05
66,12.0,9.077463499999999e-05,2.2441092121783777e-05
66,13.0,9.0220943e-05,3.037504064666469e-05
66,14.0,8.255701250000001e-05,2.5206728011677803e-05
67,0.0,1.29160597e-06,1.6846050762219905e-06
67,1.0,1.44487955e-06,1.1261929377709362e-06
67,2.0,4.0923152e-06,3.4619443779977906e-06
67,3.0,2.8764278e-06,1.896900079141457e-06
67,4.0,2.96766835e-06,3.759591985378781e-06
67,5.0,5.049765299999999e-06,6.646283254140651e-06
67,6.0,5.6879801e-06,7.797010493191189e-06
67,7.0,4.515258949999999e-06,7.430380098373223e-06
67,8.0,6.5190698e-06,8.070598872756316e-06
67,9.0,8.28181425e-06,8.239245229776874e-06
67,10.0,7.585154000000001e-06,7.430851832505986e-06
67,11.0,8.1432582e-06,6.6297552470732535e-06
67,12.0,9.6351295e-06,6.482376860421449e-06
67,13.0,1.0547202e-05,4.8774586386026305e-06
67,14.0,1.21248485e-05,5.5980355307076515e-06
68,0.0,3.03012865e-06,3.7136651223229546e-06
68,1.0,2.2813981e-06,2.667047499940908e-06
68,2.0,3.50464625e-06,2.8158182947405366e-06
68,3.0,4.6221273500000005e-06,4.984866405185942e-06
68,4.0,3.07920005e-06,2.828455819570422e-06
68,5.0,3.70055365e-06,4.307410144939767e-06
68,6.0,3.24786775e-06,2.4343452150756205e-06
68,7.0,4.69104365e-06,4.2676384782442255e-06
68,8.0,5.0196678500000005e-06,5.058988017897141e-06
68,9.0,6.0514147e-06,6.12093960232625e-06
68,10.0,4.8795566e-06,5.96953818702389e-06
68,11.0,4.2046844e-06,5.355052002114882e-06
68,12.0,5.3875008e-06,5.974196035645309e-06
68,13.0,5.0980634e-06,5.027464662194909e-06
68,14.0,4.1143865000000005e-06,3.160350814015606e-06
69,0.0,9.1453765e-07,1.5724987559774407e-06
69,1.0,2.4450092499999998e-06,3.8372734162093304e-06
69,2.0,5.56140235e-06,9.591724428749136e-06
69,3.0,3.4315209e-06,5.1053039977184254e-06
69,4.0,1.40002945e-06,2.045636875103925e-06
69,5.0,1.5211679e-06,2.5546413897468245e-06
69,6.0,1.61494885e-06,1.6154184391475801e-06
69,7.0,2.0791584499999998e-06,2.368768551092824e-06
69,8.0,2.203094715e-06,2.993094898296055e-06
69,9.0,1.91633118e-06,2.5101087877875227e-06
69,10.0,1.4864761e-06,2.09522986022423e-06
69,11.0,2.0518045000000002e-06,2.2183638965567926e-06
69,12.0,2.16986485e-06,2.4893166879700256e-06
69,13.0,1.5627282499999999e-06,2.214395434253968e-06
69,14.0,1.0278605e-06,9.54403870462582e-07
70,0.0,6.68356575e-07,7.745911552285477e-07
70,1.0,1.570366e-06,1.7569495089503173e-06
70,2.0,2.7379832e-06,3.326119840090882e-06
70,3.0,3.70797585e-06,4.4469892503530185e-06
70,4.0,1.9625691999999997e-06,2.4031908321545512e-06
70,5.0,1.5406369500000001e-06,1.4218857803197481e-06
70,6.0,1.8470566e-06,1.9525154016700884e-06
70,7.0,3.5010938e-06,3.94136521250492e-06
70,8.0,4.650819250000001e-06,5.7432613086895614e-06
70,9.0,3.7580543500000003e-06,4.7448714105664214e-06
70,10.0,3.08596325e-06,3.828262390711905e-06
70,11.0,2.45049695e-06,3.2567809465342144e-06
70,12.0,1.786225e-06,2.591378001414308e-06
70,13.0,1.886618865e-06,2.3858500258660003e-06
70,14.0,8.68036515e-07,1.1845892278259262e-06
71,0.0,5.05538085e-08,1.5484782223110526e-07
71,1.0,3.8925260500000005e-07,1.1449029255671883e-06
71,2.0,6.1955107e-07,1.4796492297048116e-06
71,3.0,9.1557405e-07,1.9339100393798544e-06
71,4.0,4.878904150000001e-07,9.529346385863382e-07
71,5.0,9.708413e-07,2.3201384872310363e-06
71,6.0,1.06408095e-06,2.4066978615428464e-06
71,7.0,1.2366272500000001e-06,2.75111495053138e-06
71,8.0,1.351858215e-06,3.270290918860916e-06
71,9.0,1.7463559e-06,3.5681701846618163e-06
71,10.0,1.8179537e-06,3.740148166476077e-06
71,11.0,8.77943e-07,1.490788466230826e-06
71,12.0,6.749641500000001e-07,1.1275398747227552e-06
71,13.0,1.4102925e-06,2.566284427206397e-06
71,14.0,1.3683452000000002e-06,2.8541760245466534e-06
