y_true,y_ens_mean,y_ens_sigma,v1_ft_235UALL_power_delta_np,v2_ft_235UALL_power_delta_np,v3_ft_235UALL_power_delta_np,v4_ft_235UALL_power_delta_np,v5_ft_235UALL_power_delta_np,v6_ft_235UALL_power_delta_np
4.770000042e-13,3.289587657e-07,7.317427089e-07,0,1.464911215e-08,1.819240765e-06,0,1.124648108e-08,1.286162359e-07
0.01484358311,0.0183631087,0.003953166749,0.02532200143,0.02065646462,0.01482023392,0.01584729739,0.01725175418,0.01628090069
0.01127709076,0.008140192445,0.001585290632,0.007164479233,0.008349112235,0.00692049088,0.006477218121,0.009391516447,0.01053833775
1.760000004e-07,3.354793836e-05,7.733763192e-05,0.0001913524611,5.924877314e-06,2.519206873e-06,7.952594956e-07,6.958253493e-07,0
0.07893382758,0.06031777896,0.01542844423,0.05787276477,0.04614335671,0.04780009389,0.08074899018,0.05104596168,0.07829550654
1.429999975e-05,9.244703e-06,9.967654393e-06,3.760151003e-06,2.979039664e-06,8.633620752e-08,2.070411028e-05,4.815201919e-06,2.312337892e-05
0.0550439246,0.03949574847,0.008404182956,0.05389130861,0.03966087103,0.03733214736,0.03201587871,0.04308581725,0.03098846786
6.890000037e-08,1.328213186e-06,3.164547438e-06,3.717691399e-08,0,1.19929723e-07,0,2.498334695e-08,7.787189134e-06
0.001893489971,0.002006101403,0.0006358709418,0.001964268042,0.003119090805,0.001326583559,0.00229799049,0.001681877999,0.001646797522
0.003076460911,0.002208329388,0.000685610586,0.001196024707,0.00305175758,0.00197139103,0.001832411624,0.002363430336,0.002834961051
0,1.142090653e-07,2.51745665e-07,0,6.257834002e-07,0,0,5.947099169e-08,0
7.870000207e-10,4.945153383e-08,8.842637664e-08,7.853100215e-08,2.181782008e-07,0,0,0,0
2.390000009e-05,1.642092161e-05,1.140855535e-05,2.689175381e-05,2.779433999e-06,4.448349046e-06,1.577341027e-05,1.773557415e-05,3.08970084e-05
5.34999981e-06,8.610944614e-06,1.752775253e-05,3.293103418e-06,0,2.720548082e-06,0,1.370221639e-06,4.428179454e-05
1.020000013e-06,8.195790481e-06,8.363116524e-06,1.815202995e-05,4.048827407e-07,1.701077167e-06,1.61365133e-05,1.400650831e-07,1.264017465e-05
4.090000161e-08,1.353795227e-07,2.120524036e-07,0,5.079460266e-07,0,2.75957035e-07,3.398033854e-09,2.497604079e-08
1.70000007e-07,9.241427876e-07,1.701401375e-06,4.272440947e-06,0,0,1.154420829e-06,1.066505373e-08,1.073298961e-07
1.249999968e-05,0.0003694229187,0.0002478672268,0.000288355368,0.0001662336872,0.0008603801834,0.000339887687,0.00025144752,0.0003102330666
0,4.838446079e-07,6.794239618e-07,1.562311702e-08,3.352865718e-08,1.539501113e-07,0,1.496170739e-06,1.203795023e-06
0.0143738687,0.006986072287,0.001117564004,0.007366660982,0.005210983101,0.007445622236,0.008514662273,0.006353857461,0.007024647668
7.459999584e-15,2.126783016e-08,3.651834327e-08,8.874066992e-08,3.881960708e-08,0,4.670395667e-11,0,0
1.919999931e-06,5.607475979e-06,4.225652524e-06,1.732495775e-06,1.353358812e-06,8.410690498e-06,1.156568214e-05,7.802246728e-06,2.780381919e-06
8.029999776e-07,9.470883764e-07,1.474919758e-06,2.805214763e-07,0,2.655443643e-10,0,1.809049763e-06,3.592693474e-06
2.359999973e-09,2.233674969e-06,5.356199296e-06,1.981177462e-07,0,3.935582527e-09,1.316585531e-05,0,3.414118055e-08
0.0009191890131,0.0004812982127,0.0001316424038,0.0002784244134,0.0006371141062,0.0005456451909,0.000386763335,0.000469169725,0.000570672506
0.09271103889,0.09776399409,0.004573728678,0.1012123898,0.1002613157,0.09367769212,0.1015903726,0.09050726891,0.09933492541
0.07302175462,0.06570209749,0.01394998829,0.07280097157,0.08498002589,0.06240970269,0.04985126853,0.05062390864,0.07354670763
0.001568621956,0.005654068819,0.002734007973,0.008544269949,0.004120738246,0.009554233402,0.003033648478,0.003588808468,0.005082714371
5.470000009e-09,9.07496433e-09,2.124152692e-08,5.24034256e-08,0,2.00536765e-09,4.099273351e-11,0,0
0.003795694094,0.002803928684,0.001119965052,0.001447676565,0.002507633064,0.003198212944,0.00403099414,0.003977707587,0.001661347807
0.04527974129,0.03806947668,0.004328112478,0.04048492387,0.03556670249,0.04395606741,0.03302190453,0.04094571248,0.03444154933
2.470000072e-05,3.189671941e-05,4.688327752e-05,1.913965164e-08,2.040599065e-05,0.0001204861765,4.634586003e-05,5.042777502e-07,3.618871915e-06
0.0005450950121,0.002628171719,0.0007329359553,0.002261881018,0.00281505147,0.003538131015,0.00257794396,0.001435099985,0.003140922869
4.229999961e-10,2.733593255e-07,4.141913579e-07,1.398915012e-10,1.098764884e-07,0,5.087833301e-07,1.017435807e-06,3.92043642e-09
4.519999857e-05,5.42860148e-05,2.703920289e-05,6.164695515e-05,4.431625348e-05,5.799901555e-05,1.311998767e-05,9.657799092e-05,5.205588604e-05
4.909999924e-12,2.367364347e-07,5.563994806e-07,0,4.797871256e-08,5.973798678e-10,3.187576939e-11,0,1.37181064e-06
1.959999963e-06,1.119036945e-05,2.734701548e-05,6.701218808e-05,0,1.181598482e-11,8.349925196e-08,0,4.651755603e-08
0.2922872901,0.26696151,0.02105325493,0.2607126832,0.2846353352,0.2522543669,0.2577288151,0.3004671633,0.2459706962
0.2991132438,0.2774870694,0.01395622268,0.2846406102,0.2876250446,0.2872329056,0.2851407826,0.2658263147,0.2544567585
7.670000052e-11,5.588393689e-08,1.180135015e-07,2.954659521e-07,0,8.078853142e-09,0,3.175881602e-08,0
1.380000003e-09,4.207900493e-07,1.003200645e-06,0,0,5.669886605e-08,0,2.46804143e-06,0
1.990000055e-05,0.001915089825,0.0008346348054,0.00166380778,0.003577459604,0.001455198973,0.001563347992,0.001881412347,0.001349312253
9.85000006e-05,0.001619753777,0.0004365920687,0.001264630118,0.002223474905,0.00106963783,0.001954228152,0.001449283212,0.001757268445
0.0007351230015,0.0007213901699,0.0004089443716,0.0002904342255,0.0004267424811,0.001198637416,0.0004110834852,0.0007963570533,0.001205086359
2.440000025e-12,2.44545614e-06,4.163601135e-06,1.063819855e-05,6.422789767e-08,1.023156642e-06,2.886783477e-06,0,6.037027589e-08
0.0004979799851,0.0009460822039,0.0003873447384,0.0005982285365,0.0006264781114,0.0007761343149,0.001550838468,0.0008328905678,0.001291923225
0.3492669165,0.3933086197,0.01481695217,0.3838335276,0.3871087134,0.4020510018,0.3990864158,0.3731614649,0.4146105945
0.1988824457,0.2756757215,0.02578024863,0.2582861781,0.2471622676,0.2774674892,0.3183799386,0.2901604176,0.2625980377
2.120000009e-10,3.169948892e-06,7.764757297e-06,0,1.901969335e-05,0,0,0,0
0.003290734021,0.004439649948,0.0006823296243,0.003949846141,0.00333835138,0.004749710672,0.00523730088,0.004795108922,0.004567581695
5.250000087e-11,3.828813161e-07,9.298705679e-07,1.500443325e-08,1.349877432e-09,0,0,0,2.280933586e-06
0,1.585715571e-06,1.647668089e-06,1.705759839e-11,2.612774551e-06,3.617184348e-06,2.619825352e-07,7.685380865e-08,2.945481128e-06
8.05999989e-11,3.928602008e-06,8.117958859e-06,2.046729242e-05,8.258137996e-07,0,7.714860999e-07,1.26217941e-07,1.380801791e-06
0.07404188812,0.06376564503,0.006987734651,0.06464876235,0.04983889312,0.06872142106,0.0678171739,0.06616280973,0.06540481001
4.520000019e-08,1.09025785e-07,2.265873598e-07,0,0,1.492497903e-09,3.761375922e-08,4.535103315e-08,5.696974199e-07
0,0,0,0,0,0,0,0,0
0.03672585636,0.03471455382,0.01086507107,0.02737711929,0.03068546765,0.03591656312,0.04776414111,0.0201518219,0.04639220983
0.0004778460134,0.0009456700354,0.0003975158645,0.0006544771022,0.001057939604,0.001294879476,0.0005383782554,0.0006301355315,0.001498210244
0.2795191109,0.2930077861,0.02347666357,0.2667474449,0.3214275241,0.2990230322,0.2624573112,0.2998009324,0.3085904717
0.3587404788,0.3781697104,0.02283255574,0.3600764275,0.3564041853,0.3750691712,0.3794342577,0.377510339,0.4205238819
1.779999911e-05,1.370754954e-06,1.386279836e-06,3.49478637e-06,0,2.425433365e-07,2.120076033e-06,3.73020697e-07,1.994103286e-06
0.3030562103,0.3201246858,0.02004106459,0.3153150082,0.3019894063,0.3420160711,0.3461531103,0.317322731,0.2979517877
1.850000001e-15,2.641131981e-07,6.34109252e-07,2.624740247e-08,1.55830628e-06,1.255057447e-10,0,0,0
0.5669876337,0.520103395,0.01660459949,0.5187128782,0.5312203169,0.5060566664,0.514656961,0.5028691888,0.5471043587
4.959999842e-06,5.256148287e-07,1.237543335e-06,3.050329497e-06,0,0,1.033594756e-07,0,0
0,1.579753587e-06,2.53306872e-06,5.77261244e-06,0,0,3.705787321e-06,1.217583256e-10,0
0,1.369925637e-07,1.852260016e-07,3.19189752e-07,0,0,0,4.185300497e-07,8.423558029e-08
0.2871427238,0.1528788134,0.01352009579,0.144933641,0.1653600037,0.1626983583,0.1293495297,0.1586760134,0.1562553346
4.420000096e-06,0.003259587082,0.001343763682,0.004500812851,0.004923215136,0.002134581096,0.001619831775,0.003804339794,0.00257474184
2.349999932e-06,0.0002376139504,0.0001334049205,0.0001551149762,0.0003746223229,0.0001936113549,0.0001504859538,0.0001163249399,0.0004355241545
6.070000053e-14,6.313804235e-08,1.15944424e-07,0,9.097988851e-08,0,2.878483656e-07,0,0
0.4373111725,0.3882033428,0.01753912845,0.4125874639,0.3695983887,0.3729391396,0.3984973133,0.3764391541,0.399158597
3.580000012e-12,1.689710882e-07,3.098315489e-07,2.072071084e-07,7.795187571e-07,6.310867939e-10,2.646957675e-08,0,0
0.196805656,0.1563185876,0.009817370526,0.1531335115,0.1489612907,0.1550969779,0.161661312,0.1459834427,0.1730749905
0,8.927602227e-07,1.893533021e-06,5.402912393e-07,0,5.368689382e-10,2.824696588e-10,8.143397423e-08,4.734016784e-06
0.006731845904,0.00607700677,0.001984064964,0.00352260191,0.007848745212,0.008635866456,0.004689510912,0.006740001962,0.005025314167
2.87999992e-05,1.656545078e-05,1.985588882e-05,5.946292276e-06,2.540965033e-05,9.89180262e-06,2.366058197e-06,2.614275672e-06,5.316462557e-05
0,6.045756453e-07,8.667995947e-07,3.748617132e-07,0,9.13449071e-07,0,1.11490202e-07,2.227652885e-06
0.35160622,0.4216788312,0.01729413393,0.4122294188,0.4031595588,0.432639569,0.4078223407,0.4488314092,0.4253906906
4.229999831e-06,6.849826301e-06,4.755070617e-06,1.217337103e-05,2.504762051e-06,5.058695933e-07,8.858853107e-06,1.134930244e-05,5.706799584e-06
0.1469134688,0.1505170564,0.0185630568,0.1405045539,0.1626065671,0.1332246512,0.1793904901,0.1324952841,0.1548807919
5.499999816e-07,1.468348338e-06,1.866887692e-06,0,1.185842891e-07,8.623096619e-07,1.195478603e-06,1.560055352e-06,5.073662123e-06
1.42000002e-15,1.870955719e-06,3.73387968e-06,0,5.286470355e-07,9.457166016e-06,2.838207536e-07,9.561005072e-07,0
4.690000139e-07,1.141740418e-07,2.780018661e-07,0,3.408098914e-09,0,6.81636152e-07,0,0
8.340000204e-05,0.0004523647464,0.0001202815697,0.0004965045955,0.000558804255,0.0004002308997,0.0005785560352,0.0004271886428,0.0002529040503
0.001075665001,0.00223283328,0.0006446077534,0.001976243686,0.00274704746,0.001609827159,0.001508524758,0.002430641092,0.003124715528
8.789999707e-14,0,0,0,0,0,0,0,0
8.970000209e-08,1.72078406e-07,4.215042906e-07,1.032470436e-06,0,0,0,0,0
0.007026883774,0.01654350494,0.003223657739,0.01349844784,0.01904759929,0.01262533013,0.01623158343,0.02111833729,0.01673973165
2.950000089e-05,6.392405521e-05,2.507665881e-05,5.407412027e-05,4.832633203e-05,4.512815212e-05,0.0001092997481,7.734018436e-05,4.937579433e-05
0.07976331562,0.09066029638,0.01592023443,0.1196496934,0.08269374818,0.0871470347,0.07530261576,0.09709771723,0.08207096905
0.001673019025,0.001095838389,0.0003334461576,0.001033112057,0.001717323903,0.0009133938001,0.00102768885,0.001142179943,0.0007413317799
3.100000034e-09,2.587468012e-07,3.575974509e-07,0,4.144571264e-08,8.665050473e-07,0,1.21241527e-07,5.232885201e-07
1.890000021e-05,4.752418651e-05,3.428319693e-05,1.795561366e-05,7.331685629e-05,0,6.720821693e-05,8.773845184e-05,3.892598033e-05
0.167691797,0.2229521945,0.01762581203,0.2378647029,0.2206657827,0.1987614334,0.2451586872,0.2078642398,0.227398321
1.919999931e-06,5.626716775e-06,5.676794194e-06,5.70748989e-06,1.589718158e-05,3.151986675e-06,1.733610702e-06,7.270031801e-06,0
0,5.781840512e-07,8.523540257e-07,0,0,1.70394037e-06,0,1.649720502e-06,1.154434344e-07
6.180000156e-08,1.005960367e-08,1.100613899e-08,0,1.145826278e-08,2.99816989e-08,0,1.082195933e-08,8.095700998e-09
5.940000047e-09,2.759587024e-07,3.324025532e-07,5.137633252e-07,0,0,7.870435752e-07,0,3.54945314e-07
0.002423133003,0.00159418222,0.0005366279021,0.002464251127,0.001680332352,0.001812598668,0.001399683068,0.001338140224,0.0008700878825
3.749999866e-09,1.045739963e-07,1.444960135e-07,4.870586778e-08,0,0,0,2.985519814e-07,2.801861285e-07
8.800000173e-10,5.67990897e-07,1.172819186e-06,1.965784158e-08,5.26454258e-08,2.945416327e-06,2.391711362e-08,2.502444363e-10,3.660584298e-07
3.240000126e-07,1.53896996e-06,2.055095392e-06,2.320476142e-06,0,0,5.19595369e-06,1.716132488e-06,1.257440596e-09
0.1343461722,0.1348299074,0.008436830575,0.1356898844,0.1272116899,0.1233207062,0.1468702555,0.1375537664,0.1383331418
0.09177318215,0.1068764515,0.01507191995,0.09850166738,0.1193939,0.1274339706,0.1123606935,0.09117102623,0.0923974514
0.0001067799967,1.675113685e-05,1.717067429e-05,1.572159817e-05,4.765877293e-06,2.283728099e-05,4.808278391e-05,7.097933121e-06,2.001347639e-06
0.4392215312,0.4130630692,0.02151986282,0.4239126146,0.401737541,0.394031018,0.4237087965,0.4453754127,0.3896130323
5.900000133e-08,4.498043187e-06,8.511667044e-06,0,3.653156227e-06,0,2.821879832e-07,1.414753569e-06,2.163816134e-05
0,3.325776509e-06,3.19013468e-06,8.354461897e-06,1.795930075e-06,4.619450465e-06,0,4.190871152e-07,4.7657295e-06
2.050000031e-10,1.888839473e-06,2.354925491e-06,6.669771437e-07,0,6.407117326e-06,2.186411621e-06,1.632318686e-06,4.402120624e-07
3.780000043e-05,2.498498575e-05,1.502776339e-05,2.737194336e-05,3.035616282e-05,3.848072811e-05,3.962514529e-05,1.843692303e-06,1.223224263e-05
1.880000062e-13,1.561526896e-07,2.756320965e-07,0,2.595785418e-07,0,0,6.773375958e-07,0
2.779999972e-12,1.709647055e-06,3.347385041e-06,4.54266047e-09,0,1.71781187e-06,1.3353025e-07,0,8.401997547e-06
5.840000039e-09,1.008865695e-06,8.44244206e-07,1.315569421e-06,0,1.911376557e-06,1.795667345e-06,1.030580847e-06,0
6.570000096e-06,2.133565628e-07,3.295994756e-07,6.622672686e-07,0,3.30203842e-09,6.145700695e-07,0,0
0,1.292020121e-09,3.164790033e-09,0,7.752120723e-09,0,0,0,0
1.64000005e-06,6.023618937e-08,1.47547928e-07,0,0,0,3.614171362e-07,0,0
0,5.816962889e-06,1.38710349e-05,3.412514343e-05,0,5.410505111e-08,0,0,7.225288527e-07
9.719999798e-05,0.0001410794442,7.108363829e-05,0.0001190743351,8.614986291e-05,5.8390302e-05,0.0002016643557,0.0001342493051,0.0002469485044
1.589999954e-07,2.518193905e-06,5.450007633e-06,1.359602993e-05,1.288647354e-06,2.192018655e-07,5.284277904e-09,0,0
0,1.254022489e-05,2.76843709e-05,0,6.88314758e-05,2.066931017e-07,3.721697794e-08,1.380571124e-08,6.152157766e-06
0.0004286610056,0.0004714856574,0.0002203550198,0.0003288731095,0.0002581016452,0.0007203003624,0.0002835795458,0.0007534816395,0.0004845776421
0,1.195266267e-06,1.933678876e-06,6.383357398e-09,3.674085463e-07,0,4.254727912e-07,1.362959324e-06,5.009373581e-06
0,4.638906908e-07,1.105844409e-06,2.7206097e-06,0,0,2.081476241e-10,0,6.252629703e-08
0.0007818309823,0.0006230636839,0.000228378702,0.0008872413309,0.0005867339787,0.000913151307,0.0005509187467,0.0004220100527,0.0003783266875
0.003634432098,0.003202965522,0.0007704644547,0.003068858525,0.002257081214,0.004423943814,0.002631744603,0.003148116171,0.003688048804
6.869999795e-12,3.452524858e-07,4.350158056e-07,9.994844277e-07,7.772916319e-07,0,5.893588195e-08,2.340114946e-07,1.791478521e-09
5.880000026e-05,4.131036314e-05,4.78555589e-05,6.186640803e-06,2.714841867e-05,2.539909701e-06,1.609170613e-05,7.091240695e-05,0.0001249830966
0.0009497309802,0.0004038067976,0.0002099619885,0.0003356422822,0.000476163259,0.0001372156112,0.0007631577901,0.0003022531164,0.0004084087268
0.004390332848,0.005783521725,0.001770308071,0.006984748878,0.003207963891,0.007980049588,0.00437534228,0.005522384308,0.006630641408
1.099999974e-12,2.965056859e-08,5.059261474e-08,2.627608353e-08,1.418133877e-08,0,1.30915268e-07,0,6.530721297e-09
2.920000043e-05,0.0003613137136,0.0001194453631,0.0004089209833,0.0004086775589,0.0002641724132,0.0001664656447,0.0004570042074,0.0004626414739
8.81999992e-15,2.428583775e-07,3.776795518e-07,6.461107915e-08,9.201025932e-07,4.650510164e-07,7.385576151e-09,0,0
0.08763180673,0.05344926442,0.004589480567,0.04806255922,0.05522805452,0.04732542858,0.05831987783,0.0560993813,0.05566028506
5.709999823e-05,4.2069714e-05,7.257736535e-05,0.000187231868,3.228672085e-06,2.214928463e-05,1.767430717e-06,6.757119877e-07,3.736531653e-05
8.539999818e-09,5.378896006e-07,8.390860754e-07,1.412649112e-06,8.969638365e-09,0,0,0,1.805718853e-06
0.003632219974,0.002489071533,0.00117881141,0.002901681466,0.001422059955,0.00464041857,0.001870203298,0.002398184733,0.001701881178
3.890000153e-05,8.048183069e-05,4.692759494e-05,7.506472321e-05,0.0001374535059,7.565287524e-05,2.053664502e-05,0.0001319901494,4.219308539e-05
3.600000014e-07,9.390461434e-06,8.549326602e-06,1.112769132e-05,9.357763133e-07,1.695891854e-07,8.40345092e-06,1.229781537e-05,2.340844549e-05
0,4.514468394e-07,8.024431416e-07,2.052803666e-06,4.266717895e-07,2.148071871e-07,2.35466889e-11,1.437484709e-08,0
0,4.685836266e-06,9.047204348e-06,0,5.520058949e-06,2.259492976e-05,0,2.888557622e-11,0
0.1270705462,0.1466971338,0.01084153489,0.1284821928,0.1574318558,0.1558220834,0.1513414979,0.1407184303,0.1463867426
0.07111074775,0.0566372145,0.01012419726,0.0508264713,0.04739905521,0.05340056494,0.05713181198,0.05494002998,0.07612535357
1.320000015e-17,2.893125431e-07,5.782742171e-07,2.901901155e-07,0,0,1.445685143e-06,0,0
0.02032135986,0.01979494126,0.004286229339,0.01636431366,0.01615304686,0.02599672228,0.02387414873,0.01637727767,0.02000413835
0.003163130954,0.007120940446,0.001915288471,0.005004068371,0.008044030517,0.01003564987,0.00808039587,0.005787645467,0.005773852579
0.1431812644,0.1685530295,0.008851033088,0.1685950458,0.1659227163,0.1749220043,0.1740450263,0.1522748172,0.175558567
0.3944199383,0.3770930618,0.02360176608,0.3582210243,0.3715237677,0.4208406806,0.371111989,0.3838401139,0.3570207953
0.3964755535,0.3664351652,0.0100484743,0.3822420835,0.3691084981,0.3698469698,0.3641180992,0.3610779345,0.352217406
1.440000008e-09,5.947754479e-07,8.84864396e-07,2.273685823e-06,0,0,0,5.263323146e-07,7.686345498e-07
4.820000193e-13,8.886520179e-08,1.854876981e-07,1.626134644e-10,6.985366952e-08,4.631749277e-07,0,0,0
5.790000035e-09,9.054675652e-07,1.486251097e-06,0,4.264025932e-08,1.832383418e-06,3.550272822e-06,0,7.508891287e-09
1.029999957e-11,1.531682874e-07,3.6741881e-07,9.666467279e-12,2.012986888e-09,0,9.030772503e-07,1.390982085e-08,0
9.340000037e-17,2.125393574e-07,3.455150885e-07,0,0,4.72046878e-07,8.031892662e-07,0,0
0.02066451684,0.01375208423,0.002114749223,0.01286209282,0.01540774293,0.01332419738,0.01129449718,0.01253625471,0.01708772033
0.3752885759,0.3686201523,0.01675442796,0.385972023,0.3857403696,0.3447071314,0.3765048385,0.357773751,0.3610228002
0,2.039638237e-06,2.551124323e-06,6.333556485e-06,0,3.820811344e-06,0,4.854133522e-07,1.598048243e-06
0.001741947024,0.001733114186,0.0006124942878,0.002023535781,0.00125711807,0.001124969567,0.002248922363,0.001204868779,0.002539270557
6.129999974e-08,1.152312024e-07,2.789704443e-07,0,0,6.736541991e-09,6.846506722e-07,0,0
3.529999958e-05,2.384338405e-05,3.384060225e-05,9.320665413e-06,9.49844889e-06,2.900638538e-05,5.120930382e-06,1.568883476e-07,8.99569859e-05
0,1.594496636e-07,2.612073431e-07,6.137677815e-07,0,9.070438289e-10,3.420231565e-07,0,0
1.649999958e-15,4.403735261e-07,6.739485161e-07,2.290313432e-07,3.254276635e-07,0,0,1.784441679e-06,3.03340471e-07
1.239999992e-09,5.568843164e-08,1.364082421e-07,0,0,0,0,3.341305899e-07,0
0.2252901345,0.1606080035,0.01010244736,0.1703444272,0.1629459262,0.1602974385,0.1715080142,0.1451346725,0.1534175426
5.449999896e-10,9.987485647e-07,1.632308617e-06,4.216861271e-06,0,6.574668419e-07,7.543760461e-08,0,1.042725671e-06
0,1.148885336e-06,2.428921266e-06,7.315647963e-07,7.858741213e-08,6.684619525e-09,0,3.873194654e-09,6.072601991e-06
0.0534700565,0.08355392019,0.007967576492,0.08823116124,0.07054279745,0.09364371747,0.08149650693,0.08052952588,0.08687981218
0,1.481730839e-06,3.347106945e-06,0,7.135847824e-08,5.174239277e-07,3.876360344e-11,0,8.301563867e-06
0.009914970025,0.02463571479,0.003501080509,0.02818845212,0.02060255967,0.02133115567,0.02296578325,0.02874388359,0.02598245442
0.0006426100153,0.002518301946,0.0005933065186,0.002688048407,0.002429824322,0.003558549099,0.002250450896,0.002411774592,0.00177116436
1.120000035e-12,4.286723528e-07,5.959851103e-07,0,1.467263587e-06,2.046329634e-10,8.282037811e-07,1.100813591e-07,1.662807563e-07
0.141492188,0.1177669975,0.02638663721,0.1203994229,0.1162422001,0.1140131354,0.1289556921,0.154092893,0.07289864123
1.880000013e-07,7.038636649e-07,9.405672082e-07,1.784000148e-07,2.257128472e-06,4.885716831e-11,1.473309453e-06,0,3.142951925e-07
0.002713446971,0.001247113415,0.0004588758147,0.0007663458819,0.001510948176,0.0007134480402,0.001701165456,0.00106587389,0.001724899048
0,1.156958964e-06,1.675945277e-06,0,2.225064918e-06,4.090510174e-06,0,6.261786893e-07,0
0.02834926173,0.03944262366,0.003890043262,0.0432789661,0.04107754678,0.03338829055,0.03725140914,0.03828349337,0.04337603599
2.760000086e-07,1.22510036e-07,2.970197533e-07,0,0,0,0,6.28285024e-09,7.287773656e-07
2.040000079e-14,1.517743649e-07,2.108878586e-07,0,0,3.587138642e-10,9.516293886e-08,3.092996792e-07,5.058248576e-07
3.010000027e-09,7.087088863e-07,1.078137964e-06,3.677563083e-13,4.490561025e-07,9.997388588e-07,2.760901452e-06,4.255653607e-08,0
0,6.913587052e-08,9.603803853e-08,7.622400489e-08,2.533815007e-07,5.886234278e-10,0,6.682728326e-08,1.779381087e-08
0.0003985899966,0.0005284313665,0.0002074860229,0.0007622647099,0.0006497084396,0.0005048006424,0.0006857626722,0.000260718778,0.0003073329572
1.249999968e-06,5.026723798e-06,7.753930649e-06,3.895325733e-07,2.017056977e-05,0,1.944149517e-06,6.291144473e-06,1.364946456e-06
0.0005069579929,0.0005287812843,0.0002486675328,0.0007952898741,0.0003924499615,0.000196882771,0.0005841340753,0.0008206344792,0.0003832965449
0.0046699089,0.005009180556,0.0006341149974,0.004506081343,0.004881620407,0.005382164847,0.006048981566,0.00494596269,0.004290272482
0.04611543939,0.05417821494,0.005876719113,0.04605044797,0.05894720927,0.05839060619,0.06021506339,0.0524575375,0.04900842533
4.059999992e-05,0.000367931927,0.0001606808139,0.0003739542735,0.0003321365512,0.0002295803861,0.0001719272259,0.0005942683783,0.0005057247472
3.999999899e-05,0.0002295923174,0.0001725470761,0.000156920476,0.0002025751601,0.0004836596199,1.953817991e-05,0.000385157502,0.0001297029667
0,8.625526426e-07,1.203796479e-06,1.039065793e-07,3.474980588e-07,6.144607028e-07,3.22875826e-06,0,8.806922551e-07
4.220000136e-14,4.031261141e-06,7.087878394e-06,1.096067148e-08,1.915397206e-06,3.472222261e-06,5.478872822e-07,1.825286255e-09,1.823927414e-05
1.219999945e-06,4.916324945e-06,7.359684486e-06,9.651155324e-07,1.182977394e-05,4.628900319e-10,0,1.207790348e-07,1.658181827e-05
0.0001482160005,2.026756799e-05,1.543423865e-05,1.44951573e-05,7.150652891e-06,3.487435606e-06,2.805132863e-05,4.549621735e-05,2.292461613e-05
0.005102275871,0.00525401098,0.001189210818,0.006424172781,0.005299547687,0.004954578355,0.006131906062,0.003086125012,0.005627735984
3.569999899e-05,2.220920722e-05,1.768170713e-05,2.176986982e-06,4.148012522e-05,4.463653386e-05,1.000407701e-05,2.432898873e-05,1.062853153e-05
1.140000023e-07,1.880346924e-06,3.041150571e-06,0,1.363306751e-06,1.942954384e-07,1.839153015e-06,0,7.88532634e-06
0,3.280837907e-07,3.758910435e-07,7.985845514e-07,4.620513039e-07,0,7.078668887e-07,0,0
0.1123362035,0.06699315707,0.01426480452,0.05173714086,0.08068109304,0.04886661097,0.06578285247,0.07250735164,0.08238389343
0.0002600190055,0.0001169213156,7.335151077e-05,4.828737656e-05,0.0001277313859,6.626137474e-05,0.0001056883484,0.0002549336641,9.86257437e-05
6.839999843e-15,6.175524649e-07,7.873072775e-07,6.187311783e-07,2.271293198e-08,2.024857849e-06,9.270274859e-08,0,9.46310081e-07
0.02812992968,0.007006928092,0.001738101069,0.004687255714,0.006052654237,0.006457607727,0.007339983713,0.007677325979,0.009826741181
0.0004228450125,0.002593273491,0.0005005616745,0.003599286545,0.002558401087,0.002398823621,0.002326217713,0.002354859374,0.002322052605
2.610000047e-05,7.024575931e-05,3.729401664e-05,7.617329538e-05,1.222173796e-05,4.338337021e-05,9.137598681e-05,8.029019955e-05,0.000118029966
0.1277487576,0.08982924496,0.01130283827,0.08352754265,0.07376880944,0.08911575377,0.08766156435,0.09950968623,0.1053921133
1.649999945e-06,3.644639061e-05,5.179655448e-05,6.291560567e-06,1.078247465e-06,0.0001216336022,5.609504115e-06,3.406251381e-06,8.065917791e-05
0.002026553033,0.002064633241,0.001177345408,0.001684917836,0.001691779238,0.001532952185,0.00159991812,0.001419342705,0.004458889365
2.410000093e-07,7.320273868e-07,1.334996021e-06,2.572901669e-09,0,3.38010841e-06,1.632718778e-07,2.534771149e-08,8.208634199e-07
2.719999941e-07,2.27140525e-07,3.063311132e-07,5.867026971e-07,3.057696096e-09,6.287518062e-09,6.48439368e-07,1.183558709e-07,0
0.003394786967,0.0008459072657,0.0004944150374,0.0005286408123,0.001584465965,0.0004249310005,0.001248738845,0.0003656347981,0.0009230321739
0.004153181799,0.002006616385,0.0009231758994,0.001100517577,0.002717095893,0.001096035587,0.002761652693,0.00132354314,0.003040853422
4.889999872e-08,4.510300491e-06,8.284259582e-06,0,7.944351665e-08,3.744622973e-06,1.458594966e-06,5.968516348e-07,2.118228986e-05
1.429999998e-06,7.716578457e-06,8.307108452e-06,2.628212314e-08,1.451918433e-05,6.404954433e-07,1.897572838e-05,1.142402743e-05,7.137530247e-07
3.119999974e-07,1.204508225e-06,2.379506451e-06,6.085701898e-07,1.212734873e-07,0,0,4.62621017e-07,6.034584658e-06
4.199999903e-09,7.774849565e-07,5.897222811e-07,2.197318327e-09,1.415912266e-06,1.095251378e-06,1.161129603e-06,8.968835914e-07,9.353558283e-08
5.74000012e-07,7.014412896e-07,1.273681194e-06,0,0,0,0,1.053828669e-06,3.154819069e-06
0.02347357571,0.02646185209,0.0004503585266,0.02562757581,0.0268393755,0.02686933614,0.02655439079,0.02644411474,0.02643631957
2.519999996e-13,8.810629737e-07,2.084669409e-06,1.518068586e-07,0,0,5.134570984e-06,0,0
0.0001656389941,0.0001375635075,8.981253429e-05,8.556009561e-05,0.0001276408875,0.0001330656378,9.103818593e-05,0.0003143814683,7.369476953e-05
0.01442972664,0.01861326443,0.004437810794,0.02123673446,0.01764550805,0.02019638382,0.02434659004,0.01686803997,0.01138633024
0,3.468448397e-06,4.661187762e-06,1.945950089e-06,6.18306828e-08,1.253235587e-05,2.745564188e-06,3.524989552e-06,0
0.06314464658,0.03303495608,0.009205727746,0.02358483709,0.03468504176,0.04015383497,0.03756418824,0.01986139826,0.04236043617
2.720000006e-12,1.191103331e-07,2.550483911e-07,7.894034582e-08,0,0,6.357204256e-07,0,1.226940424e-12
0.008085281588,0.009753842993,0.00199696803,0.01273870561,0.01081733592,0.007678012364,0.01078781858,0.008275926113,0.008225259371
0.03275377676,0.03041680716,0.004170661395,0.03181470931,0.03609168902,0.03241255879,0.02677914128,0.02447252907,0.03093021549
3.580000012e-12,7.742780691e-08,8.649541341e-08,5.198227182e-09,0,1.09702448e-07,1.84393727e-07,0,1.652724393e-07
0,1.626941729e-10,3.985177078e-10,9.761650377e-10,0,0,0,0,0
0.2037073821,0.2229567319,0.01213357139,0.2279317975,0.2126846164,0.2252037972,0.2405335605,0.2060408145,0.2253458053
2.389999976e-09,2.172145485e-07,5.319421639e-07,0,0,2.503666718e-10,0,1.303036925e-06,0
6.410000308e-11,9.756813242e-07,9.190947108e-07,1.920729574e-06,3.405281745e-07,0,1.476169246e-06,1.33388383e-07,1.983272568e-06
0.002837166889,0.0014930464,0.0005242032206,0.001859430922,0.001248089713,0.0007177746738,0.0018776285,0.002071807394,0.001183547196
0,6.529941032e-08,1.387924974e-07,3.472042351e-07,3.563497231e-08,0,0,0,8.957254494e-09
0.0001285210019,6.776268431e-05,2.63221547e-05,3.504312917e-05,4.531528248e-05,8.548841288e-05,5.497224993e-05,0.0001015508096,8.42062218e-05
3.599999943e-08,4.983649906e-06,1.151203723e-05,2.845268682e-05,0,0,0,0,1.449212618e-06
0.0001088639983,0.0001247717798,0.0001147366786,8.201697347e-05,0.0001873080037,5.818466525e-05,9.225509712e-05,0.0003248177818,4.048157734e-06
0.09388703108,0.08359565089,0.01531884456,0.08565787226,0.08032898605,0.08079171181,0.1119204089,0.06630842388,0.07656650245
1.989999987e-07,1.583248245e-06,3.149504235e-06,0,6.425317451e-07,0,9.177654903e-08,7.908316775e-07,7.974349501e-06
0,6.346448933e-07,1.212278262e-06,4.240694462e-09,6.536745332e-07,9.573336257e-08,0,0,3.05422077e-06
6.9500002e-14,5.364018281e-08,6.505710236e-08,9.72333325e-08,4.820798694e-08,1.626612089e-07,0,0,1.373856851e-08
2.129999999e-08,1.932637801e-07,2.682257733e-07,6.415813232e-07,0,1.210851934e-07,0,0,3.969161639e-07
0,2.891745133e-07,7.05758405e-07,1.729792757e-06,0,4.777691021e-10,0,0,4.776553819e-09
1.890000021e-06,8.729053719e-07,1.491973856e-06,1.612216579e-06,0,3.619731388e-06,2.651987074e-09,2.83227819e-09,0
0.569111526,0.4423282544,0.03306989982,0.4638511539,0.4233455956,0.3932811022,0.4596371949,0.4844320714,0.4294224083
0.09501606226,0.09022731334,0.01153998634,0.08309085667,0.09008548409,0.1029689685,0.09842853993,0.09547675401,0.07131327689
3.659999948e-07,3.574972897e-06,7.660722276e-06,1.915431858e-05,3.987002231e-07,7.289712237e-12,1.33296524e-07,1.680824724e-08,1.746706516e-06
0,2.421930565e-07,3.43768943e-07,0,6.87679913e-10,5.789650004e-07,8.128444051e-08,7.750663826e-07,1.715483577e-08
2.320000021e-06,2.11922467e-06,3.929680925e-06,0,0,9.772245903e-06,0,0,2.943102118e-06
9.489999684e-06,0.0001215221208,0.000122150972,6.413488882e-05,0.0001126119969,8.824087854e-05,0.0003602412762,9.352762572e-05,1.037605853e-05
0.0002800690127,0.002363655561,0.0006027138903,0.002961644437,0.001940315589,0.002964004641,0.001817348995,0.001704106689,0.002794513013
0.02050574496,0.0175678997,0.005099852974,0.01701231115,0.01552310586,0.01808037236,0.02497266233,0.0202163104,0.009602636099
4.569999934e-10,1.729832962e-06,3.628016275e-06,9.056322597e-06,0,2.146448817e-12,0,1.322673029e-06,0
0.1107970178,0.07839295889,0.008157347263,0.0636285916,0.07726290822,0.08725979924,0.07744623721,0.08341358602,0.08134663105
0.0003993879945,0.001206160853,0.0004063490548,0.0008367314003,0.001840913203,0.001021081582,0.001549348002,0.0008452299517,0.001143660978
1.220000013e-05,0.000144507361,0.0001076442378,0.0002276462037,0.0001001158962,1.673749466e-05,0.0003157076717,0.000108025939,9.881096048e-05
5.070000043e-05,0.0001412789303,5.434916676e-05,6.909652438e-05,8.391447773e-05,0.0001544512779,0.0001477351034,0.0001986841235,0.0001937920752
1.95999994e-10,4.052470654e-07,6.487441792e-07,0,1.474261126e-06,9.57209636e-07,0,1.163049518e-11,0
2.830000012e-09,7.988558082e-08,1.956789108e-07,0,0,0,0,4.793134849e-07,0
7.839999853e-06,0.0005125208336,0.0001942937416,0.0003660426883,0.0007143989205,0.0004996458883,0.0002202333271,0.0005675763241,0.0007072278531
3.299999918e-08,4.075387324e-06,8.584790567e-06,2.14236552e-05,0,0,0,0,3.028668743e-06
6.160000225e-07,1.20692771e-06,1.116197854e-06,5.159079564e-08,1.521017225e-06,7.535115856e-07,2.408771252e-06,2.506675401e-06,0
1.27000003e-05,6.499751545e-06,5.080061974e-06,1.386759141e-05,7.102905784e-06,1.022289098e-06,7.524185548e-06,9.050419976e-06,4.311174564e-07
0,1.254106419e-06,1.740598676e-06,6.371328709e-07,7.944077396e-09,1.424897732e-06,4.634175184e-06,8.204886512e-07,0
0.03592498973,0.07123604417,0.004913775501,0.07935404032,0.06917340308,0.06919433177,0.0722964108,0.06467387825,0.07272420079
1.840000015e-14,3.25967806e-06,5.116438712e-06,1.25286133e-05,0,0,9.681302799e-07,2.917783029e-11,6.061295608e-06
5.379999857e-05,5.400036207e-05,4.770916861e-05,2.299943299e-05,2.488432438e-05,0.0001450093841,2.544985546e-05,3.747531082e-05,6.818386464e-05
3.739999954e-08,2.224890092e-06,3.113943861e-06,2.022749968e-08,5.481105347e-09,6.965224202e-06,5.3534377e-06,0,1.004970045e-06
1.679999968e-06,4.454397443e-06,3.770469103e-06,4.979292953e-06,1.893979089e-07,0,5.234222954e-06,9.691107152e-06,6.632363693e-06
5.079999754e-10,4.31172907e-08,6.667929723e-08,1.332835069e-07,1.249822503e-07,0,0,4.379869523e-10,0
0.0004195120127,0.001681434126,0.0004909004289,0.001526444685,0.002449922962,0.001816600328,0.001778596663,0.001578595256,0.000938444864
0.0006353710196,0.0004332395438,0.0002374882744,0.0005322654615,0.0001756317652,0.000506736571,0.0006151066627,0.0006700453814,9.96514209e-05
0,3.72699463e-07,7.747099682e-07,1.942143626e-06,0,4.917076524e-08,0,2.448823864e-07,0
2.490000028e-08,2.16450514e-06,2.603545482e-06,0,6.229844075e-06,2.882061835e-06,3.858136097e-06,0,1.698883167e-08
0.01061216369,0.01310792767,0.001350655721,0.01426753495,0.01221562549,0.01302938629,0.01411193144,0.01413248852,0.01089059934
0.002753369976,0.004233654317,0.001711080623,0.007584092673,0.004138357006,0.004060697742,0.003212512936,0.0035255244,0.002880741144
4.199999903e-09,9.47264745e-07,1.811562431e-06,0,4.542840998e-06,0,1.072709551e-06,6.741436209e-08,6.235586492e-10
9.679999857e-13,1.119771412e-06,2.736711041e-06,0,7.147057685e-12,1.118382187e-08,1.385182191e-09,6.706052318e-06,0
9.939999757e-08,2.590281194e-07,4.274990078e-07,2.471901128e-09,4.400029923e-07,5.344762499e-08,1.058246198e-06,0,0
0.05035075918,0.06825752494,0.005537462442,0.07467401773,0.06898993999,0.0614050366,0.06835638732,0.0623781085,0.07374165952
0.0143918572,0.03169681846,0.004982139107,0.0261432156,0.03415671363,0.03980859369,0.03058624454,0.03224771097,0.02723843232
0,2.25491353e-07,4.038377225e-07,0,0,9.968397308e-07,3.561083872e-07,0,0
2.160000016e-13,6.770031291e-08,1.658312221e-07,0,0,4.062018775e-07,0,0,0
1.029999957e-11,3.634721072e-07,7.51740043e-07,0,3.027472246e-07,1.877919431e-06,0,1.659877791e-10,0
5.410000085e-05,2.912357009e-05,2.88665558e-05,3.481692374e-06,3.56317878e-06,2.150874025e-05,1.64833109e-05,7.136039494e-05,5.834410331e-05
2.320000014e-08,2.267904665e-05,1.791061839e-05,4.119901496e-05,9.479798791e-06,1.846272244e-05,2.077991121e-05,4.615283251e-05,0
3.740000011e-06,1.32130922e-06,1.436381054e-06,0,2.414289838e-06,2.876620556e-06,0,2.585480843e-06,5.1464081e-08
0.3150372207,0.3562442064,0.02047277328,0.3320887089,0.3644919693,0.3461512923,0.3899872601,0.3616930246,0.3430529833
2.969999969e-06,1.882770496e-06,3.382934334e-06,1.720979412e-06,9.345935155e-07,7.412429004e-10,8.640308806e-06,0,0
0.4428091943,0.3493953496,0.0184941142,0.3535429835,0.355053395,0.3250803053,0.3389006853,0.343911469,0.3798832595
2.12000009e-06,2.307377846e-06,2.570746982e-06,9.655058193e-07,0,4.076231562e-06,6.705608939e-06,1.419984642e-06,6.769361107e-07
1.36999995e-06,0.0001421828098,7.702492908e-05,7.142164395e-05,5.652985783e-05,0.0001187970411,0.000249071134,0.0002153167297,0.0001419604523
6.690000116e-13,5.626140438e-07,9.309493109e-07,9.440735693e-11,6.698853383e-08,0,2.268561047e-06,1.040040274e-06,0
0.06583770365,0.08435284098,0.007637267313,0.07608860731,0.0857745558,0.08824119717,0.09568118304,0.07553939521,0.08479210734
0.07285431027,0.06580051407,0.01093897002,0.05675100163,0.05432039872,0.06152782589,0.0844078213,0.06958423555,0.06821180135
1.330000032e-05,0.002346344098,0.001093303965,0.004356986377,0.002415269148,0.001941797673,0.001578895026,0.002510884777,0.001274231588
5.389999842e-07,1.860161164e-05,3.813988113e-05,9.607814718e-05,3.93497703e-06,0,8.887056424e-07,6.232081091e-07,1.008463187e-05
8.490000027e-07,1.082282959e-06,1.454112911e-06,3.973002094e-06,2.474900782e-07,1.141119583e-06,2.680984608e-07,4.910501161e-07,3.729374214e-07
0.000989431981,0.0009619921135,0.0002819199415,0.001317853923,0.000579872285,0.0008728561224,0.001273915754,0.0008540436393,0.0008734109579
0.001890002983,0.002298942525,0.001538389986,0.00452866219,0.001168518444,0.002296885476,0.001146878465,0.0008677683654,0.003784942208
0.0001282519952,0.0001259278424,0.0001018057546,8.204621554e-05,0.0002106624015,6.81786878e-06,0.0002401465608,0.0001940771181,2.181688978e-05
3.640000068e-05,0.001795163417,0.0005893947418,0.00159944233,0.002613001037,0.001654597814,0.001395983156,0.002404850442,0.001103105722
1.009999983e-11,2.348842142e-07,4.926609366e-07,0,1.232610657e-06,1.579737727e-07,0,1.765430291e-08,1.066552291e-09
3.629999981e-07,7.425611161e-06,1.207713333e-05,2.64074167e-08,1.516207135e-06,0,3.036572343e-05,1.040854158e-06,1.160447482e-05
4.789999952e-09,6.020670824e-07,6.97749589e-07,4.458448757e-07,1.445562589e-06,0,2.124850624e-07,1.508509968e-06,0
1.150000003e-06,1.488791692e-05,1.269945544e-05,1.805306783e-05,2.069072707e-06,2.997038064e-05,1.786570579e-06,8.637587598e-06,2.881082219e-05
0.0005062060081,0.001248078886,0.0006372864051,0.0007873016875,0.002256777603,0.00137750979,0.0006714212941,0.001670238096,0.000725224847
7.350000053e-10,1.51402863e-07,3.708597599e-07,0,0,0,0,0,9.084171779e-07
7.119999902e-12,3.126147191e-07,5.845734739e-07,4.122667008e-07,0,1.45773879e-06,5.682823545e-09,0,0
1.220000012e-08,6.410065704e-08,8.734885763e-08,2.172013609e-07,1.021592366e-09,0,5.332673325e-08,0,1.130542557e-07
9.2599997e-08,8.459784872e-07,7.944833017e-07,7.958514914e-08,1.68287329e-06,1.601692816e-06,3.118085203e-07,1.396080506e-06,3.830642026e-09
0.0001482109947,0.0006726218853,0.0002618271274,0.0008582578739,0.0005354046007,0.0003996783635,0.0004081319785,0.000804308278,0.001029950217
0.002778918948,0.00431264479,0.001361131531,0.006470997818,0.002565177158,0.004783526994,0.004267942626,0.004593110178,0.003195113968
1.24000003e-11,6.481564642e-07,6.914534037e-07,1.086271027e-06,0,0,1.482159291e-06,8.469900337e-08,1.235809464e-06
0,9.489877798e-08,1.783105758e-07,2.565849533e-09,2.881200878e-08,8.537558216e-08,0,0,4.526392274e-07
0.0164245721,0.02106901755,0.004678086702,0.02094431594,0.02685000561,0.02163898759,0.02149320208,0.02290945873,0.01257813536
0,7.133077287e-07,1.041781122e-06,1.423043045e-06,9.164553916e-08,2.527761808e-06,0,2.373959802e-07,0
0.1499015838,0.1494341816,0.009859491158,0.1574387103,0.1428013593,0.1591544747,0.1363253891,0.1578460485,0.1430391073
0.7718072534,0.7114290893,0.01953317433,0.7174425125,0.7101668119,0.6732267141,0.7255463004,0.7245854139,0.7176067829
9.329999557e-06,6.019713301e-06,7.059194447e-06,0,1.918300586e-05,3.446780966e-06,8.940600082e-07,4.479856671e-06,8.114576303e-06
1.13e-11,2.223752622e-07,5.156026418e-07,2.681035305e-08,3.302950446e-08,0,1.274411716e-06,0,0
2.410000022e-08,2.001686739e-06,4.338212298e-06,4.738176074e-07,0,5.816102657e-07,0,1.11924102e-07,1.084276846e-05
0.05022130162,0.08052756141,0.00714688914,0.08881360292,0.07410760969,0.07375556231,0.07533665746,0.08227918297,0.08887275308
0,4.821778366e-06,1.120632318e-05,8.94516063e-07,3.39130338e-07,2.76855626e-05,0,0,1.146119732e-08
1.78999997e-08,1.02189572e-08,2.453120625e-08,1.027702146e-09,0,0,0,6.028604105e-08,0
7.579999988e-07,1.566425535e-05,1.752471151e-05,1.916065594e-05,3.121277814e-07,0,3.296328578e-05,3.935974746e-05,2.189715133e-06
5.299999805e-13,6.336832428e-07,8.780140489e-07,0,2.327978336e-06,4.793168387e-07,2.526323328e-07,7.421719488e-07,0
0,2.998990624e-07,4.706680302e-07,1.019095293e-06,0,0,7.802073014e-07,9.177934801e-11,0
4.030000156e-08,3.774833445e-06,7.83846188e-06,1.616742566e-06,5.027525276e-07,1.973100188e-05,7.849305916e-08,7.200106324e-07,0
0.1377641559,0.1585536475,0.01629713948,0.1836300343,0.1541613787,0.1711988598,0.1558019966,0.1480027586,0.1385268569
0.01194707956,0.02522551424,0.005547656582,0.0321337916,0.02062912099,0.01725607179,0.02801777236,0.02446526103,0.02885106765
0,1.366126703e-06,2.317536628e-06,0,5.999573204e-06,2.084338888e-07,0,1.130023747e-06,8.587293792e-07
0,4.027006674e-07,9.848665846e-07,0,0,3.154489336e-09,2.413049515e-06,0,0
0.005979273934,0.02777285098,0.002286829171,0.02891630866,0.02751652151,0.02749774791,0.02357446216,0.02899964713,0.0301324185
1.359999987e-05,3.002409862e-05,3.979846407e-05,1.766301648e-05,1.248692661e-05,3.224656029e-05,5.830035661e-06,3.405686812e-06,0.0001085123658
0.003149570897,0.004661025169,0.001550839778,0.003370183287,0.003545934567,0.004973297473,0.006982192397,0.005889771041,0.003204772249
8.569999821e-09,1.510402387e-07,2.558080612e-07,1.123895217e-07,0,0,1.35836018e-07,0,6.580158924e-07
0.0001688909979,0.0004285173272,0.0001848334833,0.00035653339,0.0002262232447,0.0002691720438,0.0006087647052,0.0006869868957,0.000423423684
0.009864257649,0.0100389272,0.001964589447,0.006538146175,0.009882871993,0.01083625387,0.009975110181,0.01047455054,0.01252663042
0.0004533120082,0.0003449583892,0.000154755707,0.0004849141696,0.0002670280228,0.000306648988,0.0003451352241,0.0001181482803,0.0005478756502
8.589999876e-16,9.442789313e-08,1.972849817e-07,6.792730289e-08,0,4.934219646e-07,0,0,5.218091292e-09
7.130000085e-06,2.018221353e-05,2.199629252e-05,1.141229677e-05,6.233797467e-05,1.043815203e-07,2.394119474e-05,1.27151061e-05,1.058232738e-05
0,3.924706382e-08,8.702863494e-08,0,3.141436444e-09,1.543591033e-08,4.250324259e-10,2.164800037e-07,0
0.0007468180265,0.0008215874113,0.0003602874013,0.001192988828,0.0003373825748,0.0006153910654,0.0005634506815,0.00108839618,0.001131915138
6.899999872e-17,4.718448047e-06,7.695206682e-06,0,0,2.601882443e-06,2.350630801e-08,6.022609796e-06,1.966268974e-05
4.619999891e-05,0.0001044011456,6.336670729e-05,0.0001017536924,0.0001547645661,0.0001193790449,9.505130038e-06,0.0001828926615,5.811177834e-05
4.970000229e-16,2.247379725e-07,3.458399051e-07,6.531847134e-07,0,0,6.887501058e-07,0,6.493015903e-09
1.739999962e-15,9.981209823e-09,1.276914808e-08,5.683939985e-09,1.049069789e-10,0,2.096103913e-08,3.057363074e-08,2.563742107e-09
0.0008757809992,0.000541816873,0.000160765514,0.0005867101718,0.0006508430815,0.0004640660773,0.0007835637662,0.0003951821709,0.0003705359704
4.179999991e-08,7.976749738e-07,1.727581043e-06,2.489786652e-07,4.316204468e-06,0,0,0,2.208667098e-07
5.769999916e-05,6.708765788e-05,5.452229497e-05,0.0001053303349,7.005633051e-07,6.156659219e-05,1.228851943e-05,0.0001433139696,7.932596782e-05
0,2.05284986e-08,5.028434677e-08,1.231709916e-07,0,0,0,0,0
1.229999991e-09,8.89108462e-07,1.474471226e-06,8.219553926e-10,1.484110473e-10,0,1.833372721e-06,0,3.500307685e-06
0.1795319915,0.15489992,0.007352903569,0.1562401503,0.1482976079,0.1566113383,0.1608438641,0.163290143,0.1441164166
4.959999946e-16,1.820308588e-07,3.047649348e-07,5.347430054e-09,3.043634234e-10,7.34203411e-07,3.523299483e-07,0,0
1.489999964e-11,7.014937372e-07,1.220630855e-06,0,2.983280638e-06,0,0,0,1.225681785e-06
0.7070435882,0.7359327972,0.02244601632,0.7330997586,0.7227746844,0.7478557825,0.775500536,0.7179794908,0.7183865309
8.600000001e-07,1.23282958e-06,1.818118754e-06,0,3.62463129e-06,2.439578566e-07,0,0,3.528388334e-06
0.0002131719957,0.0004581585587,0.0003638659694,0.0003133287828,0.001064916956,0.0004229661427,0.0001377972803,0.0006907447241,0.0001191974661
3.379999891e-10,2.849696079e-06,5.925340534e-06,1.479810362e-05,2.299790822e-06,0,0,2.820335909e-10,0
2.320000021e-05,2.164198137e-06,2.489245442e-06,1.140786949e-07,3.986656338e-06,2.114124072e-06,6.194932666e-06,0,5.753970527e-07
0,2.907252104e-07,6.563879443e-07,8.151537401e-08,1.629004259e-06,0,0,3.241794033e-08,1.413688389e-09
7.630000283e-14,3.787778387e-09,9.278124307e-09,0,0,0,0,2.272667032e-08,0
0,3.001477394e-06,3.545207309e-06,0,1.722730032e-13,7.715298125e-06,2.320651404e-08,3.613804211e-06,6.656555342e-06
2.219999942e-06,3.286225696e-06,3.308147971e-06,3.514144737e-06,7.661838026e-06,0,1.080523134e-06,6.109484616e-07,6.849899819e-06
0.0005921190022,0.0005814184939,0.0001561494029,0.0007351912209,0.0005710179103,0.0006669945433,0.0004058247723,0.0003835992247,0.000725883292
3.01e-06,3.776501879e-07,9.009559691e-07,2.216543635e-06,1.948307649e-08,0,0,1.933584681e-10,2.968105761e-08
4.049999916e-06,9.418030542e-07,2.243711783e-06,6.271084629e-08,2.213861094e-09,5.521328148e-06,0,0,6.456546942e-08
1.019999996e-08,4.851172453e-07,7.838134782e-07,1.956863343e-06,0,0,0,7.928557011e-07,1.609844276e-07
4.029999889e-09,1.04079076e-07,1.4351216e-07,5.542744574e-08,3.118238823e-08,0,1.707495585e-07,3.671150637e-07,0
0.0001653399959,0.0002651485302,0.0001360025152,0.0003676392662,0.000423079473,0.0003625308455,9.364081052e-05,0.0001521821832,0.0001918186026
0.01594559662,0.01057796925,0.001359964955,0.008239692077,0.01091590431,0.01169651467,0.01019094978,0.01206675079,0.0103580039
0.03033328056,0.04227593293,0.004775159279,0.04135884717,0.04591994733,0.03938484564,0.0382969752,0.03855449334,0.05014048889
0.0326834023,0.03074797677,0.002773504324,0.02867364883,0.02793652751,0.02972464636,0.03028563596,0.03546600416,0.03240139782
8.309999824e-13,1.365436049e-06,2.978033547e-06,7.438764442e-06,2.150192842e-07,3.099913783e-07,2.288411878e-07,0,0
2.659999998e-09,8.946566314e-07,1.448930945e-06,1.915254188e-06,4.248564878e-08,0,0,3.410199952e-06,0
0.01033897791,0.004709051709,0.001658477299,0.005417129491,0.006791477557,0.001901636948,0.005542252213,0.004355213139,0.004246600904
1.189999992e-07,4.079369376e-06,7.141386298e-06,0,1.374181693e-06,1.846466694e-05,0,1.52507539e-06,3.112292234e-06
0,4.364181431e-07,6.280290854e-07,5.227732913e-07,4.797473139e-07,0,0,1.615988253e-06,0
4.210000043e-05,0.0001187317005,3.902079797e-05,0.000184798555,0.0001209451584,8.244937635e-05,0.0001397681772,9.846415196e-05,8.596478438e-05
4.769999862e-08,2.760569781e-08,3.230865414e-08,3.891711842e-09,0,4.383870333e-08,8.021360287e-08,7.332206673e-13,3.768943557e-08
0,1.551366223e-07,2.755209296e-07,5.75174397e-09,0,6.85564487e-07,0,2.321137345e-07,7.389768353e-09
3.199999987e-11,2.054889053e-08,5.032687738e-08,1.26156802e-11,1.232781983e-07,0,0,0,2.529189965e-12
1.89999998e-08,5.178032959e-07,6.479469716e-07,1.653623258e-06,0,0,1.810346646e-07,8.92456228e-07,3.797056252e-07
7.160000148e-09,9.167508684e-07,2.024825872e-06,1.40850716e-07,2.708685827e-07,5.044504178e-06,4.428173384e-08,0,0
4.250000091e-12,4.276095695e-06,6.141374184e-06,2.554168255e-08,0,6.013978236e-06,1.191648153e-06,2.468967295e-06,1.59564388e-05
0.9154092073,0.9282734593,0.02356033736,0.9149813056,0.9663412571,0.9293122888,0.894888401,0.933688283,0.9304292202
4.980000085e-06,1.702971755e-06,2.19411761e-06,5.0472363e-06,1.158747196e-07,0,0,1.260805107e-06,3.793914402e-06
0.006518181879,0.006113614421,0.0007458085738,0.005999440327,0.006958166603,0.006019921042,0.006861616857,0.005935023073,0.004907518625
1.98999997e-10,7.829821698e-07,1.032897114e-06,6.406900184e-07,0,0,0,1.597430469e-06,2.459772531e-06
0.3077859581,0.2683158567,0.01144351988,0.2592223883,0.2685091794,0.2842673659,0.262362808,0.2796315551,0.2559018433
0.06309520453,0.06783206513,0.0068692285,0.06413289905,0.06245774403,0.05918996409,0.07584116608,0.07075855136,0.07461206615
2.470000073e-11,3.408444324e-07,5.997910706e-07,0,5.727291637e-07,0,0,0,1.472337431e-06
0,1.649863979e-08,2.468947327e-08,0,6.362594007e-08,1.961265106e-08,1.57532476e-08,0,0
0.01229457557,0.006676461936,0.001692535986,0.004718529992,0.008932721801,0.005013859831,0.007223417051,0.00808556471,0.006084678229
1.599999996e-05,0.0005164550433,0.0002186113649,0.0006463699974,0.0004508254933,0.000803248724,0.0006171845016,0.0003985021322,0.0001825994113
0,6.04095559e-07,1.23967053e-06,0,5.92412297e-09,3.12252223e-06,0,2.59302027e-07,2.368249739e-07
0.0001553460024,0.0006579502272,0.0002332042227,0.0004047616385,0.0003902811441,0.0008492581546,0.000957208802,0.000603970373,0.0007422212511
0.001017212984,0.00140588003,0.0008167024716,0.000654960284,0.002551893704,0.0007134766201,0.001816726406,0.001982800895,0.0007154222694
0.124062255,0.09532843033,0.006979843616,0.09254804254,0.08426313102,0.09870258719,0.09359968454,0.1049373299,0.09791980684
1.010000026e-12,4.009075572e-07,4.748034554e-07,0,1.130946657e-06,0,6.242295285e-07,6.502691576e-07,0
0,2.367066739e-06,4.944568136e-06,0,0,1.239852281e-05,1.439451808e-06,1.802891489e-07,1.841366668e-07
0.001706431969,0.001498588322,0.0009054407549,0.001167227398,0.001603810117,0.003261858132,0.0008350135759,0.0009081203025,0.001215500408
6.180000014e-07,5.029579976e-07,7.793104635e-07,0,1.486257361e-06,1.531490625e-06,0,0,0
6.150000331e-08,7.336083151e-07,1.227789012e-06,0,1.392109311e-06,1.914968983e-08,1.924450288e-08,0,2.971146387e-06
0,9.723530402e-07,2.056990166e-06,0,5.152761787e-06,4.919858156e-07,1.893706383e-07,0,0
5.100000067e-08,3.644553241e-07,6.876986155e-07,1.888634138e-09,0,0,3.172951608e-07,1.222738604e-07,1.74527429e-06
2.159999957e-10,1.256448229e-06,1.688165939e-06,3.485220759e-06,0,3.322771818e-06,7.306967973e-07,0,0
0.09256066382,0.07906809201,0.006148583288,0.07849242538,0.08024948835,0.08007774502,0.07517705113,0.07102579623,0.08938604593
0.003007912077,0.003626601111,0.0007712659308,0.00419872487,0.003623896278,0.004801181611,0.003156619845,0.003332257969,0.002646926092
1.040000029e-06,1.548543484e-05,1.576017521e-05,1.255452116e-05,9.416413377e-06,1.690849786e-05,4.025455382e-06,4.004631592e-06,4.600308966e-05
1.96000002e-07,1.080564554e-06,1.813450708e-06,0,0,0,0,2.139064918e-06,4.344322406e-06
2.289999941e-07,3.387239171e-08,5.314401899e-08,8.832494558e-08,0,0,0,0,1.149094047e-07
5.870000042e-10,1.538047172e-06,3.148172532e-06,0,5.90607101e-07,7.067093293e-07,0,7.930966603e-06,0
2.890000133e-07,2.122487596e-07,4.916123702e-07,5.889717158e-08,0,0,1.214595386e-06,0,0
0.1253503859,0.102670908,0.006855413334,0.09333413094,0.1048328429,0.09466334432,0.1075410247,0.1067966819,0.1088574231
7.529999948e-06,1.319644205e-05,1.605650303e-05,2.750734893e-05,1.795079072e-07,5.506885259e-07,3.808517431e-05,1.74687591e-06,1.110905669e-05
1.850000014e-10,4.269886717e-07,6.786112344e-07,1.65045526e-06,0,2.673621857e-08,5.522327839e-08,1.185322773e-08,8.176640449e-07
0,5.758712707e-08,1.321181234e-07,0,0,1.868239785e-08,0,0,3.268403646e-07
1.569999949e-05,6.352453499e-05,6.835631792e-05,0.0001732513629,2.69276552e-05,6.343370478e-05,0.0001131372846,2.672494247e-06,1.724708227e-06
6.380000001e-11,8.390333041e-07,1.312058129e-06,3.290213954e-06,1.378215302e-06,1.190682664e-09,4.104894558e-08,0,3.235309407e-07
0.000215196007,0.0006155940549,0.0003732710741,0.0007082986995,0.000294657104,0.0003044224286,0.0004930248833,0.000590135227,0.001303025987
0.2357886583,0.207551976,0.01579098499,0.1946315914,0.1983752251,0.2345439941,0.1942078173,0.2066144347,0.2169387937
2.350000017e-07,9.052000933e-07,9.169567293e-07,5.178261731e-08,1.394992182e-06,1.941227765e-06,2.104292918e-07,0,1.832768703e-06
3.210000044e-10,2.943002576e-06,7.038770197e-06,0,2.685857403e-08,1.587138598e-07,1.731001794e-05,1.624250814e-07,0
1.919999931e-06,4.528724749e-06,6.964796743e-06,2.311298317e-07,9.13062479e-07,7.353593446e-06,1.083010716e-06,0,1.759155202e-05
0.343096137,0.2800548151,0.02715047684,0.2904529572,0.2498078495,0.2472283244,0.3144187629,0.2783332467,0.30008775
0.2539087832,0.2715454325,0.01476013285,0.2916920483,0.2687476873,0.2844261825,0.2689877748,0.249954775,0.2654641271
0.6429100633,0.6050617297,0.03676903106,0.6344117522,0.5346371531,0.6215254068,0.6086620688,0.6008356214,0.6302983761
1.340000024e-14,2.329466818e-07,4.02917206e-07,1.763914881e-08,0,9.939354868e-07,0,0,3.861054552e-07
0.001314089051,0.0009556292983,0.0003524316262,0.001232504379,0.0007410026737,0.0006127775414,0.001141726389,0.0005895600771,0.00141620473
0.01422495954,0.008166610496,0.002917401211,0.01144243497,0.005704673007,0.006967630703,0.0100211408,0.01057891641,0.004284867086
0.004665580112,0.008885205879,0.002088927152,0.009288553149,0.0111930659,0.008739092387,0.009736455977,0.009384690784,0.004969377071
0.006810273044,0.004354732887,0.001440172689,0.006102507934,0.002420221223,0.002940745326,0.005580426659,0.004515565466,0.004568930715
0.001067401026,0.001121027424,0.0003557013398,0.0009334940114,0.001623876509,0.0008152009104,0.00135404442,0.0007104995311,0.001289049163
5.219999988e-09,1.33594303e-07,3.27237875e-07,0,0,0,0,0,8.015658182e-07
0.3674562275,0.347779115,0.01096654894,0.3560575843,0.3485608995,0.3400429189,0.3353413343,0.3646469712,0.342024982
9.979999959e-06,1.179265062e-06,1.250362694e-06,2.013238827e-06,2.724067826e-06,0,0,1.808176791e-07,2.157466042e-06
5.299999884e-06,7.817013183e-06,7.802893846e-06,4.364398137e-06,2.51180893e-07,4.388490404e-10,8.753423572e-06,1.42062845e-05,1.932635314e-05
3.860000097e-10,2.218721868e-07,4.010632216e-07,0,1.601470778e-08,0,1.001213377e-06,2.668685495e-09,3.113363505e-07
2.490000028e-08,9.817043093e-07,2.117225241e-06,5.276750926e-06,0,0,5.925675168e-07,0,2.090741269e-08
0.03037210926,0.03091036621,0.006214525499,0.03582493216,0.03955167159,0.02286860906,0.03158844262,0.03004757129,0.02558097057
6.070000018e-05,4.502761976e-05,6.039114203e-05,5.278096796e-05,3.348742393e-05,7.685848686e-07,1.177083959e-05,9.284505722e-06,0.0001620733965
0.01551370136,0.03152805598,0.00458634263,0.02841241658,0.02986538038,0.03364304081,0.02532041632,0.03823796287,0.03368911892
5.369999911e-08,2.952866869e-07,5.893564627e-07,8.885973624e-10,2.204893548e-07,0,1.485619464e-06,0,6.472270542e-08
0.06239860877,0.04062920747,0.004260216622,0.04187303782,0.0325239785,0.04004635289,0.04142329842,0.04349453375,0.04441404343
1.850000014e-10,1.198219817e-07,1.547013005e-07,3.784188891e-07,6.60614532e-08,2.386641995e-07,0,0,3.57873482e-08
3.149999983e-10,6.827209752e-08,1.618508193e-07,3.985263106e-07,0,1.103124614e-08,7.502837934e-11,0,0
9.939999472e-07,9.889363367e-06,2.039072968e-05,9.943412351e-07,5.141246584e-05,2.951055194e-06,3.560663572e-06,1.79647472e-07,2.380068906e-07
0,5.32019085e-05,0.0001200875716,0,2.407879265e-06,0.0002980486606,3.370409785e-10,3.331060952e-06,1.54235131e-05
0.01885377057,0.01775214868,0.002252180081,0.02041917294,0.01779554784,0.01781300642,0.01359556708,0.01838880405,0.01850079373
0,2.064664137e-07,2.309576852e-07,5.778497894e-07,2.792950795e-07,4.27831659e-10,5.296353578e-08,0,3.282622458e-07
0.04075622559,0.02494966301,0.003696365006,0.02600684762,0.02022797242,0.02997047268,0.02230582759,0.0280302614,0.02315659635
0.08727142215,0.08675717687,0.006941434962,0.08249589056,0.09873540699,0.09018260986,0.08019264787,0.0871117413,0.08182476461
0,5.451437269e-07,7.20223639e-07,3.235508927e-08,1.56604699e-07,4.45401156e-07,1.92350808e-06,6.716818461e-07,4.131149112e-08
4.730000001e-05,5.656755517e-05,1.698468886e-05,6.895344268e-05,4.426702799e-05,8.446964057e-05,5.499142571e-05,4.5348821e-05,4.137497308e-05
1.899999916e-05,1.607586378e-05,1.340538589e-05,6.434384431e-06,7.174470795e-09,1.313800476e-05,3.38298305e-05,1.246236661e-05,3.05834219e-05
0.04695406929,0.05011096162,0.004858511439,0.0587685667,0.0504372865,0.04502985254,0.04911381751,0.05110062286,0.04621562362
3.069999934e-07,1.288386374e-06,1.884477519e-06,0,3.225297633e-06,4.961912836e-08,2.341376728e-07,4.153491773e-06,6.77720351e-08
4.739999895e-07,8.696532093e-07,1.879034248e-06,5.285874849e-09,4.691037248e-06,0,2.647337105e-08,4.24332768e-07,7.078999431e-08
4.909999962e-09,7.757770722e-08,1.449147305e-07,9.149129454e-09,1.249373938e-08,7.634073285e-08,0,3.674826416e-07,0
0.02452371083,0.02750472135,0.005958979157,0.03417187929,0.03224951029,0.02866945975,0.02474437281,0.02776505239,0.01742805354
0.03558545187,0.04086340281,0.003519199512,0.03928538412,0.04044568911,0.03756730631,0.04767492786,0.0407529138,0.03945419565
0.02295139618,0.0170454327,0.003558567755,0.01404911466,0.01533882786,0.0161397513,0.02391934022,0.01754309982,0.01528246235
0,9.621360946e-07,1.844844481e-06,5.676153947e-08,4.692223229e-06,2.872202174e-07,6.825640639e-07,5.404751846e-08,0
0,2.771415219e-07,6.761151093e-07,3.301180163e-10,5.269827685e-09,0,0,1.657249186e-06,0
0,1.430757379e-08,2.253653487e-08,0,3.648078817e-08,0,0,0,4.936465459e-08
0,1.746903033e-06,2.333836005e-06,8.849950177e-07,3.248118219e-07,5.550646165e-06,3.720965196e-06,0,0
0,3.05483699e-06,5.126778148e-06,7.955515002e-08,4.136331313e-07,5.164548838e-06,0,0,1.267128482e-05
0.0009370190091,0.0003473910037,0.0001957755376,0.0003549201647,0.0006599680055,0.0001776134013,0.00049088581,0.000175004272,0.0002259543689
0.001679118024,0.002029312852,0.0007552872823,0.002599690109,0.002183986362,0.001250643865,0.001628802391,0.003160033608,0.001352720778
1.090000052e-12,1.476144136e-06,3.393920989e-06,0,4.185574198e-07,0,8.395863006e-06,4.244438756e-08,0
0.01095725968,0.01014978524,0.002315626516,0.009560001083,0.0100978557,0.005944056902,0.01116103027,0.01162566338,0.0125101041
0.02886724472,0.0441351415,0.005583548745,0.04753570259,0.04994196817,0.04125665128,0.03834360465,0.03800877184,0.04972415045
0.00170384103,0.001114639919,0.0003175944964,0.00156298175,0.001277924632,0.0006600730121,0.001015136251,0.0009148785612,0.001256845309
0.05063709244,0.04207434691,0.003637232931,0.04001470655,0.04138021916,0.04539997503,0.04470492527,0.04485010356,0.03609615192
1.950000023e-10,1.097530344e-06,1.502975842e-06,3.670464594e-06,2.175534291e-06,0,0,2.218361033e-07,5.173470754e-07
8.689999959e-06,3.691261099e-05,2.022708913e-05,1.767301728e-05,6.819932605e-05,1.637230162e-05,2.763952398e-05,4.972896932e-05,4.186252772e-05
5.460000011e-06,2.945170187e-05,3.080695041e-05,6.672350719e-05,0,1.313863322e-05,4.696550604e-06,2.308556213e-05,6.906595809e-05
0,1.80908174e-06,4.188539299e-06,0,8.814088126e-09,1.035356217e-05,3.848954293e-07,0,1.072187459e-07
1.260000021e-10,3.25967447e-07,6.331659926e-07,6.916356377e-11,1.55718336e-08,0,0,3.537765281e-07,1.586387157e-06
0.001738711027,0.0007577633757,0.0003095729305,0.0004243906005,0.000455974543,0.0006571690319,0.001237241784,0.0008405963308,0.0009312079637
0,2.886282642e-10,6.822082845e-10,0,5.12175545e-11,0,1.680552031e-09,0,0
0.00109049899,0.0009132101162,0.0004503267763,0.0006028209464,0.001256430871,0.0005868935841,0.0004883767688,0.0009153870051,0.001629351522
3.739999976e-10,1.002725061e-07,2.454449331e-07,0,0,0,0,6.012847962e-07,3.502402535e-10
8.540000067e-07,1.746915549e-06,1.782736271e-06,0,3.098818524e-06,1.232967577e-07,3.74358001e-06,3.239171974e-06,2.766260252e-07
0.2401320189,0.201160108,0.01857792075,0.2119814008,0.2028247565,0.1917472929,0.2311733514,0.1787400842,0.1904937625
1.880000013e-06,2.658396388e-06,4.565675877e-06,2.030721816e-06,0,0,1.183362019e-05,6.588063002e-07,1.427230018e-06
0,1.78336623e-07,2.956534969e-07,7.450500448e-07,2.624877595e-07,6.228342642e-08,0,1.985072523e-10,0
9.249999877e-09,1.391971942e-07,2.137307852e-07,5.351220693e-07,2.3153342e-07,0,0,0,6.852767598e-08
4.199999994e-13,6.556921662e-06,1.593374652e-05,3.908084909e-05,0,0,2.606808778e-07,0,0
0.3862654269,0.3416119069,0.02687023604,0.3603532612,0.3358870745,0.3574006259,0.3274958432,0.297732383,0.3708022535
0.006703040097,0.01303197692,0.003104985362,0.01484523434,0.01712771133,0.01352600101,0.009729419835,0.01394998189,0.009013513103
0.001154165948,0.002642606249,0.0007642042728,0.003578109434,0.002484658035,0.003335269401,0.001929861726,0.002874302445,0.001653436455
0,1.341672521e-07,3.284964788e-07,0,8.047078381e-07,0,0,2.956744294e-10,0
0.2257443815,0.2168585584,0.01655406274,0.2034992427,0.2322524637,0.2205257714,0.2398402989,0.2015787959,0.2034547776
3.529999958e-05,3.910827248e-05,2.185031091e-05,6.100408427e-05,2.972949551e-05,1.228375731e-05,6.166769163e-05,5.167456402e-05,1.829004214e-05
1.440000005e-06,1.142063043e-05,1.551466278e-05,1.605823127e-05,6.175196631e-06,6.599000244e-07,4.806839115e-06,4.082361556e-05,0
0,7.362078077e-11,1.803333473e-10,4.417246846e-10,0,0,0,0,0
0.0001717760024,0.002467870615,0.001165280949,0.001624686527,0.001716452651,0.001683005132,0.003566523781,0.004306300078,0.001910255523
2.219999988e-05,1.764960555e-05,2.951132768e-05,8.051520126e-06,1.207393871e-05,4.93719881e-06,7.93461993e-07,2.706487976e-06,7.733502571e-05
0,6.023645858e-07,9.253146556e-07,1.065385163e-06,8.46957704e-08,0,2.432633472e-08,2.301329005e-06,1.384512416e-07
5.800000054e-06,5.133159794e-06,7.923273745e-06,4.126057718e-07,7.820149222e-06,7.418827295e-07,1.639581342e-06,0,2.01847397e-05
1.530000016e-10,1.539113979e-06,2.537116377e-06,1.969047361e-07,0,0,2.85778583e-06,0,6.179993306e-06
0.1709408164,0.1711837128,0.01191705096,0.1803182065,0.1623970121,0.1800223291,0.1549590826,0.1651292294,0.1842764169
1.479999992e-05,3.987107402e-05,3.145161273e-05,9.373337525e-05,2.714804396e-06,4.969013389e-05,1.775316014e-05,3.179568012e-05,4.353929035e-05
3.199999909e-08,1.743581129e-05,2.855691255e-05,5.133337254e-06,1.192929267e-05,7.53163913e-05,6.511429092e-06,1.987508085e-06,3.736909321e-06
0.09977307916,0.05378775237,0.009483640369,0.03787822649,0.05788965151,0.05028260127,0.06603953242,0.05280016363,0.05783633888
2.309999945e-05,6.799094366e-06,8.951134488e-06,5.404241961e-07,7.049562356e-08,1.218184752e-05,5.371960924e-06,2.6111951e-07,2.236871842e-05
5.649999935e-08,4.286273014e-07,1.043359769e-06,1.341546607e-08,0,0,2.558348342e-06,0,0
6.150000263e-05,2.122596157e-06,3.787151611e-06,9.6922804e-06,1.251760695e-09,0,1.543308343e-07,8.909065059e-07,1.996807441e-06
0.2025882453,0.1998369098,0.009851707762,0.2010999322,0.2077258825,0.1926847696,0.202109918,0.2110421658,0.1843587905
4.290000213e-12,1.00762973e-07,1.84481898e-07,0,8.467099022e-09,4.624310463e-07,2.405400323e-09,2.517749342e-10,1.310225173e-07
3.800000059e-06,9.113662713e-07,1.504521e-06,9.213928251e-07,0,0,0,3.872740763e-06,6.740640401e-07
1.030000021e-06,1.352922747e-05,1.628583242e-05,4.582709153e-05,5.955569577e-06,1.517721557e-06,1.334863464e-05,8.445042113e-06,6.081305401e-06
0,3.466190665e-07,5.228380031e-07,6.592886166e-07,0,1.278331183e-06,1.373378353e-07,1.523087434e-09,3.23367666e-09
0,4.63082752e-07,7.437139597e-07,4.561852407e-08,3.12063662e-07,1.925456218e-06,0,4.953581083e-07,0
4.460000127e-05,9.051549917e-05,8.193094991e-05,2.527567631e-05,0.0001317773131,0.0001396267617,0.0002110245114,1.201730356e-05,2.337142905e-05
1.399999974e-07,1.190834079e-06,1.868797408e-06,0,0,0,4.044195521e-06,0,3.100808954e-06
1.030000021e-06,5.773670348e-07,1.290849338e-06,0,0,3.115792424e-08,0,3.206104111e-06,2.269401733e-07
0.1866539121,0.1611725638,0.01490954637,0.1611022204,0.1450317353,0.1546934098,0.171001181,0.1498601288,0.1853467077
0.0002891370095,0.0001690053383,0.0001132087047,8.232675464e-05,6.737747754e-05,0.0002070688934,0.0002819055517,6.248257705e-05,0.0003128707758
0.01235255599,0.01532339413,0.003743208569,0.01622298732,0.01170938835,0.01961417124,0.01974984258,0.01261064876,0.01203332655
0.03778565675,0.03912583801,0.004999738281,0.03284352645,0.03487219661,0.0381115675,0.04299269617,0.03965635598,0.04627868533
1.300000037e-07,7.324153555e-07,1.419733334e-06,8.452085467e-07,2.112140685e-09,3.547171445e-06,0,0,0
0.002864076057,0.008771387899,0.00371437913,0.006488289218,0.01201672107,0.01099931542,0.006650938652,0.01288444642,0.003588616615
0.0003027470084,0.0008609634242,0.0003534426815,0.0006564569194,0.0008285105578,0.0005031922483,0.000702352263,0.0009685497498,0.001506718807
2.239999974e-14,2.731163316e-06,2.534181115e-06,0,9.020342873e-07,8.437175438e-07,3.837546046e-06,6.463403679e-06,4.340278338e-06
0.005504284054,0.006775340609,0.002336061253,0.004592556972,0.007339062169,0.01023212913,0.006861364469,0.007862415165,0.003764515743
0,4.01969518e-07,6.071166627e-07,5.263554215e-08,1.254316562e-08,1.004800652e-06,1.341595294e-06,0,2.424551671e-10
0.0001404600043,0.000162704889,0.0002272985577,0.000604568806,2.696060074e-05,4.463741789e-05,0.000205012926,1.295506991e-05,8.209451335e-05
7.659999937e-06,7.570516033e-06,1.026893127e-05,2.030815267e-06,2.71359786e-05,2.345947934e-07,6.916769962e-06,9.096629583e-06,8.307996957e-09
1.259999993e-09,1.077705879e-07,2.604053717e-07,0,6.626377669e-09,6.896619387e-10,6.392944556e-07,0,1.303195572e-11
6.530000152e-11,4.471688395e-08,7.488725511e-08,7.714235295e-08,4.727364278e-09,7.707486871e-10,1.09916698e-09,1.845616708e-07,0
0.0004948289716,0.0002113985477,9.327035495e-05,0.000167907172,0.0002030798205,0.0003115472791,6.84795159e-05,0.0003161680943,0.0002012094046
0.244894281,0.1982477084,0.01211317557,0.1815465987,0.1967974007,0.2034695297,0.2177784443,0.1916222274,0.1982720494
0.03886472434,0.04628065104,0.006615844951,0.05482174084,0.05172934383,0.04880742356,0.03823062405,0.0399049595,0.04418981448
2.529999983e-05,5.650107566e-05,4.599778715e-05,6.935249985e-05,9.621063509e-05,2.533730594e-06,5.505412264e-05,3.529501328e-06,0.0001123259644
6.980000133e-09,2.280571537e-09,2.504471297e-09,1.883543495e-11,1.956927509e-09,9.982902283e-10,4.909687767e-09,5.799688285e-09,0
4.42999999e-06,6.23426666e-05,8.775118783e-05,2.383954779e-06,1.418496868e-05,0.0002285396331,2.701144876e-05,9.382837561e-06,9.255315672e-05
1.079999978e-09,8.678313292e-07,1.372446563e-06,0,2.010562412e-06,5.129556868e-08,0,0,3.145129995e-06
0.3454615176,0.2666313176,0.0120665395,0.2729692757,0.2769375145,0.2791056037,0.2634196281,0.2473487705,0.2600071132
1.169999996e-05,3.332283101e-05,3.251784615e-05,1.1482025e-05,2.840237903e-05,6.690212103e-06,7.544134132e-05,7.241935236e-05,5.501676242e-06
0,1.129011404e-06,2.298069161e-06,1.030171006e-06,5.743897418e-06,0,0,0,0
0.001032829052,0.001892563829,0.0004996549536,0.001349219354,0.002298777224,0.002385485684,0.001259011682,0.001802199171,0.002260689856
0.00305449497,0.001717442268,0.0008572716759,0.001440554392,0.0007136762724,0.003199907718,0.001532760216,0.002132199239,0.001285555772
1.809999958e-06,1.030933267e-06,1.641181929e-06,4.094823453e-06,0,0,0,1.712875701e-06,3.779004487e-07
0.0008857030189,0.0007569776062,0.0002784934202,0.0009246406262,0.0007517324993,0.0005185667542,0.001220950158,0.0006413465017,0.0004846290976
3.490000111e-08,4.849263582e-07,7.945393138e-07,0,0,1.275078976e-08,0,1.87937701e-06,1.01743035e-06
0.005040428136,0.003166209674,0.0008229894226,0.004352531396,0.004009625874,0.002344304463,0.002711782465,0.003015344962,0.002563668881
0,1.309737191e-06,1.378749469e-06,3.850258508e-06,4.173915045e-07,8.606945698e-07,0,9.581893892e-07,1.771889174e-06
0.000548505981,0.0001504289309,9.253192563e-05,8.132244693e-05,0.0001460584608,6.164827937e-05,0.0001182472915,0.0001762517495,0.0003190453572
2.760000006e-09,2.638830866e-07,3.141631096e-07,0,7.856200455e-07,2.332917575e-07,8.16841137e-08,0,4.827026032e-07
0,1.542559849e-06,2.694797018e-06,7.410165637e-08,0,6.894326361e-06,6.972638467e-09,1.614436428e-06,6.655220091e-07
5.330000022e-06,2.641759511e-05,2.344743223e-05,2.397581738e-05,6.653631863e-05,1.367381628e-05,4.044504385e-05,9.702981515e-06,4.171592991e-06
0.0001965209958,0.0001043177799,8.409611632e-05,2.681827027e-05,2.693369606e-05,0.0002341413347,4.929819988e-05,0.0001325543853,0.0001561607933
0.1541453451,0.1698807677,0.01691667087,0.1637859941,0.1528206468,0.1669707745,0.2002375424,0.1586942822,0.1767753661
0.329911828,0.3794938525,0.04129204947,0.342589736,0.4008370042,0.4062095582,0.4296102226,0.3771890998,0.320527494
0.07854039967,0.06935533509,0.004440790605,0.06443787366,0.06380020082,0.07190360874,0.07527463883,0.07025720179,0.07045848668
1.200000042e-06,4.23613835e-06,4.92084218e-06,4.963701272e-08,2.559039331e-06,2.530646952e-06,1.855623992e-07,7.408759757e-06,1.268318465e-05
0.008468458429,0.00723370056,0.001588180687,0.005346740596,0.007389350329,0.005544115324,0.008169309236,0.007425544783,0.009527143091
2.460000026e-08,1.224233912e-06,1.39420553e-06,4.331005243e-08,2.385704192e-06,1.304555464e-09,3.142760079e-06,0,1.772324595e-06
0.000559979002,0.001277588211,0.0003072527885,0.0008451003814,0.001307454426,0.00150407094,0.001609615283,0.0009647008264,0.001434587408
0,3.332148559e-08,6.047189106e-08,1.49767331e-07,0,0,5.015897742e-08,0,2.60515459e-12
4.369999917e-09,9.130783945e-07,2.236233155e-06,6.869729785e-10,5.477770173e-06,0,0,0,1.322079946e-11
4.940000053e-07,5.734106905e-06,7.738333916e-06,1.843561222e-05,4.129678928e-06,1.619816459e-08,1.182212509e-05,1.027028906e-09,0
0.0009900400182,0.004074800216,0.001322368723,0.005332995672,0.004936186597,0.005342274904,0.002591357799,0.003755166428,0.002490819898
3.670000069e-06,0.0004652344772,0.0003619207786,0.0004262834555,0.001069030026,0.0007149516605,0.0001689238416,0.0001592247718,0.000252993108
0.6585666537,0.5635227164,0.01327298885,0.5757601857,0.5522502065,0.5704042912,0.5423404574,0.5732785463,0.5671026111
1.869999977e-07,4.918774743e-08,1.177505417e-07,0,0,0,5.62533975e-09,2.895011448e-07,0
8.279999975e-07,1.265540249e-06,2.999898629e-06,2.065056037e-07,0,0,0,0,7.386735888e-06
9.290000162e-05,0.0005051461242,9.234079551e-05,0.0004636562662,0.0006151728448,0.0006149918772,0.0005053757923,0.0004357084108,0.0003959715541
4.789999994e-12,1.777391086e-06,3.827358476e-06,2.528745995e-07,2.569550759e-07,1.410359403e-07,9.587071872e-06,3.637982502e-07,6.261078056e-08
0.001815572032,0.001691584679,0.0005248506693,0.002286258154,0.001560208388,0.0007345794584,0.001777268015,0.00189456041,0.00189663365
0.6725412011,0.6118871172,0.02277862166,0.6339619756,0.6302341223,0.604468286,0.5740994215,0.6025316715,0.6260272264
2.410000022e-08,4.991172252e-07,1.217887737e-06,0,9.595538586e-09,0,2.985107812e-06,0,0
4.850000176e-12,8.518634805e-08,1.437785702e-07,0,3.457832634e-07,0,1.653348249e-07,0,0
0,2.787127159e-07,6.207996577e-07,2.767239238e-08,0,3.768551582e-10,1.008165853e-07,1.543410463e-06,0
4.059999981e-08,7.191644862e-07,1.577149536e-06,3.923998975e-06,1.285930917e-08,3.771662875e-07,9.623460917e-10,0,0
2.570000106e-06,3.165679506e-07,5.10281667e-07,1.812775929e-09,0,1.175504281e-06,0,7.220906468e-07,0
1.10000002e-07,2.130577186e-08,5.064935753e-08,0,3.123939996e-09,0,4.858298139e-11,1.246621082e-07,0
5.870000319e-11,1.464363377e-06,1.526608981e-06,0,7.753934597e-07,2.875124437e-06,3.77998731e-06,2.066536666e-07,1.149021386e-06
9.390000173e-07,8.266800791e-07,1.616171456e-06,0,5.123756637e-07,3.521041947e-07,0,0,4.095600616e-06
0.002945153043,0.002414472314,0.0009324194526,0.002149155596,0.003354735905,0.0007683892618,0.002400933765,0.002592185512,0.003221433843
6.760000115e-09,1.105045654e-06,2.304365305e-06,4.022172675e-07,5.09716287e-08,5.793601304e-06,0,3.83483723e-07,0
0.003227720037,0.004840528922,0.002551063404,0.008633981459,0.005056414288,0.00668608956,0.004301097244,0.002555997344,0.001809593639
3.839999846e-11,2.613662086e-06,3.651873732e-06,9.671019825e-07,0,1.222663286e-07,6.945587302e-06,0,7.647016901e-06
0.09413624555,0.1316580499,0.01389879869,0.1285641044,0.1425730586,0.1287438124,0.1108371764,0.1280275136,0.151202634
0,6.032951116e-08,1.047488849e-07,6.526179419e-08,7.860402107e-09,2.682419904e-07,0,2.061288029e-08,0
0.3995436728,0.4614487787,0.02191212629,0.472140342,0.4602349401,0.4389062524,0.4782600105,0.4323072433,0.486843884
1.84000001e-07,1.395116437e-08,3.417323403e-08,0,0,0,0,0,8.370698623e-08
1.179999987e-10,1.221481085e-06,1.509900745e-06,7.568742717e-07,4.189133051e-06,5.494438255e-07,5.654542292e-07,0,1.267981133e-06
0.0004284479946,0.000309135241,0.0001884950854,0.000151243963,0.0003820975544,6.711421884e-05,0.0005713477149,0.0002467047307,0.000436303264
3.460000153e-05,3.355326559e-05,1.500501883e-05,3.277001451e-05,5.238119775e-05,1.480571882e-05,1.796647302e-05,4.636464291e-05,3.703154653e-05
1.419999999e-14,6.767149058e-07,1.65484598e-06,5.637453615e-09,4.054651981e-06,0,0,0,0
6.860000124e-09,8.659927104e-07,1.482655171e-06,1.118133468e-06,6.641674588e-08,0,0,2.463467297e-07,3.765059319e-06
0.2763000131,0.2614924808,0.01027385969,0.2735196054,0.2727023065,0.2586273253,0.2631844282,0.2516798079,0.2492414117
0.0006611900171,0.0009514469518,0.0003406840151,0.001403007074,0.000545502,0.001141085057,0.0008533126675,0.001162741333,0.000603033579
2.929999994e-07,1.400004539e-06,2.511822797e-06,0,0,6.20892024e-06,2.180721594e-06,1.038540187e-08,0
0.009619944729,0.00561934337,0.0008507483828,0.005699939094,0.004901039414,0.006417621393,0.005268585403,0.00463785883,0.006791016087
5.190000138e-06,4.937195429e-05,4.195732482e-05,0.0001200015977,7.674973858e-06,4.94925589e-05,5.72494173e-06,5.104139927e-05,6.229625433e-05
1.430000007e-10,5.396703637e-05,2.864500368e-05,6.372877397e-05,2.423874321e-05,3.245762855e-05,4.473675654e-05,0.0001047190162,5.39212997e-05
7.100000221e-05,2.436454352e-05,2.419441791e-05,6.973042036e-05,2.33734645e-05,4.156594855e-07,2.130187931e-05,2.3872366e-05,7.493471458e-06
3.98000011e-05,3.424556597e-05,2.538485071e-05,2.227637924e-05,7.853520947e-05,3.192859731e-05,1.075781142e-06,3.402544098e-05,3.763198765e-05
2.689999928e-05,5.011535783e-05,3.461865701e-05,3.142638889e-05,1.565492857e-05,4.411720874e-05,3.038009163e-05,0.0001109898076,6.812372158e-05
4.620000129e-12,1.784024533e-06,4.267472851e-06,0,1.049326511e-05,2.108820922e-07,0,0,0
0,2.061081735e-08,5.048598569e-08,0,0,1.236649041e-07,0,0,0
1.759999968e-08,1.060747403e-08,2.263031088e-08,0,0,5.645566148e-08,0,2.269514854e-10,6.962231236e-09
0.6458520293,0.6967513363,0.01607692516,0.6975533366,0.7075221539,0.6854181886,0.6741167307,0.7198683619,0.6960292459
2.87000006e-07,1.74021145e-06,1.538600119e-06,0,3.016727987e-06,3.708808435e-06,2.234357453e-06,1.234329439e-08,1.469031531e-06
5.099999867e-10,6.726096302e-08,8.783642587e-08,1.975512589e-07,5.069607312e-08,1.553184461e-07,0,0,0
3.299999857e-11,3.539698691e-07,5.712492471e-07,1.314983365e-06,0,8.088357504e-07,0,0,9.948947455e-14
2.150000039e-10,2.349385856e-05,2.792941476e-05,7.649138752e-06,2.461682925e-06,4.363198241e-05,1.072228315e-05,7.143612311e-05,5.06194101e-06
1.29e-07,2.744226629e-07,4.258443261e-07,0,7.663713291e-07,0,5.192224775e-11,1.91282723e-09,8.781998986e-07
0.02378466167,0.03136337083,0.004452055382,0.02441691607,0.03391670808,0.03150541335,0.03444473445,0.03607933596,0.02781711705
6.420000176e-08,3.775653272e-09,9.248423961e-09,0,2.265391963e-08,0,0,0,0
2.300000034e-12,7.088910633e-07,1.329640556e-06,8.116335266e-07,1.662496474e-09,0,2.509945318e-08,3.345241112e-06,6.970979172e-08
0.0007508629933,0.0004086736662,0.0001589917363,0.0005200419691,0.0004356129211,0.0003695938212,0.000330250361,0.0001687400072,0.0006278029177
0.00977839902,0.01161913481,0.00302555395,0.01592952758,0.009898169897,0.008157682605,0.009102167562,0.01360455155,0.01302270964
0,5.904032123e-06,8.998008447e-06,3.397597084e-07,0,4.194891545e-08,2.287962889e-05,8.945359696e-06,3.217495532e-06
0.0004770370142,0.003134032944,0.0009012355343,0.002125602681,0.003734628437,0.0041831173,0.003706065472,0.003037124639,0.002017659135
9.310000314e-05,8.301687224e-05,6.847280049e-05,0.0002157756826,9.268522263e-05,6.551502884e-05,5.011459143e-05,2.989026143e-05,4.412044655e-05
0,6.636981104e-10,1.490733648e-09,2.844174618e-10,0,0,0,3.6977712e-09,0
0.003331495915,0.005115617338,0.001800495079,0.003684396856,0.00819191616,0.004645636771,0.003740394255,0.004083257634,0.006348102354
