Z,A,N,N_parity,Z_parity,y_true,L_v_log10_ratio,L_w_log10_ratio,d_w_minus_v
62,167,105,odd,even,4.770000042e-13,5.838623,4.723655,-1.114968
38,99,61,odd,even,0.01484358311,0.092407,0.133749,0.041342
49,127,78,even,odd,0.01127709076,-0.141562,-0.152359,-0.010797
49,115,66,even,odd,1.760000004e-07,2.280153,1.328215,-0.951938
42,107,65,odd,even,0.07893382758,-0.116818,-0.086043,0.030775
63,157,94,even,odd,1.429999975e-05,-0.189443,0.237539,0.426983
52,136,84,even,even,0.0550439246,-0.144159,-0.132641,0.011518
34,93,59,odd,even,6.890000037e-08,1.285049,0.334888,-0.950161
36,95,59,odd,even,0.001893489971,0.025090,0.069181,0.044092
35,83,48,even,odd,0.003076460911,-0.143988,-0.228519,-0.084532
67,169,102,even,odd,7.870000207e-10,1.798205,1.476809,-0.321396
62,161,99,odd,even,2.390000009e-05,-0.163000,-0.069945,0.093055
40,92,52,even,even,5.34999981e-06,0.206697,-0.361966,-0.568663
31,74,43,odd,odd,1.020000013e-06,0.904991,0.084444,-0.820547
27,66,39,odd,odd,4.090000161e-08,0.519830,0.564399,0.044569
55,131,76,even,odd,1.70000007e-07,0.735290,1.166534,0.431244
53,127,74,even,odd,1.249999968e-05,1.470614,1.271947,-0.198667
54,134,80,even,even,0.0143738687,-0.313341,-0.298593,0.014748
59,161,102,even,odd,7.459999584e-15,6.454984,7.044538,0.589554
64,160,96,even,even,1.919999931e-06,0.465466,0.247160,-0.218306
34,93,59,odd,even,8.029999776e-07,0.071675,0.305758,0.234083
63,150,87,odd,odd,2.359999973e-09,2.976108,2.191191,-0.784917
60,147,87,odd,even,0.0009191890131,-0.280991,-0.094879,0.186111
34,87,53,odd,even,0.09271103889,0.023047,0.037113,0.014066
42,106,64,even,even,0.07302175462,-0.045873,-0.124013,-0.078140
49,119,70,even,odd,0.001568621956,0.556843,0.496670,-0.060173
50,138,88,even,even,5.470000009e-09,0.219858,0.844040,0.624182
53,132,79,odd,odd,0.003795694094,-0.131524,0.030294,0.161818
33,83,50,even,odd,0.04527974129,-0.075327,-0.085373,-0.010046
44,102,58,even,even,2.470000072e-05,0.111049,0.398992,0.287943
41,96,55,odd,odd,0.0005450950121,0.683182,0.730780,0.047599
63,167,104,even,odd,4.229999961e-10,2.810394,1.739233,-1.071160
37,99,62,even,odd,4.519999857e-05,0.079550,0.230808,0.151258
44,120,76,even,even,4.909999924e-12,4.683184,4.993870,0.310686
31,73,42,even,odd,1.959999963e-06,0.756588,-2.052102,-2.808690
41,101,60,even,odd,0.2922872901,-0.039361,-0.090935,-0.051573
39,99,60,even,odd,0.2991132438,-0.032593,-0.034387,-0.001794
36,81,45,odd,even,7.670000052e-11,2.862492,4.201704,1.339213
61,147,86,even,odd,1.380000003e-09,2.484186,2.744965,0.260779
40,105,65,odd,even,1.990000055e-05,1.983336,2.010936,0.027600
43,102,59,odd,odd,9.85000006e-05,1.216013,1.229848,0.013836
60,156,96,even,even,0.0007351230015,-0.008190,0.012304,0.020494
32,90,58,even,even,2.440000025e-12,6.000970,5.451960,-0.549010
62,157,95,odd,even,0.0004979799851,0.278717,0.284610,0.005893
37,91,54,even,odd,0.3492669165,0.051576,0.003490,-0.048086
40,101,61,odd,even,0.1988824457,0.141802,0.098473,-0.043329
43,120,77,odd,odd,2.120000009e-10,4.174716,2.919310,-1.255406
62,157,95,odd,even,0.003290734021,0.130056,0.002529,-0.127527
45,103,58,even,odd,5.250000087e-11,3.862905,4.241215,0.378310
37,83,46,even,odd,8.05999989e-11,4.687903,2.521282,-2.166621
54,134,80,even,even,0.07404188812,-0.064891,-0.001696,0.063195
26,72,46,even,even,4.520000019e-08,0.382391,0.973209,0.590818
43,104,61,odd,odd,0.03672585636,-0.024460,-0.038726,-0.014266
46,118,72,even,even,0.0004778460134,0.296452,0.472571,0.176119
39,95,56,even,odd,0.2795191109,0.020468,-0.035175,-0.055643
37,91,54,even,odd,0.3587404788,0.022906,-0.025777,-0.048683
34,92,58,even,even,1.779999911e-05,-1.113460,-0.977375,0.136085
56,145,89,odd,even,0.3030562103,0.023796,0.028219,0.004423
55,152,97,odd,odd,1.850000001e-15,8.154618,9.521054,1.366436
40,99,59,odd,even,0.5669876337,-0.037484,-0.028812,0.008672
28,76,48,even,even,4.959999842e-06,-0.974814,-0.220550,0.754264
57,144,87,odd,odd,0.2871427238,-0.273750,-0.230758,0.042993
44,108,64,even,even,4.420000096e-06,2.867740,2.621584,-0.246156
40,106,66,even,even,2.349999932e-06,2.004804,1.956914,-0.047890
43,118,75,odd,odd,6.070000053e-14,6.017102,6.377168,0.360066
39,98,59,odd,odd,0.4373111725,-0.051731,-0.017782,0.033950
27,77,50,even,odd,3.580000012e-12,4.673929,4.784982,0.111052
42,103,61,odd,even,0.196805656,-0.100027,-0.053034,0.046993
60,154,94,even,even,0.006731845904,-0.044444,-0.026501,0.017943
63,159,96,even,odd,2.87999992e-05,-0.240189,-0.128496,0.111693
56,142,86,even,even,0.35160622,0.078925,0.073775,-0.005150
29,74,45,odd,odd,4.229999831e-06,0.209339,0.443274,0.233935
55,137,82,even,odd,0.1469134688,0.010524,-0.048050,-0.058574
67,165,98,even,odd,5.499999816e-07,0.426466,-0.072362,-0.498828
48,135,87,odd,even,1.42000002e-15,9.119775,9.259738,0.139962
29,70,41,odd,odd,4.690000139e-07,-0.613605,-0.387038,0.226567
62,155,93,odd,even,8.340000204e-05,0.734323,0.602665,-0.131658
35,83,48,even,odd,0.001075665001,0.317179,0.212970,-0.104209
56,133,77,odd,even,8.970000209e-08,0.282934,0.442887,0.159953
57,142,85,odd,odd,0.007026883774,0.371865,0.430871,0.059006
50,135,85,odd,even,2.950000089e-05,0.335842,0.444648,0.108805
58,145,87,odd,even,0.07976331562,0.055614,0.057985,0.002371
48,124,76,even,even,0.001673019025,-0.183754,-0.293524,-0.109770
61,163,102,even,odd,3.100000034e-09,1.921513,2.126161,0.204648
45,110,65,odd,odd,1.890000021e-05,0.400453,0.452658,0.052205
52,136,84,even,even,0.167691797,0.123700,0.089125,-0.034575
28,72,44,even,even,1.919999931e-06,0.466954,0.446724,-0.020230
39,89,50,even,odd,6.180000156e-08,-0.788408,0.410139,1.198546
66,167,101,odd,even,5.940000047e-09,1.667058,1.673200,0.006142
50,125,75,odd,even,0.002423133003,-0.181839,-0.157058,0.024781
43,116,73,odd,odd,3.749999866e-09,1.445392,2.696171,1.250779
64,168,104,even,even,8.800000173e-10,2.809859,1.840863,-0.968996
37,101,64,even,odd,3.240000126e-07,0.676685,0.612057,-0.064629
38,97,59,odd,even,0.1343461722,0.001561,-0.018569,-0.020130
37,89,52,even,odd,0.09177318215,0.066166,-0.046936,-0.113102
29,76,47,odd,odd,0.0001067799967,-0.804446,-1.012721,-0.208276
53,137,84,even,odd,0.4392215312,-0.026667,-0.006171,0.020496
33,76,43,odd,odd,5.900000133e-08,1.882172,2.101438,0.219266
33,75,42,even,odd,2.050000031e-10,3.964441,4.217249,0.252807
27,70,43,odd,odd,3.780000043e-05,-0.179813,0.118753,0.298565
65,172,107,odd,odd,1.880000062e-13,5.919392,6.406558,0.487166
31,67,36,even,odd,2.779999972e-12,5.788862,4.507470,-1.281392
44,101,57,odd,even,5.840000039e-09,2.237420,1.815029,-0.422391
30,82,52,even,even,6.570000096e-06,-1.488459,-0.021002,1.467457
34,79,45,odd,even,1.64000005e-06,-1.434986,0.489501,1.924487
49,120,71,odd,odd,9.719999798e-05,0.161798,0.154006,-0.007792
50,119,69,odd,even,1.589999954e-07,1.199692,0.442425,-0.757267
32,85,53,odd,even,0.0004286610056,0.041355,0.086399,0.045045
44,104,60,even,even,0.0007818309823,-0.098580,-0.387285,-0.288705
53,140,87,odd,odd,0.003634432098,-0.054884,0.005719,0.060603
48,134,86,even,even,6.869999795e-12,4.701180,4.522125,-0.179055
62,161,99,odd,even,5.880000026e-05,-0.153318,0.088800,0.242118
63,157,94,even,odd,0.0009497309802,-0.371427,-0.225144,0.146283
54,134,80,even,even,0.004390332848,0.119695,0.279638,0.159943
67,165,98,even,odd,1.099999974e-12,4.430640,5.550470,1.119830
39,91,52,even,odd,2.920000043e-05,1.092502,0.790687,-0.301815
63,169,106,even,odd,8.81999992e-15,7.439884,7.723008,0.283124
55,143,88,even,odd,0.08763180673,-0.214720,-0.140106,0.074614
33,77,44,even,odd,5.709999823e-05,-0.132667,-0.077339,0.055328
45,103,58,even,odd,8.539999818e-09,1.799235,2.476123,0.676888
48,120,72,even,even,0.003632219974,-0.164135,-0.226259,-0.062124
30,81,51,odd,even,3.890000153e-05,0.315748,0.346171,0.030423
45,109,64,even,odd,3.600000014e-07,1.416384,1.847012,0.430628
41,99,58,even,odd,0.1270705462,0.062377,-0.060634,-0.123011
49,127,78,even,odd,0.07111074775,-0.098833,-0.043184,0.055649
23,66,43,odd,odd,1.320000015e-17,10.340793,10.272189,-0.068604
43,103,60,even,odd,0.02032135986,-0.011399,-0.081949,-0.070551
37,87,50,even,odd,0.003163130954,0.352420,0.049836,-0.302585
38,92,54,even,even,0.1431812644,0.070850,0.052956,-0.017894
55,142,87,odd,odd,0.3944199383,-0.019510,0.009794,0.029304
39,98,59,odd,odd,0.3964755535,-0.034219,0.011171,0.045390
27,73,46,even,odd,1.440000008e-09,2.615991,2.721493,0.105502
44,124,80,even,even,4.820000193e-13,5.265685,6.241004,0.975320
26,66,40,even,even,5.790000035e-09,2.194194,1.526368,-0.667826
30,85,55,odd,even,1.029999957e-11,4.172332,5.160573,0.988241
43,119,76,even,odd,9.340000037e-17,9.357092,10.270468,0.913376
32,80,48,even,even,0.02066451684,-0.176857,-0.186551,-0.009694
39,98,59,odd,odd,0.3752885759,-0.007786,0.007816,0.015603
33,80,47,odd,odd,0.001741947024,-0.002208,-0.064314,-0.062106
28,67,39,odd,even,6.129999974e-08,0.274110,1.861527,1.587417
63,160,97,odd,odd,3.529999958e-05,-0.170407,-0.282175,-0.111768
46,128,82,even,even,1.649999958e-15,8.426337,9.029266,0.602929
38,92,54,even,even,0.2252901345,-0.146975,-0.148233,-0.001258
60,144,84,even,even,5.449999896e-10,3.263060,3.388508,0.125448
56,140,84,even,even,0.0534700565,0.193856,0.118229,-0.075628
51,129,78,even,odd,0.009914970025,0.395274,0.290645,-0.104629
35,92,57,odd,odd,0.0006426100153,0.593160,0.682528,0.089368
45,123,78,even,odd,1.120000035e-12,5.582907,5.561941,-0.020966
54,140,86,even,even,0.141492188,-0.079709,-0.058474,0.021234
27,70,43,odd,odd,1.880000013e-07,0.573331,0.517601,-0.055730
54,143,89,odd,even,0.002713446971,-0.337615,-0.406118,-0.068503
34,83,49,odd,even,0.02834926173,0.143424,0.097168,-0.046256
39,89,50,even,odd,2.760000086e-07,-0.352737,0.527052,0.879789
32,71,39,odd,even,2.040000079e-14,6.871568,7.889921,1.018352
63,166,103,odd,odd,3.010000027e-09,2.371901,2.362306,-0.009595
61,158,97,odd,odd,0.0003985899966,0.122462,0.196306,0.073843
44,117,73,odd,even,1.249999968e-06,0.604375,0.290256,-0.314119
60,156,96,even,even,0.0005069579929,0.018304,0.036662,0.018358
37,97,60,even,odd,0.0046699089,0.030458,0.002043,-0.028415
49,122,73,odd,odd,0.04611543939,0.069978,0.089784,0.019806
43,101,58,even,odd,4.059999992e-05,0.957241,0.904329,-0.052913
44,104,60,even,even,3.999999899e-05,0.758897,0.581642,-0.177255
53,147,94,even,odd,4.220000136e-14,7.980128,7.309524,-0.670605
35,81,46,even,odd,1.219999945e-06,0.605281,-1.366861,-1.972142
38,88,50,even,even,0.0001482160005,-0.864093,-0.159738,0.704356
57,141,84,even,odd,0.005102275871,0.012727,-0.179777,-0.192504
65,161,96,even,odd,3.569999899e-05,-0.206135,-0.291401,-0.085266
40,109,69,odd,even,1.140000023e-07,1.217333,0.919507,-0.297826
49,124,75,odd,odd,0.1123362035,-0.224489,-0.113538,0.110951
59,155,96,even,odd,0.0002600190055,-0.347111,-0.095517,0.251594
64,172,108,even,even,6.839999843e-15,7.955618,7.598331,-0.357287
56,148,92,even,even,0.02812992968,-0.603641,-0.613020,-0.009379
36,85,49,odd,even,0.0004228450125,0.787667,0.770161,-0.017506
46,112,66,even,even,2.610000047e-05,0.429980,0.392245,-0.037734
50,132,82,even,even,0.1277487576,-0.152939,-0.239311,-0.086372
46,111,65,odd,even,1.649999945e-06,1.344171,0.927533,-0.416638
33,87,54,even,odd,0.002026553033,0.008085,0.014542,0.006457
55,133,78,even,odd,2.410000093e-07,0.482510,0.246026,-0.236485
49,134,85,odd,odd,2.719999941e-07,-0.078274,0.581149,0.659423
32,78,46,even,even,0.003394786967,-0.603490,-0.507685,0.095805
46,121,75,odd,even,0.004153181799,-0.315917,-0.159199,0.156717
50,137,87,odd,even,4.889999872e-08,1.964897,2.029675,0.064779
36,82,46,even,even,1.429999998e-06,0.732089,0.735759,0.003670
28,73,45,odd,even,3.119999974e-07,0.586655,1.108569,0.521914
32,90,58,even,even,4.199999903e-09,2.267443,2.448274,0.180831
37,85,48,even,odd,5.74000012e-07,0.087079,-1.744165,-1.831244
37,96,59,odd,odd,0.02347357571,0.052041,0.090737,0.038696
69,172,103,odd,odd,2.519999996e-13,6.543606,5.950533,-0.593073
45,117,72,even,odd,0.0001656389941,-0.080659,0.024461,0.105121
58,151,93,odd,even,0.01442972664,0.110564,0.108756,-0.001808
46,118,72,even,even,0.06314464658,-0.281363,-0.146572,0.134791
39,105,66,even,odd,2.720000006e-12,4.641381,5.943442,1.302062
31,78,47,odd,odd,0.008085281588,0.081481,0.021253,-0.060228
51,134,83,odd,odd,0.03275377676,-0.032148,-0.074157,-0.042009
34,74,40,even,even,3.580000012e-12,4.335014,5.412815,1.077801
41,100,59,odd,odd,0.2037073821,0.039214,0.002765,-0.036448
37,102,65,odd,odd,2.389999976e-09,1.958491,2.850333,0.891842
35,77,42,even,odd,6.410000308e-11,4.182450,4.973099,0.790649
42,99,57,odd,even,0.002837166889,-0.278812,-0.263156,0.015656
62,160,98,even,even,0.0001285210019,-0.277983,-0.229223,0.048761
47,112,65,odd,odd,3.599999943e-08,2.141245,0.793378,-1.347867
41,109,68,even,odd,0.0001088639983,0.059232,0.082950,0.023717
56,145,89,odd,even,0.09388703108,-0.050422,-0.017994,0.032428
34,77,43,odd,even,1.989999987e-07,0.900696,1.124058,0.223362
67,164,97,odd,odd,6.9500002e-14,5.887505,6.873500,0.985995
69,170,101,odd,odd,2.129999999e-08,0.957771,0.186562,-0.771209
62,152,90,even,even,1.890000021e-06,-0.335495,-0.424157,-0.088663
53,135,82,even,odd,0.569111526,-0.109453,-0.135291,-0.025838
44,111,67,odd,even,0.09501606226,-0.022459,-0.022444,0.000015
47,113,66,even,odd,3.659999948e-07,0.989792,-0.364647,-1.354439
56,136,80,even,even,2.320000021e-06,-0.039311,0.431847,0.471158
59,145,86,even,odd,9.489999684e-06,1.107389,0.907318,-0.200071
44,109,65,odd,even,0.0002800690127,0.926319,0.857802,-0.068517
58,151,93,odd,even,0.02050574496,-0.067156,-0.026230,0.040926
49,135,86,even,odd,4.569999934e-10,3.578088,2.543566,-1.034522
34,84,50,even,even,0.1107970178,-0.150251,-0.146530,0.003721
52,139,87,odd,even,0.0003993879945,0.480010,0.271986,-0.208025
44,115,71,odd,even,1.220000013e-05,1.073530,0.824695,-0.248835
46,112,66,even,even,5.070000043e-05,0.445069,0.334993,-0.110076
55,150,95,odd,odd,1.95999994e-10,3.315464,1.266145,-2.049319
40,110,70,even,even,2.830000012e-09,1.450682,0.396978,-1.053704
43,101,58,even,odd,7.839999853e-06,1.815395,1.649800,-0.165595
32,73,41,odd,even,6.160000225e-07,0.292101,0.456333,0.164232
29,72,43,odd,odd,1.27000003e-05,-0.290907,-0.041449,0.249458
35,85,50,even,odd,0.03592498973,0.297303,0.201904,-0.095399
41,114,73,odd,odd,1.840000015e-14,8.248357,7.879667,-0.368690
30,80,50,even,even,5.379999857e-05,0.001614,0.184436,0.182822
26,68,42,even,even,3.739999954e-08,1.774437,1.342735,-0.431702
45,119,74,even,odd,1.679999968e-06,0.423480,0.957161,0.533681
34,77,43,odd,even,5.079999754e-10,1.928788,3.453981,1.525193
34,81,47,odd,even,0.0004195120127,0.602935,0.643559,0.040624
53,131,78,even,odd,0.0006353710196,-0.166299,-0.421573,-0.255274
49,117,68,even,odd,2.490000028e-08,1.939159,2.014223,0.075064
41,98,57,odd,odd,0.01061216369,0.091730,0.122941,0.031210
34,81,47,odd,even,0.002753369976,0.186851,0.325323,0.138472
27,66,39,odd,odd,4.199999903e-09,2.353222,1.523067,-0.830155
64,154,90,even,even,9.679999857e-13,6.063254,5.405606,-0.657648
29,66,37,odd,odd,9.939999757e-08,0.415961,1.168748,0.752787
41,99,58,even,odd,0.05035075918,0.132144,0.013096,-0.119049
48,118,70,even,even,0.0143918572,0.342899,0.282254,-0.060645
61,165,104,even,odd,2.160000016e-13,5.496137,5.661480,0.165344
68,171,103,odd,even,1.029999957e-11,4.547634,2.274040,-2.273594
32,76,44,even,even,5.410000085e-05,-0.268953,0.068382,0.337335
52,127,75,odd,even,2.320000014e-08,2.990137,2.828783,-0.161354
42,112,70,even,even,3.740000011e-06,-0.451867,0.100082,0.551949
40,98,58,even,even,0.3150372207,0.053386,0.049106,-0.004280
29,78,49,odd,odd,2.969999969e-06,-0.197959,-0.258948,-0.060989
55,140,85,odd,odd,0.4428091943,-0.102899,-0.052823,0.050077
51,123,72,even,odd,2.12000009e-06,0.036783,-0.142430,-0.179213
52,128,76,even,even,1.36999995e-06,2.016127,1.683225,-0.332902
68,168,100,even,even,6.690000116e-13,5.924784,5.682164,-0.242621
50,129,79,odd,even,0.06583770365,0.107625,0.140997,0.033372
34,87,53,odd,even,0.07285431027,-0.044226,0.062682,0.106908
44,108,64,even,even,1.330000032e-05,2.246540,2.063276,-0.183264
50,118,68,even,even,5.389999842e-07,1.537962,0.550662,-0.987300
64,161,97,odd,even,8.490000027e-07,0.105433,0.720391,0.614958
61,157,96,even,odd,0.000989431981,-0.012214,-0.045065,-0.032851
58,142,84,even,even,0.001890002983,0.085066,0.022279,-0.062786
30,74,44,even,even,0.0001282519952,-0.007942,-0.205113,-0.197170
48,125,77,odd,even,3.640000068e-05,1.693003,1.397344,-0.295659
29,82,53,odd,odd,1.009999983e-11,4.366532,2.539278,-1.827255
32,75,43,odd,even,3.629999981e-07,1.310826,1.426024,0.115199
48,111,63,odd,even,4.789999952e-09,2.099309,2.113719,0.014409
48,115,67,odd,even,1.150000003e-06,1.112136,1.202312,0.090176
51,127,76,even,odd,0.0005062060081,0.391915,0.214709,-0.177206
42,96,54,even,even,7.350000053e-10,2.313847,1.811297,-0.502550
48,112,64,even,even,7.119999902e-12,4.642529,5.118840,0.476311
61,162,101,odd,odd,1.220000012e-08,0.720503,1.031626,0.311124
63,166,103,odd,odd,9.2599997e-08,0.960748,0.672080,-0.288668
51,123,72,even,odd,0.0001482109947,0.656891,0.506076,-0.150814
58,151,93,odd,even,0.002778918948,0.190868,0.215377,0.024509
49,112,63,odd,odd,1.24000003e-11,4.718258,4.342217,-0.376041
60,153,93,odd,even,0.0164245721,0.108150,-0.002505,-0.110655
34,85,51,odd,even,0.1499015838,-0.001356,-0.000282,0.001075
40,100,60,even,even,0.7718072534,-0.035377,-0.054490,-0.019112
33,89,56,even,odd,9.329999557e-06,-0.190306,0.271447,0.461753
25,69,44,even,odd,1.13e-11,4.294008,3.386925,-0.907083
34,93,59,odd,even,2.410000022e-08,1.919379,1.025223,-0.894156
53,139,86,even,odd,0.05022130162,0.205057,0.252949,0.047893
30,70,40,even,even,1.78999997e-08,-0.243446,1.596046,1.839492
30,72,42,even,even,7.579999988e-07,1.315241,0.674333,-0.640908
50,139,89,odd,even,5.299999805e-13,6.077596,6.742489,0.664893
43,99,56,even,odd,4.030000156e-08,1.971593,2.239357,0.267764
58,147,89,odd,even,0.1377641559,0.061040,0.043281,-0.017759
51,135,84,even,odd,0.01194707956,0.324578,0.215467,-0.109111
42,101,59,odd,even,0.005979273934,0.666972,0.803765,0.136793
63,158,95,odd,odd,1.359999987e-05,0.343931,0.385635,0.041704
53,132,79,odd,odd,0.003149570897,0.170230,0.253508,0.083278
29,68,39,odd,odd,8.569999821e-09,1.246112,1.207179,-0.038933
35,93,58,even,odd,0.0001688909979,0.404362,0.470853,0.066491
59,148,89,odd,odd,0.009864257649,0.007623,0.031168,0.023545
49,121,72,even,odd,0.0004533120082,-0.118631,-0.112433,0.006197
61,166,105,odd,odd,8.589999876e-16,8.041107,8.680026,0.638919
29,79,50,even,odd,7.130000085e-06,0.451879,0.513209,0.061329
47,117,70,even,odd,0.0007468180265,0.041439,0.017094,-0.024345
41,115,74,even,odd,6.899999872e-17,10.834950,9.823610,-1.011340
41,110,69,odd,odd,4.619999891e-05,0.354063,0.376904,0.022841
24,69,45,odd,even,4.970000229e-16,8.655320,8.359336,-0.295984
69,169,100,even,odd,1.739999962e-15,6.758634,7.620473,0.861839
29,74,45,odd,odd,0.0008757809992,-0.208543,0.046975,0.255518
50,137,87,odd,even,4.179999991e-08,1.280650,-0.287816,-1.568466
28,68,40,even,even,5.769999916e-05,0.065467,0.018997,-0.046470
65,160,95,odd,odd,1.229999991e-09,2.859050,1.908927,-0.950123
34,86,52,even,even,0.1795319915,-0.064091,-0.069705,-0.005614
23,66,43,odd,odd,4.959999946e-16,8.564663,9.074562,0.509898
53,146,93,odd,odd,1.489999964e-11,4.672838,4.616044,-0.056794
54,138,84,even,even,0.7070435882,0.017392,0.002255,-0.015136
28,69,41,odd,even,8.600000001e-07,0.156405,-1.083750,-1.240154
41,108,67,odd,odd,0.0002131719957,0.332286,0.414270,0.081984
33,93,60,even,odd,3.379999891e-10,3.925882,3.274796,-0.651086
34,92,58,even,even,2.320000021e-05,-1.030191,-0.886123,0.144068
67,163,96,even,odd,7.630000283e-14,4.695860,6.123627,1.427767
49,118,69,odd,odd,2.219999942e-06,0.170344,0.052034,-0.118310
45,111,66,even,odd,0.0005921190022,-0.007920,-0.137828,-0.129908
38,103,65,odd,even,3.01e-06,-0.901477,0.053072,0.954549
28,74,46,even,even,4.049999916e-06,-0.633495,-0.745555,-0.112060
27,73,46,even,odd,1.019999996e-08,1.677247,1.762812,0.085566
57,154,97,odd,odd,4.029999889e-09,1.412058,3.332929,1.920871
46,119,73,odd,even,0.0001653399959,0.205111,0.443883,0.238772
32,83,51,odd,even,0.01594559662,-0.178238,-0.073094,0.105144
34,83,49,odd,even,0.03033328056,0.144174,0.122478,-0.021695
42,101,59,odd,even,0.0326834023,-0.026511,0.040762,0.067273
33,93,60,even,odd,8.309999824e-13,6.215670,6.353278,0.137608
62,149,87,odd,even,2.659999998e-09,2.526775,2.008281,-0.518493
48,126,78,even,even,0.01033897791,-0.341544,-0.001244,0.340300
53,144,91,odd,odd,1.189999992e-07,1.535046,0.932464,-0.602582
55,135,80,even,odd,4.210000043e-05,0.450285,0.433903,-0.016381
65,164,99,odd,odd,4.769999862e-08,-0.237520,0.550663,0.788182
48,134,86,even,even,3.199999987e-11,2.807638,5.106544,2.298906
27,71,44,even,odd,1.89999998e-08,1.435411,0.360117,-1.075294
51,140,89,odd,odd,7.160000148e-09,2.107338,2.887276,0.779938
48,109,61,odd,even,4.250000091e-12,6.002658,5.898636,-0.104022
52,134,82,even,even,0.9154092073,0.006061,-0.001029,-0.007090
33,76,43,odd,odd,4.980000085e-06,-0.466022,0.588665,1.054687
34,82,48,even,even,0.006518181879,-0.027828,0.099627,0.127455
62,166,104,even,even,1.98999997e-10,3.594899,3.715984,0.121086
39,96,57,odd,odd,0.3077859581,-0.059603,-0.020931,0.038671
40,103,63,odd,even,0.06309520453,0.031439,0.016838,-0.014601
46,103,57,odd,even,2.470000073e-11,4.139859,4.237976,0.098117
52,137,85,odd,even,0.01229457557,-0.265167,-0.139281,0.125886
54,130,76,even,even,1.599999996e-05,1.508913,1.724312,0.215399
46,113,67,odd,even,0.0001553460024,0.626893,0.414428,-0.212465
48,124,76,even,even,0.001017212984,0.140536,-0.005254,-0.145790
50,132,82,even,even,0.124062255,-0.114417,-0.214413,-0.099996
47,110,63,odd,odd,1.010000026e-12,5.598723,5.104481,-0.494242
61,154,93,odd,odd,0.001706431969,-0.056407,-0.063415,-0.007009
25,67,42,even,odd,6.180000014e-07,-0.089457,-0.578391,-0.488934
61,162,101,odd,odd,6.150000331e-08,1.076589,1.274728,0.198139
28,76,48,even,even,5.100000067e-08,0.854074,0.591092,-0.262982
39,88,49,odd,odd,2.159999957e-10,3.764691,3.502548,-0.262143
46,116,70,even,even,0.09256066382,-0.068425,-0.029285,0.039140
57,150,93,odd,odd,0.003007912077,0.081235,0.152566,0.071331
48,115,67,odd,even,1.040000029e-06,1.172890,1.242746,0.069856
37,85,48,even,odd,1.96000002e-07,0.741395,-2.181708,-2.923102
64,164,100,even,even,2.289999941e-07,-0.829990,0.790399,1.620389
51,140,89,odd,odd,5.870000042e-10,3.418332,2.565872,-0.852460
28,68,40,even,even,2.890000133e-07,-0.134053,0.482696,0.616749
57,143,86,even,odd,0.1253503859,-0.086678,-0.158986,-0.072308
31,74,43,odd,odd,7.529999948e-06,0.243662,-1.446834,-1.690496
60,161,101,odd,even,1.850000014e-10,3.363245,4.170777,0.807532
26,66,40,even,even,1.569999949e-05,0.607042,-0.040027,-0.647069
70,170,100,even,even,6.380000001e-11,4.118958,2.347541,-1.771417
57,151,94,even,odd,0.000215196007,0.456460,0.450115,-0.006345
37,90,53,odd,odd,0.2357886583,-0.055396,-0.104074,-0.048678
29,79,50,even,odd,2.350000017e-07,0.585677,0.799374,0.213697
46,104,58,even,even,3.210000044e-10,3.962286,3.167479,-0.794807
43,117,74,even,odd,1.919999931e-06,0.372675,-0.514305,-0.886979
56,145,89,odd,even,0.343096137,-0.088173,-0.057225,0.030948
40,102,62,even,even,0.2539087832,0.029165,-0.021869,-0.051034
56,143,87,odd,even,0.6429100633,-0.026351,-0.006406,0.019945
26,75,49,odd,even,1.340000024e-14,7.240152,7.284569,0.044417
54,133,79,odd,even,0.001314089051,-0.138335,-0.034434,0.103901
49,130,81,odd,odd,0.01422495954,-0.241009,-0.294994,-0.053984
60,151,91,odd,even,0.004665580112,0.279762,0.381215,0.101453
50,126,76,even,even,0.006810273044,-0.194203,-0.200895,-0.006692
31,75,44,even,odd,0.001067401026,0.021289,-0.048966,-0.070254
44,118,74,even,even,5.219999988e-09,1.408117,1.922051,0.513933
40,98,58,even,even,0.3674562275,-0.023902,0.000012,0.023914
66,164,98,even,even,9.979999959e-06,-0.927519,0.199842,1.127361
54,146,92,even,even,5.299999884e-06,0.168765,0.103467,-0.065298
37,84,47,odd,odd,3.860000097e-10,2.759516,2.836639,0.077123
35,96,61,odd,odd,2.490000028e-08,1.595781,0.619595,-0.976187
43,111,68,even,odd,0.03037210926,0.007629,-0.050734,-0.058363
33,78,45,odd,odd,6.070000018e-05,-0.129710,-0.518209,-0.388499
40,96,56,even,even,0.01551370136,0.307982,0.395200,0.087218
29,81,52,even,odd,5.369999911e-08,0.740270,2.001643,1.261374
34,88,54,even,even,0.06239860877,-0.186337,-0.216329,-0.029992
34,75,41,odd,even,1.850000014e-10,2.811365,3.167157,0.355792
47,131,84,even,odd,3.149999983e-10,2.335933,2.752274,0.416342
50,136,86,even,even,9.939999472e-07,0.997782,0.358571,-0.639211
59,152,93,odd,odd,0.01885377057,-0.026147,0.013334,0.039481
42,108,66,even,even,0.04075622559,-0.213129,-0.091533,0.121596
33,83,50,even,odd,0.08727142215,-0.002567,-0.045931,-0.043364
65,165,100,even,odd,4.730000001e-05,0.077706,0.360451,0.282745
50,121,71,odd,even,1.899999916e-05,-0.072579,-0.151162,-0.078582
50,128,78,even,even,0.04695406929,0.028260,-0.062908,-0.091168
51,139,88,even,odd,3.069999934e-07,0.622908,-0.002544,-0.625452
59,157,98,even,odd,4.739999895e-07,0.263568,0.590886,0.327318
56,152,96,even,even,4.909999962e-09,1.198655,2.866895,1.668240
51,126,75,odd,odd,0.02452371083,0.049821,0.095514,0.045693
53,133,80,even,odd,0.03558545187,0.060062,0.043593,-0.016469
35,91,56,even,odd,0.02295139618,-0.129201,-0.082961,0.046240
46,122,76,even,even,0.0009370190091,-0.430930,-0.084895,0.346034
31,80,49,odd,odd,0.001679118024,0.082268,0.063847,-0.018421
24,67,43,odd,even,1.090000052e-12,6.131702,5.507801,-0.623901
61,153,92,even,odd,0.01095725968,-0.033245,0.010279,0.043524
57,141,84,even,odd,0.02886724472,0.184379,-0.053686,-0.238065
30,77,47,odd,even,0.00170384103,-0.184294,-0.197653,-0.013359
40,96,56,even,even,0.05063709244,-0.080451,-0.088721,-0.008269
40,90,50,even,even,1.950000023e-10,3.750382,3.165902,-0.584480
60,147,87,odd,even,8.689999959e-06,0.628155,0.483939,-0.144216
54,132,78,even,even,5.460000011e-06,0.731918,0.983304,0.251386
26,72,46,even,even,1.260000021e-10,3.412804,3.245695,-0.167108
43,110,67,odd,odd,0.001738711027,-0.360694,0.071920,0.432614
59,154,95,odd,odd,0.00109049899,-0.077055,0.079550,0.156604
65,170,105,odd,odd,3.739999976e-10,2.428310,2.286459,-0.141851
36,98,62,even,even,8.540000067e-07,0.310814,0.372585,0.061771
57,147,90,even,odd,0.2401320189,-0.076908,-0.132750,-0.055842
51,123,72,even,odd,1.880000013e-06,0.150462,0.054047,-0.096414
62,163,101,odd,even,9.249999877e-09,1.177489,-1.187881,-2.365369
47,132,85,odd,odd,4.199999994e-13,7.193451,5.480591,-1.712859
51,132,81,odd,odd,0.3862654269,-0.053353,-0.019773,0.033580
56,139,83,odd,even,0.006703040097,0.288738,0.356112,0.067374
35,92,57,odd,odd,0.001154165948,0.359764,0.420350,0.060586
52,131,79,odd,even,0.2257443815,-0.017440,-0.003919,0.013521
35,94,59,odd,odd,3.529999958e-05,0.044494,0.043002,-0.001492
60,159,99,odd,even,1.440000005e-06,0.899328,0.602620,-0.296707
54,131,77,odd,even,0.0001717760024,1.157360,1.260958,0.103599
28,67,39,odd,even,2.219999988e-05,-0.099618,-0.691656,-0.592038
59,156,97,odd,odd,5.800000054e-06,-0.053043,0.605467,0.658511
29,67,38,even,odd,1.530000016e-10,4.002579,1.286291,-2.716288
53,134,81,odd,odd,0.1709408164,0.000617,0.003353,0.002736
57,152,95,odd,odd,1.479999992e-05,0.430396,0.687779,0.257383
42,97,55,odd,even,3.199999909e-08,2.736292,2.829624,0.093331
48,122,74,even,even,0.09977307916,-0.268330,-0.132929,0.135401
27,66,39,odd,odd,2.309999945e-05,-0.531161,-0.722583,-0.191422
58,140,82,even,even,5.649999935e-08,0.880031,0.233479,-0.646553
44,118,74,even,even,6.150000263e-05,-1.462008,-0.277179,1.184829
40,97,57,odd,even,0.2025882453,-0.005939,0.013735,0.019674
39,109,70,even,odd,4.290000213e-12,4.370844,5.215336,0.844492
37,100,63,odd,odd,3.800000059e-06,-0.620091,-0.108650,0.511440
63,156,93,odd,odd,1.030000021e-06,1.118436,0.940685,-0.177751
35,81,46,even,odd,4.460000127e-05,0.307388,-0.108495,-0.415883
44,118,74,even,even,1.399999974e-07,0.929723,0.744315,-0.185408
62,163,101,odd,even,1.030000021e-06,-0.251385,-0.484240,-0.232855
58,148,90,even,even,0.1866539121,-0.063746,-0.137834,-0.074088
31,74,43,odd,odd,0.0002891370095,-0.233203,-0.358913,-0.125710
60,153,93,odd,even,0.01235255599,0.093598,0.079307,-0.014292
59,151,92,even,odd,0.03778565675,0.015137,-0.006323,-0.021460
64,158,94,even,even,1.300000037e-07,0.750814,0.411767,-0.339047
52,127,75,odd,even,0.002864076057,0.486084,0.448685,-0.037399
56,149,93,odd,even,0.0003027470084,0.453905,0.637267,0.183362
44,121,77,odd,even,2.239999974e-14,8.086100,8.014714,-0.071385
35,83,48,even,odd,0.005504284054,0.090230,-0.136692,-0.226922
60,146,86,even,even,0.0001404600043,0.063848,-0.086119,-0.149967
63,161,98,even,odd,7.659999937e-06,-0.005103,-0.060230,-0.055127
40,91,51,odd,even,1.259999993e-09,1.932130,-4.061242,-5.993372
36,100,64,even,even,6.530000152e-11,2.835558,3.116812,0.281253
61,152,91,odd,odd,0.0004948289716,-0.369353,-0.372623,-0.003270
53,138,85,odd,odd,0.244894281,-0.091770,-0.053249,0.038521
45,111,66,even,odd,0.03886472434,0.075844,-0.031220,-0.107063
31,83,52,even,odd,2.529999983e-05,0.348936,0.183404,-0.165532
37,102,65,odd,odd,6.980000133e-09,-0.485812,1.837845,2.323657
46,111,65,odd,even,4.42999999e-06,1.148382,0.697577,-0.450805
60,142,82,even,even,1.079999978e-09,2.905012,3.282037,0.377025
40,102,62,even,even,0.3454615176,-0.112488,-0.157275,-0.044786
60,158,98,even,even,1.169999996e-05,0.454556,0.536022,0.081466
57,139,82,even,odd,0.001032829052,0.263022,0.113723,-0.149299
47,119,72,even,odd,0.00305449497,-0.250057,-0.319160,-0.069103
58,139,81,odd,even,1.809999958e-06,-0.244448,0.046691,0.291139
29,73,44,even,odd,0.0008857030189,-0.068205,0.003590,0.071795
43,97,54,even,odd,3.490000111e-08,1.142850,1.165339,0.022488
42,110,68,even,even,0.005040428136,-0.201928,-0.108946,0.092981
59,154,95,odd,odd,0.000548505981,-0.561850,-0.310445,0.251405
45,104,59,odd,odd,2.760000006e-09,1.980502,2.411708,0.431206
32,86,54,even,even,5.330000022e-06,0.695166,0.864661,0.169495
54,145,91,odd,even,0.0001965209958,-0.275051,-0.180656,0.094395
34,85,51,odd,even,0.1541453451,0.042214,0.040546,-0.001668
56,143,87,odd,even,0.329911828,0.060807,0.070198,0.009391
38,91,53,odd,even,0.07854039967,-0.054013,-0.039569,0.014444
42,97,55,odd,even,1.200000042e-06,0.547789,1.344765,0.796976
59,153,94,even,odd,0.008468458429,-0.068444,-0.127643,-0.059199
27,70,43,odd,odd,2.460000026e-08,1.696929,1.565883,-0.131046
47,125,78,even,odd,0.000559979002,0.358219,0.263253,-0.094966
30,83,53,odd,even,4.369999917e-09,2.320027,2.330380,0.010353
59,143,84,even,odd,4.940000053e-07,1.064739,0.384683,-0.680056
48,116,68,even,even,0.0009900400182,0.614454,0.697629,0.083175
44,105,61,odd,even,3.670000069e-06,2.103006,1.801367,-0.301639
52,133,81,odd,even,0.6585666537,-0.067688,-0.054868,0.012821
45,120,75,odd,odd,1.869999977e-07,-0.579985,-0.683164,-0.103179
28,71,43,odd,even,8.279999975e-07,0.184246,-0.893532,-1.077777
30,79,49,odd,even,9.290000162e-05,0.735401,0.574647,-0.160754
71,172,101,odd,odd,4.789999994e-12,5.569447,5.301619,-0.267829
49,125,76,even,odd,0.001815572032,-0.030720,-0.167328,-0.136608
36,90,54,even,even,0.6725412011,-0.041048,-0.033553,0.007495
38,104,66,even,even,2.410000022e-08,1.316186,1.312926,-0.003259
43,118,75,odd,odd,4.850000176e-12,4.244628,5.110799,0.866171
40,110,70,even,even,4.059999981e-08,1.248302,1.375997,0.127695
61,147,86,even,odd,2.570000106e-06,-0.909466,-0.157707,0.751759
49,134,85,odd,odd,1.10000002e-07,-0.712895,0.828189,1.541085
48,113,65,odd,even,5.870000319e-11,4.397011,3.017946,-1.379065
57,138,81,odd,odd,9.390000173e-07,-0.055328,-0.381378,-0.326050
61,151,90,even,odd,0.002945153043,-0.086286,-0.101558,-0.015273
66,159,93,odd,even,6.760000115e-09,2.213434,1.831183,-0.382251
43,113,70,even,odd,0.003227720037,0.175997,0.054043,-0.121954
32,70,38,even,even,3.839999846e-11,4.832918,4.829923,-0.002995
58,149,91,odd,even,0.09413624555,0.145691,0.064936,-0.080754
54,140,86,even,even,0.3995436728,0.062559,0.070166,0.007607
53,144,91,odd,odd,1.84000001e-07,-1.120207,0.009786,1.129994
53,146,93,odd,odd,1.179999987e-10,4.015005,2.949941,-1.065064
44,117,73,odd,even,0.0004284479946,-0.141750,-0.008236,0.133513
63,163,100,even,odd,3.460000153e-05,-0.013341,0.211520,0.224861
55,152,97,odd,odd,1.419999999e-14,7.678117,8.743129,1.065012
27,76,49,odd,odd,6.860000124e-09,2.101190,0.885668,-1.215522
36,88,52,even,even,0.2763000131,-0.023922,-0.012265,0.011657
48,123,75,odd,even,0.0006611900171,0.158058,0.137607,-0.020451
37,101,64,even,odd,2.929999994e-07,0.679262,0.501516,-0.177746
33,80,47,odd,odd,0.009619944729,-0.233487,-0.101676,0.131811
57,152,95,odd,odd,5.190000138e-06,0.978313,1.022894,0.044581
47,125,78,even,odd,1.430000007e-10,5.576793,5.447791,-0.129001
58,153,95,odd,even,7.100000221e-05,-0.464500,-0.191829,0.272671
62,151,89,odd,even,3.98000011e-05,-0.065279,0.024249,0.089528
37,99,62,even,odd,2.689999928e-05,0.270219,0.516647,0.246428
50,139,89,odd,even,4.620000129e-12,5.586759,4.994131,-0.592628
53,144,91,odd,odd,1.759999968e-08,-0.219901,0.976030,1.195931
38,94,56,even,even,0.6458520293,0.032945,0.028237,-0.004708
47,127,80,even,odd,2.87000006e-07,0.782720,1.348361,0.565641
67,169,102,even,odd,5.099999867e-10,2.120193,1.492115,-0.628078
68,172,104,even,even,3.299999857e-11,4.030452,2.962001,-1.068451
52,126,74,even,even,2.150000039e-10,5.038516,4.845890,-0.192626
29,69,40,even,odd,1.29e-07,0.327830,-0.417067,-0.744897
41,105,64,even,odd,0.02378466167,0.120126,0.091722,-0.028404
26,67,41,odd,even,6.420000176e-08,-1.230543,0.268687,1.499230
54,125,71,odd,even,2.300000034e-12,5.488852,6.315817,0.826966
40,106,66,even,even,0.0007508629933,-0.264184,-0.135601,0.128583
58,143,85,odd,even,0.00977839902,0.074906,0.011505,-0.063401
52,126,74,even,even,0.0004770370142,0.817551,0.742662,-0.074889
61,159,98,even,odd,9.310000314e-05,-0.049783,-0.090182,-0.040399
56,137,81,odd,even,0.003331495915,0.186259,0.194175,0.007916
