Z_physical,E_group,Yield_physical
23.0,0.000 MeV,9.973553333333336e-07
23.0,0.600 MeV,9.973553333333336e-07
23.0,10.000 MeV,9.973553333333336e-07
23.0,12.000 MeV,9.973553333333336e-07
23.0,14.000 MeV,9.973553333333336e-07
23.0,2.000 MeV,9.973553333333336e-07
23.0,4.000 MeV,9.973553333333336e-07
23.0,6.000 MeV,9.973553333333336e-07
23.0,8.000 MeV,9.973553333333336e-07
24.0,0.000 MeV,4.9867766666666676e-06
24.0,0.600 MeV,4.9867766666666676e-06
24.0,10.000 MeV,4.9867766666666676e-06
24.0,12.000 MeV,4.9867766666666676e-06
24.0,14.000 MeV,4.9867766666666676e-06
24.0,2.000 MeV,4.9867766666666676e-06
24.0,4.000 MeV,4.9867766666666676e-06
24.0,6.000 MeV,4.9867766666666676e-06
24.0,8.000 MeV,4.9867766666666676e-06
25.0,0.000 MeV,7.978842666666668e-06
25.0,0.600 MeV,7.978842666666668e-06
25.0,10.000 MeV,7.978842666666668e-06
25.0,12.000 MeV,7.978842666666668e-06
25.0,14.000 MeV,7.978842666666668e-06
25.0,2.000 MeV,7.978842666666668e-06
25.0,4.000 MeV,7.978842666666668e-06
25.0,6.000 MeV,7.978842666666668e-06
25.0,8.000 MeV,7.978842666666668e-06
26.0,0.000 MeV,9.973553333333335e-06
26.0,0.600 MeV,9.973553333333335e-06
26.0,10.000 MeV,0.00020944462000000005
26.0,12.000 MeV,0.0004102109533333334
26.0,14.000 MeV,0.00040956332
26.0,2.000 MeV,9.973553333333335e-06
26.0,4.000 MeV,9.973553333333335e-06
26.0,6.000 MeV,0.0003098277866666667
26.0,8.000 MeV,0.0003098277866666667
27.0,0.000 MeV,7.978842666666668e-06
27.0,0.600 MeV,7.978842666666668e-06
27.0,10.000 MeV,0.003178351252
27.0,12.000 MeV,0.005735097554333334
27.0,14.000 MeV,0.003374998637333334
27.0,2.000 MeV,7.978842666666668e-06
27.0,4.000 MeV,0.00030718544266666674
27.0,6.000 MeV,0.0010079247093333335
27.0,8.000 MeV,0.0015078976426666669
27.999999999999996,0.000 MeV,0.0002074499093333334
27.999999999999996,0.600 MeV,0.00030783307600000005
27.999999999999996,10.000 MeV,0.04361768403833334
27.999999999999996,12.000 MeV,0.045393682452000005
27.999999999999996,14.000 MeV,0.039367467238000005
27.999999999999996,2.000 MeV,0.0036182820990000005
27.999999999999996,4.000 MeV,0.017455091316000003
27.999999999999996,6.000 MeV,0.04731899273066667
27.999999999999996,8.000 MeV,0.03755081040366667
29.0,0.000 MeV,0.0012063984206666669
29.0,0.600 MeV,0.006258786820333334
29.0,10.000 MeV,0.11913942458900001
29.0,12.000 MeV,0.14279120116500002
29.0,14.000 MeV,0.11820749965133334
29.0,2.000 MeV,0.030491937363333336
29.0,4.000 MeV,0.10917601319366668
29.0,6.000 MeV,0.1773236192736667
29.0,8.000 MeV,0.11351046118533335
30.0,0.000 MeV,0.1263856385236667
30.0,0.600 MeV,0.21745805276300004
30.0,10.000 MeV,0.9040157555603334
30.0,12.000 MeV,0.9196843244210001
30.0,14.000 MeV,0.720961947793
30.0,2.000 MeV,0.5742799274696667
30.0,4.000 MeV,1.2308189898200002
30.0,6.000 MeV,1.3392003439610003
30.0,8.000 MeV,0.7933872108976667
31.000000000000004,0.000 MeV,0.26728242152000004
31.000000000000004,0.600 MeV,0.40828195154466673
31.000000000000004,10.000 MeV,1.3588892910283334
31.000000000000004,12.000 MeV,1.5940627448493336
31.000000000000004,14.000 MeV,1.2553847972246668
31.000000000000004,2.000 MeV,0.9845873911223334
31.000000000000004,4.000 MeV,1.8626222669210002
31.000000000000004,6.000 MeV,2.084034729959334
31.000000000000004,8.000 MeV,1.2509449145263336
32.0,0.000 MeV,1.2654802286750002
32.0,0.600 MeV,1.504756115846
32.0,10.000 MeV,2.993449124604667
32.0,12.000 MeV,3.220138089557667
32.0,14.000 MeV,2.918889462799667
32.0,2.000 MeV,2.5788085082270005
32.0,4.000 MeV,4.090187069962667
32.0,6.000 MeV,3.8833143120270006
32.0,8.000 MeV,2.8900681474303336
33.0,0.000 MeV,2.373023852007334
33.0,0.600 MeV,2.4780094443863336
33.0,10.000 MeV,4.425134617205667
33.0,12.000 MeV,4.528131554289668
33.0,14.000 MeV,4.428982983999001
33.0,2.000 MeV,3.9020819488670004
33.0,4.000 MeV,5.367849592501668
33.0,6.000 MeV,5.322972527159667
33.0,8.000 MeV,4.370640158005667
34.0,0.000 MeV,11.422203477479668
34.0,0.600 MeV,11.636891330470002
34.0,10.000 MeV,12.256307946532335
34.0,12.000 MeV,12.179984960498002
34.0,14.000 MeV,13.597722594194336
34.0,2.000 MeV,11.637886049935668
34.0,4.000 MeV,12.325570595875002
34.0,6.000 MeV,12.303748500039667
34.0,8.000 MeV,12.679771135807002
35.0,0.000 MeV,17.7180706026
35.0,0.600 MeV,15.21036853638667
35.0,10.000 MeV,21.698533521944668
35.0,12.000 MeV,16.431799957989668
35.0,14.000 MeV,19.862678128504
35.0,2.000 MeV,17.78312794203767
35.0,4.000 MeV,18.613061114888
35.0,6.000 MeV,19.460140671673336
35.0,8.000 MeV,23.634811658925003
36.00000000000001,0.000 MeV,63.22731208364001
36.00000000000001,0.600 MeV,59.203474575905005
36.00000000000001,10.000 MeV,47.19339463370534
36.00000000000001,12.000 MeV,44.40258481746301
36.00000000000001,14.000 MeV,52.03227817981001
36.00000000000001,2.000 MeV,50.81127793952767
36.00000000000001,4.000 MeV,47.41311231155
36.00000000000001,6.000 MeV,48.91460758708634
36.00000000000001,8.000 MeV,53.92738820869034
37.0,0.000 MeV,51.701304717943
37.0,0.600 MeV,47.54932419920534
37.0,10.000 MeV,48.89226654913734
37.0,12.000 MeV,45.01198089439367
37.0,14.000 MeV,47.51876603485734
37.0,2.000 MeV,52.448809749518006
37.0,4.000 MeV,51.410043801783004
37.0,6.000 MeV,53.536842414852
37.0,8.000 MeV,55.43057872276368
38.0,0.000 MeV,90.51601117438801
38.0,0.600 MeV,86.98558921534135
38.0,10.000 MeV,71.326318070243
38.0,12.000 MeV,66.54901099631768
38.0,14.000 MeV,68.32691528478668
38.0,2.000 MeV,78.27883364298367
38.0,4.000 MeV,69.841320781101
38.0,6.000 MeV,70.29525615492234
38.0,8.000 MeV,73.46056509484967
39.0,0.000 MeV,60.28202439968234
39.0,0.600 MeV,58.94505757470334
39.0,10.000 MeV,63.05948914174501
39.0,12.000 MeV,60.24372501581401
39.0,14.000 MeV,52.356443972654006
39.0,2.000 MeV,65.72478728769434
39.0,4.000 MeV,66.41572731153934
39.0,6.000 MeV,65.00880804295434
39.0,8.000 MeV,60.30373638489834
40.0,0.000 MeV,85.39026670708468
40.0,0.600 MeV,85.63634221319634
40.0,10.000 MeV,68.36164418837234
40.0,12.000 MeV,64.19606079205401
40.0,14.000 MeV,64.58937574297534
40.0,2.000 MeV,79.95103564212168
40.0,4.000 MeV,69.26577204926268
40.0,6.000 MeV,65.99128387092767
40.0,8.000 MeV,68.90983626000634
41.0,0.000 MeV,41.83358547380034
41.0,0.600 MeV,44.95990749583634
41.0,10.000 MeV,44.20980698948567
41.0,12.000 MeV,44.54773949171467
41.0,14.000 MeV,39.27421595207934
41.0,2.000 MeV,51.923906028538674
41.0,4.000 MeV,50.519922430043
41.0,6.000 MeV,45.54501144873267
41.0,8.000 MeV,44.58904051360367
42.0,0.000 MeV,15.531906628220336
42.0,0.600 MeV,23.369595479173338
42.0,10.000 MeV,18.46531967005267
42.0,12.000 MeV,19.09142329457167
42.0,14.000 MeV,17.588745466474002
42.0,2.000 MeV,23.336499349889667
42.0,4.000 MeV,23.945259625748005
42.0,6.000 MeV,20.417041821988
42.0,8.000 MeV,16.764855114156337
43.0,0.000 MeV,1.6102238647653335
43.0,0.600 MeV,1.9136544006050002
43.0,10.000 MeV,7.567965946266668
43.0,12.000 MeV,9.251826990393335
43.0,14.000 MeV,9.165141929312668
43.0,2.000 MeV,2.9588155461693337
43.0,4.000 MeV,4.711051561010334
43.0,6.000 MeV,6.036509643744667
43.0,8.000 MeV,5.280482664189667
44.0,0.000 MeV,0.2617311417346667
44.0,0.600 MeV,0.3695151124126667
44.0,10.000 MeV,5.349838261868334
44.0,12.000 MeV,7.708605023007001
44.0,14.000 MeV,7.795519935634001
44.0,2.000 MeV,0.9269396699856668
44.0,4.000 MeV,2.3064119076110003
44.0,6.000 MeV,3.701410811157334
44.0,8.000 MeV,3.553712647657667
45.0,0.000 MeV,0.08276222940666668
45.0,0.600 MeV,0.14100375907033336
45.0,10.000 MeV,5.203234462699
45.0,12.000 MeV,7.649001546348668
45.0,14.000 MeV,7.815993360958001
45.0,2.000 MeV,0.5177320366886667
45.0,4.000 MeV,1.827771530552667
45.0,6.000 MeV,3.1816494607530004
45.0,8.000 MeV,3.193393255039667
46.0,0.000 MeV,0.10692041639133334
46.0,0.600 MeV,0.18149165140400003
46.0,10.000 MeV,5.405734432749667
46.0,12.000 MeV,7.917995941251001
46.0,14.000 MeV,7.843635905944668
46.0,2.000 MeV,0.7751276424076667
46.0,4.000 MeV,2.103136144066667
46.0,6.000 MeV,3.5025660642110004
46.0,8.000 MeV,3.3211135104313336
47.0,0.000 MeV,0.07922135892000001
47.0,0.600 MeV,0.12739219672666668
47.0,10.000 MeV,5.272722119290667
47.0,12.000 MeV,8.083874124438335
47.0,14.000 MeV,7.731768108422334
47.0,2.000 MeV,0.5246664864130001
47.0,4.000 MeV,1.7984367973820001
47.0,6.000 MeV,3.244792894735
47.0,8.000 MeV,3.189839554936667
48.0,0.000 MeV,0.261731031637
48.0,0.600 MeV,0.39154286421300005
48.0,10.000 MeV,5.447421677253334
48.0,12.000 MeV,7.635808601239001
48.0,14.000 MeV,7.8018620340063345
48.0,2.000 MeV,0.8933364632310001
48.0,4.000 MeV,2.156419574267667
48.0,6.000 MeV,3.650259001309667
48.0,8.000 MeV,3.5346437576963337
49.0,0.000 MeV,1.5461175684013335
49.0,0.600 MeV,1.798993820335667
49.0,10.000 MeV,7.741882716295668
49.0,12.000 MeV,9.462373972995334
49.0,14.000 MeV,8.925083221826334
49.0,2.000 MeV,2.9564536662606673
49.0,4.000 MeV,4.636584044476001
49.0,6.000 MeV,6.077170285793668
49.0,8.000 MeV,5.265222233855667
50.0,0.000 MeV,21.65757895798367
50.0,0.600 MeV,23.832539445614003
50.0,10.000 MeV,18.089112814983668
50.0,12.000 MeV,19.604828007235337
50.0,14.000 MeV,17.078825092383337
50.0,2.000 MeV,23.74807106504867
50.0,4.000 MeV,21.226539410730002
50.0,6.000 MeV,20.992261517235004
50.0,8.000 MeV,16.342188144730667
51.0,0.000 MeV,44.525286996069006
51.0,0.600 MeV,47.296840549074005
51.0,10.000 MeV,46.17384035317634
51.0,12.000 MeV,46.16972501897034
51.0,14.000 MeV,40.06565109896534
51.0,2.000 MeV,49.339085015495336
51.0,4.000 MeV,49.892730412373005
51.0,6.000 MeV,48.362082725402004
51.0,8.000 MeV,42.91543485340801
52.0,0.000 MeV,82.31111070678601
52.0,0.600 MeV,86.24478169683567
52.0,10.000 MeV,68.49805682940834
52.0,12.000 MeV,64.35840926347701
52.0,14.000 MeV,63.19677577691701
52.0,2.000 MeV,81.46956915330267
52.0,4.000 MeV,70.49796202703868
52.0,6.000 MeV,66.23337909381235
52.0,8.000 MeV,68.66127960583134
53.0,0.000 MeV,57.559401280668006
53.0,0.600 MeV,59.57778308167101
53.0,10.000 MeV,61.26327200399167
53.0,12.000 MeV,61.54040715637034
53.0,14.000 MeV,54.64603238040467
53.0,2.000 MeV,66.669473639428
53.0,4.000 MeV,62.74689959396801
53.0,6.000 MeV,62.57865497153334
53.0,8.000 MeV,58.98964284237067
54.0,0.000 MeV,89.44469590714534
54.0,0.600 MeV,86.826500029908
54.0,10.000 MeV,69.32595508003834
54.0,12.000 MeV,65.72202903675668
54.0,14.000 MeV,66.28385814862968
54.0,2.000 MeV,77.09076086235967
54.0,4.000 MeV,74.817852833979
54.0,6.000 MeV,72.32702563142567
54.0,8.000 MeV,72.50965518754901
55.0,0.000 MeV,54.16855189521734
55.0,0.600 MeV,49.061410973896336
55.0,10.000 MeV,50.03402086576734
55.0,12.000 MeV,50.67350636299201
55.0,14.000 MeV,46.82022258843634
55.0,2.000 MeV,52.41495637495934
55.0,4.000 MeV,54.08898930477034
55.0,6.000 MeV,51.85120890191334
55.0,8.000 MeV,54.709005823589344
56.00000000000001,0.000 MeV,67.37160737723534
56.00000000000001,0.600 MeV,60.22739603581434
56.00000000000001,10.000 MeV,47.481496096554004
56.00000000000001,12.000 MeV,44.138186572706005
56.00000000000001,14.000 MeV,51.97380295165801
56.00000000000001,2.000 MeV,49.68250050457467
56.00000000000001,4.000 MeV,44.64585211420167
56.00000000000001,6.000 MeV,46.50088541372267
56.00000000000001,8.000 MeV,53.42106824201867
57.00000000000001,0.000 MeV,15.314371591283003
57.00000000000001,0.600 MeV,15.262592477312335
57.00000000000001,10.000 MeV,19.723582575716
57.00000000000001,12.000 MeV,18.930768474984003
57.00000000000001,14.000 MeV,19.851080258960003
57.00000000000001,2.000 MeV,15.523447649629334
57.00000000000001,4.000 MeV,18.94315698177767
57.00000000000001,6.000 MeV,19.601105391406335
57.00000000000001,8.000 MeV,20.327635392688002
58.0,0.000 MeV,11.265873384907335
58.0,0.600 MeV,11.015485573387668
58.0,10.000 MeV,12.381707135868002
58.0,12.000 MeV,11.964553708633334
58.0,14.000 MeV,13.179300343162001
58.0,2.000 MeV,11.357158527267668
58.0,4.000 MeV,12.489061900507002
58.0,6.000 MeV,12.850964983296668
58.0,8.000 MeV,13.055456568326669
59.0,0.000 MeV,2.262412955353
59.0,0.600 MeV,2.534307704899
59.0,10.000 MeV,4.329915341969667
59.0,12.000 MeV,4.503894258893334
59.0,14.000 MeV,4.261789425130001
59.0,2.000 MeV,3.572649083649667
59.0,4.000 MeV,5.293606442059334
59.0,6.000 MeV,5.5156655216466675
59.0,8.000 MeV,4.475815319137667
60.0,0.000 MeV,1.218896163774667
60.0,0.600 MeV,1.5458798416336668
60.0,10.000 MeV,2.9670648988030006
60.0,12.000 MeV,3.246502659687667
60.0,14.000 MeV,3.0351928815930003
60.0,2.000 MeV,2.591399134907667
60.0,4.000 MeV,3.8033882956586673
60.0,6.000 MeV,3.926248276602667
60.0,8.000 MeV,2.8676773194306673
61.00000000000001,0.000 MeV,0.2536023589986667
61.00000000000001,0.600 MeV,0.3961143265756667
61.00000000000001,10.000 MeV,1.4152430601940003
61.00000000000001,12.000 MeV,1.4981872162803336
61.00000000000001,14.000 MeV,1.288573557504
61.00000000000001,2.000 MeV,0.9706302127740001
61.00000000000001,4.000 MeV,1.955212908554667
61.00000000000001,6.000 MeV,2.0351335107083335
61.00000000000001,8.000 MeV,1.273960145251667
62.00000000000001,0.000 MeV,0.13277969004200002
62.00000000000001,0.600 MeV,0.21219020970600003
62.00000000000001,10.000 MeV,0.8908897886900001
62.00000000000001,12.000 MeV,0.9339806489170002
62.00000000000001,14.000 MeV,0.7192179359896668
62.00000000000001,2.000 MeV,0.6391513443300001
62.00000000000001,4.000 MeV,1.2042813526343334
62.00000000000001,6.000 MeV,1.3253759628276667
62.00000000000001,8.000 MeV,0.7912894552913334
63.0,0.000 MeV,0.0012103878420000002
63.0,0.600 MeV,0.005727837584666667
63.0,10.000 MeV,0.1306489634226667
63.0,12.000 MeV,0.141847223771
63.0,14.000 MeV,0.11699478032933334
63.0,2.000 MeV,0.03191758557266667
63.0,4.000 MeV,0.11312127241000001
63.0,6.000 MeV,0.16937747561400002
63.0,8.000 MeV,0.10970364654666669
64.0,0.000 MeV,0.00021243668600000003
64.0,0.600 MeV,0.0004125553860000001
64.0,10.000 MeV,0.04535005787066667
64.0,12.000 MeV,0.04527965365100001
64.0,14.000 MeV,0.037317163726000004
64.0,2.000 MeV,0.0017123554860000003
64.0,4.000 MeV,0.016859339889000003
64.0,6.000 MeV,0.043719524380000006
64.0,8.000 MeV,0.037723443545000006
65.0,0.000 MeV,9.973553333333335e-06
65.0,0.600 MeV,9.973553333333335e-06
65.0,10.000 MeV,0.0019107773866666668
65.0,12.000 MeV,0.0050386197150000004
65.0,14.000 MeV,0.002309071886666667
65.0,2.000 MeV,9.973553333333335e-06
65.0,4.000 MeV,0.0003098277866666667
65.0,6.000 MeV,0.0011090073200000002
65.0,8.000 MeV,0.0019101297533333336
66.0,0.000 MeV,1.0970908666666668e-05
66.0,0.600 MeV,1.0970908666666668e-05
66.0,10.000 MeV,0.0006106793753333334
66.0,12.000 MeV,0.0011106523086666668
66.0,14.000 MeV,0.0008107980753333334
66.0,2.000 MeV,1.0970908666666668e-05
66.0,4.000 MeV,0.00011070644200000003
66.0,6.000 MeV,0.000310825142
66.0,8.000 MeV,0.00041056067533333334
67.00000000000001,0.000 MeV,1.1968264000000003e-05
67.00000000000001,0.600 MeV,1.1968264000000003e-05
67.00000000000001,10.000 MeV,1.1968264000000003e-05
67.00000000000001,12.000 MeV,1.1968264000000003e-05
67.00000000000001,14.000 MeV,1.1968264000000003e-05
67.00000000000001,2.000 MeV,1.1968264000000003e-05
67.00000000000001,4.000 MeV,1.1968264000000003e-05
67.00000000000001,6.000 MeV,1.1968264000000003e-05
67.00000000000001,8.000 MeV,1.1968264000000003e-05
68.0,0.000 MeV,9.973553333333335e-06
68.0,0.600 MeV,9.973553333333335e-06
68.0,10.000 MeV,9.973553333333335e-06
68.0,12.000 MeV,9.973553333333335e-06
68.0,14.000 MeV,9.973553333333335e-06
68.0,2.000 MeV,9.973553333333335e-06
68.0,4.000 MeV,9.973553333333335e-06
68.0,6.000 MeV,9.973553333333335e-06
68.0,8.000 MeV,9.973553333333335e-06
69.0,0.000 MeV,6.981487333333335e-06
69.0,0.600 MeV,6.981487333333335e-06
69.0,10.000 MeV,6.981487333333335e-06
69.0,12.000 MeV,6.981487333333335e-06
69.0,14.000 MeV,6.981487333333335e-06
69.0,2.000 MeV,6.981487333333335e-06
69.0,4.000 MeV,6.981487333333335e-06
69.0,6.000 MeV,6.981487333333335e-06
69.0,8.000 MeV,6.981487333333335e-06
70.0,0.000 MeV,4.9867766666666676e-06
70.0,0.600 MeV,4.9867766666666676e-06
70.0,10.000 MeV,4.9867766666666676e-06
70.0,12.000 MeV,4.9867766666666676e-06
70.0,14.000 MeV,4.9867766666666676e-06
70.0,2.000 MeV,4.9867766666666676e-06
70.0,4.000 MeV,4.9867766666666676e-06
70.0,6.000 MeV,4.9867766666666676e-06
70.0,8.000 MeV,4.9867766666666676e-06
71.0,0.000 MeV,9.973553333333336e-07
71.0,0.600 MeV,9.973553333333336e-07
71.0,10.000 MeV,9.973553333333336e-07
71.0,12.000 MeV,9.973553333333336e-07
71.0,14.000 MeV,9.973553333333336e-07
71.0,2.000 MeV,9.973553333333336e-07
71.0,4.000 MeV,9.973553333333336e-07
71.0,6.000 MeV,9.973553333333336e-07
71.0,8.000 MeV,9.973553333333336e-07
