Z_physical,E_physical,Yield_pred
23,0.0,2.0390425e-08
23,1.0,1.0817213e-08
23,2.0,9.576163e-08
23,3.0,2.198878e-07
23,4.0,7.798415e-08
23,5.0,1.7728695e-07
23,6.0,5.083879e-09
23,7.0,1.14947545e-08
23,8.0,1.2180138e-07
23,9.0,5.459238e-09
23,10.0,5.048414e-08
23,11.0,8.314281e-09
23,12.0,1.2781177e-07
23,13.0,3.8377848e-09
23,14.0,1.7283673e-09
24,0.0,2.3857357e-08
24,1.0,2.473938e-07
24,2.0,1.7526959e-07
24,3.0,1.2453492e-07
24,4.0,1.5537077e-07
24,5.0,1.126293e-07
24,6.0,1.3569411e-07
24,7.0,7.379689e-08
24,8.0,9.647428e-08
24,9.0,8.448742e-08
24,10.0,2.8098237e-08
24,11.0,1.442233e-07
24,12.0,1.7217575e-07
24,13.0,1.318718e-07
24,14.0,2.0196634e-08
25,0.0,1.0452198e-07
25,1.0,2.591338e-07
25,2.0,2.3621729e-07
25,3.0,6.2495405e-07
25,4.0,1.1485595e-06
25,5.0,1.9748309e-06
25,6.0,3.2600164e-07
25,7.0,4.7395727e-07
25,8.0,5.041738e-07
25,9.0,1.0693313e-06
25,10.0,5.0811417e-07
25,11.0,1.0196492e-06
25,12.0,1.381401e-06
25,13.0,1.7231168e-06
25,14.0,1.985305e-07
26,0.0,2.7061057e-07
26,1.0,2.5208033e-07
26,2.0,6.5977275e-07
26,3.0,1.939407e-07
26,4.0,3.0743232e-07
26,5.0,5.317494e-07
26,6.0,9.631752e-07
26,7.0,3.98192e-06
26,8.0,5.6411195e-06
26,9.0,3.1065692e-06
26,10.0,2.8069348e-06
26,11.0,9.17177e-06
26,12.0,1.2356665e-05
26,13.0,1.7858123e-05
26,14.0,1.4901404e-05
27,0.0,1.7542791e-07
27,1.0,7.057032e-07
27,2.0,6.830056e-07
27,3.0,9.11433e-06
27,4.0,2.462215e-06
27,5.0,1.2793151e-05
27,6.0,1.1367053e-05
27,7.0,2.6151649e-05
27,8.0,6.793278e-05
27,9.0,4.418604e-05
27,10.0,5.116592e-05
27,11.0,8.264872e-05
27,12.0,0.00011136715
27,13.0,0.00014106742
27,14.0,0.0001435978
28,0.0,8.2374545e-06
28,1.0,1.7843824e-05
28,2.0,0.00012269475
28,3.0,0.0003962517
28,4.0,0.00057076
28,5.0,0.0010443893
28,6.0,0.0011841673
28,7.0,0.001261947
28,8.0,0.001291525
28,9.0,0.0013624247
28,10.0,0.0016544162
28,11.0,0.0018097598
28,12.0,0.0020551188
28,13.0,0.001919329
28,14.0,0.001332423
29,0.0,6.850773e-05
29,1.0,0.00053092465
29,2.0,0.0010659277
29,3.0,0.0011031104
29,4.0,0.0021967804
29,5.0,0.00375419
29,6.0,0.004977805
29,7.0,0.0053298487
29,8.0,0.0038957477
29,9.0,0.0034352457
29,10.0,0.004513299
29,11.0,0.005075644
29,12.0,0.0052215173
29,13.0,0.0050045094
29,14.0,0.0054100985
30,0.0,0.004226753
30,1.0,0.011229558
30,2.0,0.020578912
30,3.0,0.032494623
30,4.0,0.043944053
30,5.0,0.05424458
30,6.0,0.050818756
30,7.0,0.03590566
30,8.0,0.029589463
30,9.0,0.029256212
30,10.0,0.033848483
30,11.0,0.03813764
30,12.0,0.03550806
30,13.0,0.02923266
30,14.0,0.024584722
31,0.0,0.0088901855
31,1.0,0.022780394
31,2.0,0.04503933
31,3.0,0.060286492
31,4.0,0.08000538
31,5.0,0.0917722
31,6.0,0.09001748
31,7.0,0.07914206
31,8.0,0.04823353
31,9.0,0.047328692
31,10.0,0.05196037
31,11.0,0.05965772
31,12.0,0.065815516
31,13.0,0.06338175
31,14.0,0.05080725
32,0.0,0.061606396
32,1.0,0.08993233
32,2.0,0.12154468
32,3.0,0.17865965
32,4.0,0.20512305
32,5.0,0.21345048
32,6.0,0.18750025
32,7.0,0.14740849
32,8.0,0.14072847
32,9.0,0.14181992
32,10.0,0.15229636
32,11.0,0.14540191
32,12.0,0.1348794
32,13.0,0.14182445
32,14.0,0.13170557
33,0.0,0.12686345
33,1.0,0.18462129
33,2.0,0.25801083
33,3.0,0.30799368
33,4.0,0.32368612
33,5.0,0.31916416
33,6.0,0.3353135
33,7.0,0.2972197
33,8.0,0.24278142
33,9.0,0.2649605
33,10.0,0.2776
33,11.0,0.2687389
33,12.0,0.2716448
33,13.0,0.26171365
33,14.0,0.25053364
34,0.0,0.5491773
34,1.0,0.57056427
34,2.0,0.5959567
34,3.0,0.62205416
34,4.0,0.6668182
34,5.0,0.6803765
34,6.0,0.6445014
34,7.0,0.6517433
34,8.0,0.672565
34,9.0,0.6825439
34,10.0,0.64662105
34,11.0,0.6205803
34,12.0,0.5941282
34,13.0,0.63689065
34,14.0,0.6387016
35,0.0,0.8627036
35,1.0,0.78953856
35,2.0,0.86540896
35,3.0,0.93921906
35,4.0,0.9651725
35,5.0,0.96632266
35,6.0,0.9909707
35,7.0,0.98562825
35,8.0,1.0229784
35,9.0,1.016016
35,10.0,0.9901241
35,11.0,0.9611187
35,12.0,0.93489283
35,13.0,0.92584485
35,14.0,0.9828255
36,0.0,2.176237
36,1.0,2.0444338
36,2.0,1.8286452
36,3.0,1.7563874
36,4.0,1.6929809
36,5.0,1.6889956
36,6.0,1.7467501
36,7.0,1.8240061
36,8.0,1.8906976
36,9.0,1.717069
36,10.0,1.6243274
36,11.0,1.5508444
36,12.0,1.5449855
36,13.0,1.6117826
36,14.0,1.7106959
37,0.0,1.7643969
37,1.0,1.7424681
37,2.0,1.9149363
37,3.0,1.9278924
37,4.0,1.8968668
37,5.0,1.9199471
37,6.0,1.9359065
37,7.0,1.9328364
37,8.0,1.7950761
37,9.0,1.9316412
37,10.0,1.8793225
37,11.0,1.8387027
37,12.0,1.8047276
37,13.0,1.8387653
37,14.0,1.7836215
38,0.0,2.9042485
38,1.0,2.856353
38,2.0,2.7120368
38,3.0,2.5171366
38,4.0,2.3608162
38,5.0,2.3147712
38,6.0,2.2575095
38,7.0,2.3683326
38,8.0,2.4440396
38,9.0,2.4294116
38,10.0,2.3316
38,11.0,2.272016
38,12.0,2.1276293
38,13.0,2.0803833
38,14.0,2.092991
39,0.0,1.7093261
39,1.0,1.8474993
39,2.0,2.0981183
39,3.0,2.1850538
39,4.0,2.1917195
39,5.0,2.1330106
39,6.0,2.132817
39,7.0,2.0461333
39,8.0,1.950169
39,9.0,2.081539
39,10.0,2.1118698
39,11.0,2.0599535
39,12.0,2.0135114
39,13.0,2.026808
39,14.0,2.0339322
40,0.0,2.5818944
40,1.0,2.7272997
40,2.0,2.5328846
40,3.0,2.402732
40,4.0,2.2438235
40,5.0,2.1709487
40,6.0,2.1645288
40,7.0,2.2026687
40,8.0,2.2491195
40,9.0,2.240697
40,10.0,2.1857016
40,11.0,2.0945427
40,12.0,2.004472
40,13.0,1.9941189
40,14.0,2.0221002
41,0.0,1.2159702
41,1.0,1.536132
41,2.0,1.7383062
41,3.0,1.7932299
41,4.0,1.777626
41,5.0,1.7379482
41,6.0,1.6626995
41,7.0,1.642925
41,8.0,1.468269
41,9.0,1.460113
41,10.0,1.5089614
41,11.0,1.5103288
41,12.0,1.5172156
41,13.0,1.6060756
41,14.0,1.521789
42,0.0,0.6465643
42,1.0,0.731299
42,2.0,0.7708498
42,3.0,0.7827474
42,4.0,0.8072835
42,5.0,0.7869253
42,6.0,0.80232155
42,7.0,0.7429444
42,8.0,0.7331496
42,9.0,0.7711465
42,10.0,0.7825369
42,11.0,0.7880301
42,12.0,0.74907285
42,13.0,0.7581842
42,14.0,0.7395087
43,0.0,0.054083
43,1.0,0.08518539
43,2.0,0.12884142
43,3.0,0.17138633
43,4.0,0.19451274
43,5.0,0.24985082
43,6.0,0.28337386
43,7.0,0.29476678
43,8.0,0.25835246
43,9.0,0.2611504
43,10.0,0.34294137
43,11.0,0.4168461
43,12.0,0.48916137
43,13.0,0.52858806
43,14.0,0.5014147
44,0.0,0.0124885095
44,1.0,0.027140094
44,2.0,0.048159402
44,3.0,0.077119224
44,4.0,0.09595716
44,5.0,0.13072838
44,6.0,0.14879139
44,7.0,0.15863769
44,8.0,0.15143813
44,9.0,0.18414883
44,10.0,0.22960314
44,11.0,0.29876918
44,12.0,0.3403824
44,13.0,0.33929053
44,14.0,0.34503073
45,0.0,0.0044817855
45,1.0,0.014867124
45,2.0,0.034465075
45,3.0,0.059534546
45,4.0,0.08314118
45,5.0,0.13243648
45,6.0,0.17446995
45,7.0,0.18406366
45,8.0,0.1718249
45,9.0,0.18388909
45,10.0,0.29481164
45,11.0,0.3870833
45,12.0,0.45060307
45,13.0,0.49143186
45,14.0,0.4707647
46,0.0,0.0052423123
46,1.0,0.019449735
46,2.0,0.036286317
46,3.0,0.065873556
46,4.0,0.09904404
46,5.0,0.13291354
46,6.0,0.15983962
46,7.0,0.16856459
46,8.0,0.14619577
46,9.0,0.17106718
46,10.0,0.23933801
46,11.0,0.31521422
46,12.0,0.35663342
46,13.0,0.36154413
46,14.0,0.3393197
47,0.0,0.003930195
47,1.0,0.014994165
47,2.0,0.032868534
47,3.0,0.05168197
47,4.0,0.089658864
47,5.0,0.13498937
47,6.0,0.15747246
47,7.0,0.17940187
47,8.0,0.15891883
47,9.0,0.18025625
47,10.0,0.25692874
47,11.0,0.35333642
47,12.0,0.42046282
47,13.0,0.44719362
47,14.0,0.4259761
48,0.0,0.0073913494
48,1.0,0.018425282
48,2.0,0.038471557
48,3.0,0.06569436
48,4.0,0.09378031
48,5.0,0.11723177
48,6.0,0.14623886
48,7.0,0.16180155
48,8.0,0.14896649
48,9.0,0.16202022
48,10.0,0.23215857
48,11.0,0.3065102
48,12.0,0.3520217
48,13.0,0.36386222
48,14.0,0.34542596
49,0.0,0.03949425
49,1.0,0.079974994
49,2.0,0.10339972
49,3.0,0.14483528
49,4.0,0.19266237
49,5.0,0.23018257
49,6.0,0.26273546
49,7.0,0.28102183
49,8.0,0.24663779
49,9.0,0.26101115
49,10.0,0.35228953
49,11.0,0.43310097
49,12.0,0.5079095
49,13.0,0.52334297
49,14.0,0.5040784
50,0.0,0.6049098
50,1.0,0.68638045
50,2.0,0.71643907
50,3.0,0.71861684
50,4.0,0.7111911
50,5.0,0.7219595
50,6.0,0.76141775
50,7.0,0.71801937
50,8.0,0.68248326
50,9.0,0.7153955
50,10.0,0.76022565
50,11.0,0.7722834
50,12.0,0.7853815
50,13.0,0.8058212
50,14.0,0.78130865
51,0.0,1.1650293
51,1.0,1.425842
51,2.0,1.5663271
51,3.0,1.5722425
51,4.0,1.5999981
51,5.0,1.5891463
51,6.0,1.4613855
51,7.0,1.4394904
51,8.0,1.3426164
51,9.0,1.340659
51,10.0,1.4166112
51,11.0,1.5032172
51,12.0,1.5768894
51,13.0,1.5781014
51,14.0,1.4685775
52,0.0,2.503091
52,1.0,2.5739639
52,2.0,2.4637215
52,3.0,2.3539484
52,4.0,2.2007413
52,5.0,2.2649934
52,6.0,2.19233
52,7.0,2.1346867
52,8.0,2.2811806
52,9.0,2.2555463
52,10.0,2.262279
52,11.0,2.1646683
52,12.0,2.0783486
52,13.0,2.1580608
52,14.0,2.1096678
53,0.0,1.617068
53,1.0,2.0175872
53,2.0,2.2218904
53,3.0,2.297533
53,4.0,2.2629979
53,5.0,2.2066875
53,6.0,2.1233442
53,7.0,2.1178749
53,8.0,1.9371576
53,9.0,2.043495
53,10.0,2.0701756
53,11.0,2.1069906
53,12.0,2.0569725
53,13.0,2.049215
53,14.0,1.9200033
54,0.0,3.004201
54,1.0,2.737164
54,2.0,2.4945827
54,3.0,2.4653957
54,4.0,2.3687534
54,5.0,2.3043973
54,6.0,2.2951248
54,7.0,2.2840621
54,8.0,2.370736
54,9.0,2.2822492
54,10.0,2.175339
54,11.0,2.0790753
54,12.0,2.1107042
54,13.0,2.1174624
54,14.0,2.1697714
55,0.0,1.9737716
55,1.0,1.9610128
55,2.0,2.182343
55,3.0,2.0620215
55,4.0,1.9774941
55,5.0,2.0041738
55,6.0,2.057663
55,7.0,1.87105
55,8.0,1.9143629
55,9.0,2.0148675
55,10.0,2.1241832
55,11.0,1.9779992
55,12.0,2.0499258
55,13.0,2.0572152
55,14.0,1.9143481
56,0.0,2.358841
56,1.0,2.1529531
56,2.0,1.883013
56,3.0,1.7784246
56,4.0,1.7250468
56,5.0,1.6952103
56,6.0,1.7110785
56,7.0,1.8056711
56,8.0,1.886504
56,9.0,1.7793916
56,10.0,1.6547183
56,11.0,1.5544381
56,12.0,1.5083731
56,13.0,1.6474786
56,14.0,1.7881968
57,0.0,0.98727745
57,1.0,0.8775808
57,2.0,0.9428768
57,3.0,1.0334492
57,4.0,1.0191411
57,5.0,0.98197013
57,6.0,0.9419141
57,7.0,0.9432369
57,8.0,1.0314561
57,9.0,0.9883147
57,10.0,0.9781035
57,11.0,0.97817457
57,12.0,0.9711404
57,13.0,0.98520374
57,14.0,0.9827756
58,0.0,0.58006114
58,1.0,0.6378951
58,2.0,0.6274899
58,3.0,0.61489564
58,4.0,0.6060431
58,5.0,0.63115644
58,6.0,0.61956316
58,7.0,0.6276153
58,8.0,0.59757954
58,9.0,0.5747969
58,10.0,0.5446454
58,11.0,0.5281981
58,12.0,0.5265072
58,13.0,0.5566538
58,14.0,0.58532304
59,0.0,0.13054758
59,1.0,0.15221995
59,2.0,0.19288383
59,3.0,0.22134635
59,4.0,0.26996115
59,5.0,0.27748868
59,6.0,0.29225183
59,7.0,0.26973972
59,8.0,0.23575695
59,9.0,0.22047715
59,10.0,0.21891668
59,11.0,0.21601793
59,12.0,0.22020306
59,13.0,0.21590336
59,14.0,0.20288366
60,0.0,0.060722854
60,1.0,0.08209573
60,2.0,0.11075227
60,3.0,0.13583423
60,4.0,0.14873734
60,5.0,0.16774027
60,6.0,0.16886619
60,7.0,0.13942683
60,8.0,0.11689424
60,9.0,0.11046268
60,10.0,0.11400767
60,11.0,0.122784205
60,12.0,0.122205034
60,13.0,0.12660296
60,14.0,0.11819872
61,0.0,0.0067453864
61,1.0,0.015650375
61,2.0,0.034215745
61,3.0,0.05111681
61,4.0,0.0661332
61,5.0,0.07671547
61,6.0,0.084238194
61,7.0,0.06346799
61,8.0,0.053157788
61,9.0,0.04309165
61,10.0,0.048212413
61,11.0,0.05566331
61,12.0,0.057275593
61,13.0,0.055857822
61,14.0,0.043781646
62,0.0,0.0035426188
62,1.0,0.010142308
62,2.0,0.021117112
62,3.0,0.034394734
62,4.0,0.04586547
62,5.0,0.051704634
62,6.0,0.05441777
62,7.0,0.043771274
62,8.0,0.029226074
62,9.0,0.028690271
62,10.0,0.037969608
62,11.0,0.040015843
62,12.0,0.032439876
62,13.0,0.02997598
62,14.0,0.024397828
63,0.0,4.530103e-05
63,1.0,0.0004365522
63,2.0,0.00092565746
63,3.0,0.0022138425
63,4.0,0.0031112619
63,5.0,0.005201599
63,6.0,0.005300287
63,7.0,0.00419125
63,8.0,0.0033822749
63,9.0,0.0037109342
63,10.0,0.0039380114
63,11.0,0.0041666455
63,12.0,0.0046867677
63,13.0,0.0043816804
63,14.0,0.0040900256
64,0.0,3.418232e-06
64,1.0,4.064052e-05
64,2.0,0.00013116434
64,3.0,0.00031115903
64,4.0,0.00066705473
64,5.0,0.0012188164
64,6.0,0.0016283252
64,7.0,0.0016809942
64,8.0,0.0013987254
64,9.0,0.001245295
64,10.0,0.0015134654
64,11.0,0.0017463962
64,12.0,0.0018295958
64,13.0,0.0016593272
64,14.0,0.0012374832
65,0.0,2.5701627e-07
65,1.0,5.91289e-08
65,2.0,3.995357e-07
65,3.0,2.0805094e-06
65,4.0,1.34555185e-05
65,5.0,4.9981925e-05
65,6.0,6.320115e-05
65,7.0,0.00010362668
65,8.0,0.00010717817
65,9.0,0.00017130331
65,10.0,0.00022248384
65,11.0,0.0002240535
65,12.0,0.00020237117
65,13.0,0.00020508724
65,14.0,0.00033059536
66,0.0,3.65962e-07
66,1.0,7.7737275e-07
66,2.0,9.181263e-07
66,3.0,4.0912212e-07
66,4.0,7.3497307e-07
66,5.0,1.4265609e-05
66,6.0,6.5316103e-06
66,7.0,6.873527e-06
66,8.0,1.7337297e-05
66,9.0,8.289361e-06
66,10.0,4.0941584e-05
66,11.0,4.0730825e-05
66,12.0,4.5278233e-05
66,13.0,5.593197e-05
66,14.0,6.323578e-05
67,0.0,4.655311e-07
67,1.0,5.1609186e-07
67,2.0,5.3359145e-07
67,3.0,5.5159546e-07
67,4.0,4.750251e-07
67,5.0,4.3658522e-07
67,6.0,3.1563877e-07
67,7.0,9.553158e-07
67,8.0,5.5529875e-07
67,9.0,1.2294831e-06
67,10.0,1.6448982e-06
67,11.0,1.3726255e-06
67,12.0,2.449e-06
67,13.0,2.0122084e-06
67,14.0,4.0883892e-06
68,0.0,2.3739948e-07
68,1.0,9.27767e-08
68,2.0,3.4961323e-07
68,3.0,3.604868e-07
68,4.0,5.366666e-07
68,5.0,7.314645e-07
68,6.0,4.1041247e-07
68,7.0,1.4139881e-07
68,8.0,6.2394923e-07
68,9.0,3.1467002e-07
68,10.0,6.515886e-07
68,11.0,1.1696586e-06
68,12.0,5.3340364e-07
68,13.0,1.8689103e-07
68,14.0,1.0109611e-06
69,0.0,1.4476215e-07
69,1.0,2.8637288e-07
69,2.0,4.0433935e-07
69,3.0,8.7101245e-07
69,4.0,3.4647155e-07
69,5.0,1.5386368e-07
69,6.0,9.8747634e-08
69,7.0,2.2699592e-07
69,8.0,7.285136e-08
69,9.0,1.2012546e-07
69,10.0,6.20345e-07
69,11.0,1.0870644e-06
69,12.0,5.019356e-07
69,13.0,7.604407e-07
69,14.0,1.2125081e-06
70,0.0,2.2087788e-08
70,1.0,2.2967772e-07
70,2.0,1.1476663e-07
70,3.0,1.3578473e-07
70,4.0,1.5938984e-07
70,5.0,1.500767e-07
70,6.0,9.409389e-08
70,7.0,9.933112e-09
70,8.0,1.14925406e-07
70,9.0,1.9391089e-07
70,10.0,3.852759e-07
70,11.0,2.6068145e-07
70,12.0,3.7086568e-07
70,13.0,1.1200359e-07
70,14.0,1.332139e-07
71,0.0,6.481637e-08
71,1.0,1.4964673e-08
71,2.0,2.8492333e-09
71,3.0,3.5868613e-08
71,4.0,6.27699e-08
71,5.0,4.2850742e-10
71,6.0,1.5267286e-11
71,7.0,0.0
71,8.0,3.40876e-10
71,9.0,5.7718563e-10
71,10.0,2.9553795e-09
71,11.0,2.1587474e-09
71,12.0,2.955475e-09
71,13.0,4.0851798e-09
71,14.0,2.1129805e-09
