y_true,y_ens_mean,y_ens_sigma,w1_ft_235UALL_power,w2_ft_235UALL_power,w3_ft_235UALL_power,w4_ft_235UALL_power,w5_ft_235UALL_power,w6_ft_235UALL_power
4.770000042e-13,2.524488115e-08,5.555357723e-08,0,0,0,1.335134669e-08,0,1.381179402e-07
0.01484358311,0.02019704257,0.003420276614,0.0167359449,0.01844756678,0.01983593777,0.02308068424,0.01757917739,0.02550294437
0.01127709076,0.007940319522,0.002295592605,0.006071541458,0.008406140842,0.006950388663,0.01072400901,0.005114885047,0.01037495211
1.760000004e-07,3.747382651e-06,6.278082869e-06,9.612637797e-08,7.120431746e-07,0,1.575619171e-05,5.701522241e-06,2.184123957e-07
0.07893382758,0.0647470771,0.005919898176,0.07186624408,0.06102594733,0.06841353327,0.05515987799,0.06704701483,0.06496984512
1.429999975e-05,2.471015614e-05,3.02309824e-05,8.162887389e-05,5.155819963e-06,3.419877976e-05,1.455260099e-05,1.272486224e-05,0
0.0550439246,0.04055727553,0.009518620656,0.03723433614,0.0404538475,0.04363352433,0.04205885157,0.05463738367,0.02532570995
6.890000037e-08,1.489728708e-07,2.854132337e-07,0,9.890745645e-08,6.980521761e-08,7.251245506e-07,0,0
0.001893489971,0.00222046749,0.0003523585086,0.002234495478,0.002329880372,0.002694862662,0.002261377405,0.002199332695,0.001602856326
0.003076460911,0.001817741916,0.000335071114,0.00187098491,0.001625563833,0.001972164726,0.001792973606,0.002320926636,0.001323837787
0,3.165755187e-06,6.888389612e-06,0,1.717842861e-05,6.768591909e-09,0,1.473126645e-06,3.362072789e-07
7.870000207e-10,2.359305362e-08,5.092563942e-08,1.271232435e-07,1.182145315e-08,0,0,0,2.613625094e-09
2.390000009e-05,2.034477219e-05,1.352963496e-05,3.139147884e-05,4.502403044e-06,9.031092304e-06,3.597646719e-05,1.136998071e-05,2.979721103e-05
5.34999981e-06,2.324813977e-06,3.014883227e-06,0,5.013606369e-06,0,1.935808996e-06,0,6.999468496e-06
1.020000013e-06,1.238921755e-06,1.769079065e-06,0,0,4.377001005e-06,8.111726402e-07,0,2.245356882e-06
4.090000161e-08,1.500106966e-07,3.475932847e-07,0,4.133480047e-08,0,0,0,8.587293792e-07
1.70000007e-07,2.494495282e-06,3.171765686e-06,3.715452749e-06,3.319041298e-06,0,7.925582395e-06,6.895250593e-09,0
1.249999968e-05,0.0002338067377,0.0003899274379,0.0001189656541,0.0009992995765,3.348925929e-06,0.0002746341634,2.508575335e-06,4.083530712e-06
0,3.96320156e-07,8.341996035e-07,0,0,0,0,2.960414065e-07,2.081879529e-06
0.0143738687,0.007227384408,0.001691260288,0.009295943193,0.004788921215,0.007848515175,0.00639592763,0.008707312867,0.006327686366
7.459999584e-15,8.265644406e-08,1.565523337e-07,3.903738843e-07,0,0,0,0,1.0556478e-07
1.919999931e-06,3.392040845e-06,5.603884683e-06,2.930222536e-06,2.975804591e-06,0,5.331022082e-11,2.770312868e-09,1.444339432e-05
8.029999776e-07,1.623578588e-06,3.973079923e-06,0,7.880059272e-09,0,9.733591469e-06,0,0
2.359999973e-09,3.665243534e-07,8.327347426e-07,0,4.250903984e-08,0,0,9.192926598e-08,2.064707814e-06
0.0009191890131,0.0007387977239,0.0003304311939,0.001149076154,0.001068584621,0.0006951281684,0.0003850279027,0.0003636714828,0.000771298015
0.09271103889,0.1009822153,0.01003178299,0.09317757189,0.09980200231,0.1013888419,0.08963713795,0.1184782162,0.1034095213
0.07302175462,0.05488318267,0.004525864644,0.05429150537,0.05313579738,0.06339458376,0.04993934557,0.05344015732,0.05509770662
0.001568621956,0.00492252328,0.003024086951,0.005947078113,0.002890712814,0.002105184365,0.006970401388,0.002147687599,0.009474075399
5.470000009e-09,3.819682437e-08,8.191896298e-08,0,1.731363675e-08,0,0,7.029846927e-09,2.048374625e-07
0.003795694094,0.004069911238,0.001227201668,0.003227284411,0.004770371132,0.004809127189,0.002516278299,0.005754792131,0.003341614269
0.04527974129,0.03719900362,0.001195909718,0.03532705456,0.03785499558,0.03681259602,0.03825766221,0.0365225412,0.03841917217
2.470000072e-05,6.189975516e-05,0.000104953197,1.036279718e-05,0.000273475016,4.587257354e-05,3.115103391e-05,9.694544133e-06,8.425661804e-07
0.0005450950121,0.002932598834,0.001021833659,0.001709042466,0.002332134405,0.003788442817,0.002402690705,0.004465118051,0.002898164559
4.229999961e-10,2.320457826e-08,5.077601088e-08,0,0,0,1.291458585e-08,1.263128837e-07,0
4.519999857e-05,7.690351132e-05,5.50252019e-05,7.948568964e-05,0.0001074263346,7.231944892e-06,1.625823461e-05,0.0001472293079,0.0001037895563
4.909999924e-12,4.841182376e-07,5.10148603e-07,6.798470764e-08,9.14680129e-07,8.633201105e-07,1.058724479e-06,0,0
1.959999963e-06,1.738417292e-08,4.258235324e-08,0,0,0,1.043050375e-07,0,0
0.2922872901,0.2370692988,0.01034877988,0.2286920995,0.2454748601,0.2455221564,0.2319468707,0.2474589646,0.2233208418
0.2991132438,0.2763429632,0.01398818634,0.2842589617,0.2963591516,0.2820624113,0.2630762458,0.2591310441,0.2731699646
7.670000052e-11,1.220393095e-06,2.807589733e-06,6.943707831e-06,1.848041858e-10,3.656694787e-07,0,1.2796459e-08,0
1.380000003e-09,7.670863293e-07,1.309142647e-06,6.182892776e-08,8.827813645e-07,3.349896133e-06,0,0,3.080115505e-07
1.990000055e-05,0.002040745283,0.0006549896195,0.001162680564,0.002102958504,0.002779214643,0.001789250528,0.002799961949,0.00161040551
9.85000006e-05,0.001672185763,0.0006078789114,0.001370009617,0.00138791115,0.000839878805,0.001691179932,0.002408787608,0.002335347468
0.0007351230015,0.0007562476191,0.0002644622454,0.00105521665,0.0004607706796,0.0004192724009,0.0009439433925,0.0007466691313,0.0009116134606
2.440000025e-12,6.907960283e-07,1.431398419e-06,5.158851195e-07,2.045472125e-10,0,0,3.583224498e-06,4.546200572e-08
0.0004979799851,0.0009590065262,0.0005603173053,0.002014064696,0.0006318861851,0.0009080953896,0.00107179163,0.0006699500373,0.0004582512192
0.3492669165,0.3520849148,0.01591848653,0.3785929084,0.3385791481,0.343387574,0.3604347706,0.3546027839,0.3369123042
0.1988824457,0.2494995768,0.02643719581,0.219143182,0.2819551528,0.2163873762,0.266369313,0.252170682,0.2609717548
2.120000009e-10,1.760540011e-07,1.666078849e-07,6.745588116e-11,1.918855332e-07,4.482204758e-07,0,1.930967812e-07,2.230537604e-07
0.003290734021,0.003309952018,0.0006528769636,0.002283037873,0.003130902536,0.003186996561,0.004093102645,0.00394838769,0.0032172848
5.250000087e-11,9.149004733e-07,1.751270101e-06,2.457578585e-09,4.256311854e-07,4.453151632e-06,1.394713767e-08,6.828270838e-09,5.87387035e-07
0,1.343068436e-07,2.068064956e-07,0,0,2.196438231e-07,6.724734902e-08,0,5.189498893e-07
8.05999989e-11,2.676805148e-08,4.170139334e-08,0,8.725714196e-08,0,7.335116692e-08,0,0
0.07404188812,0.07375335693,0.00601219447,0.08000861108,0.07543869317,0.06447657943,0.08004517853,0.07192325592,0.07062782347
4.520000019e-08,4.249592204e-07,5.338891473e-07,7.695632007e-07,0,1.297502877e-06,4.82689245e-07,0,0
0,9.309159286e-07,1.33679901e-06,8.483371516e-08,0,3.191381666e-06,1.971043048e-06,1.539826826e-07,1.842544606e-07
0.03672585636,0.03359275187,0.007430815394,0.02852888405,0.02235844731,0.03490449116,0.0437316522,0.0380121991,0.0340208374
0.0004778460134,0.001418596085,0.0004031065618,0.001892325119,0.001086460426,0.001356812892,0.0008311620331,0.001673871418,0.001670944621
0.2795191109,0.2577723314,0.01972386701,0.2543284893,0.2701838315,0.2854928076,0.2621117532,0.2285878062,0.2459293008
0.3587404788,0.3380674769,0.0247852218,0.3766900897,0.3076356947,0.32357198,0.3331848979,0.3570252359,0.3302969635
1.779999911e-05,1.875190075e-06,4.286854383e-06,2.32061879e-07,2.466864828e-07,0,1.062292722e-05,1.494648671e-07,0
0.3030562103,0.3234019528,0.005780438746,0.325596422,0.3254600167,0.3324679136,0.3222135305,0.3179860413,0.3166877925
1.850000001e-15,6.140809216e-06,1.129544886e-05,2.882035005e-05,6.147099185e-08,3.014113872e-06,0,0,4.948920378e-06
0.5669876337,0.5305934002,0.02757841897,0.4891478121,0.5233772397,0.5102356672,0.5509482026,0.5581002831,0.5517511964
4.959999842e-06,2.984911482e-06,4.367127222e-06,4.550773156e-06,1.358191923e-07,1.094040613e-06,1.623913732e-07,1.124002756e-05,7.264169994e-07
0,1.318414018e-07,1.618464692e-07,1.180887921e-08,1.986956022e-07,7.661970614e-09,0,1.609631681e-07,4.119187906e-07
0,8.544896378e-09,2.0813828e-08,0,0,2.388811093e-10,0,5.103049716e-08,0
0.2871427238,0.1687874769,0.01328050445,0.1548778564,0.1604225934,0.1677496135,0.1729299128,0.1928021014,0.1639427841
4.420000096e-06,0.001849295707,0.0007926579607,0.002896057907,0.001618327689,0.001389023848,0.002668353729,0.0008037751541,0.001720235916
2.349999932e-06,0.0002128051578,0.0001536748142,1.42995932e-05,0.0001706811454,0.0002263710776,0.0004727494961,0.0001307706552,0.0002619589795
6.070000053e-14,1.446627257e-07,2.398791627e-07,1.164531227e-08,2.757075777e-07,5.80623464e-07,0,0,0
0.4373111725,0.419767648,0.02460394552,0.4148727655,0.4226888418,0.4435648024,0.3779326975,0.4452262223,0.4143205583
3.580000012e-12,2.18204996e-07,3.865043974e-07,0,3.063142984e-08,0,3.119895098e-07,9.666090364e-07,0
0.196805656,0.1741821667,0.01448126646,0.1769397259,0.1586258858,0.169348076,0.1705519557,0.2011893988,0.1684379578
0,4.033655331e-05,4.504417004e-05,9.312344628e-05,0,1.218028522e-08,8.315844025e-05,6.572525308e-05,0
0.006731845904,0.0063333419,0.001365425317,0.008069818839,0.006775954273,0.004743454512,0.007194202393,0.004662131425,0.006554489955
2.87999992e-05,2.142378317e-05,1.799978774e-05,1.779902414e-05,1.310084463e-05,1.305388651e-05,1.207066134e-06,3.079907037e-05,5.258280726e-05
0,1.626895044e-06,2.386754824e-06,4.426980013e-06,2.351874002e-07,1.299611796e-07,0,4.969241672e-06,0
0.35160622,0.4167077541,0.02942764046,0.40742746,0.4277124107,0.4025036693,0.4075856805,0.3850562274,0.469961077
4.229999831e-06,1.173855094e-05,1.272394625e-05,2.931559902e-05,7.91450384e-06,5.232340072e-07,1.73519004e-06,4.69643328e-06,2.624634544e-05
0.1469134688,0.131525894,0.01518609524,0.1260840297,0.1107880622,0.125576213,0.1550325453,0.1416801512,0.1299943626
5.499999816e-07,4.655869403e-07,5.991963098e-07,0,1.027812118e-06,1.602912292e-08,7.276702974e-08,2.78171342e-07,1.398742029e-06
1.42000002e-15,2.582414263e-06,5.475210538e-06,0,0,1.271558681e-08,1.822267336e-06,1.365950266e-05,0
4.690000139e-07,1.923687093e-07,1.899900349e-07,4.218154857e-07,4.054562623e-07,0,2.278325155e-07,9.062376449e-08,8.484227543e-09
8.340000204e-05,0.0003340649043,0.00025499021,0.0006335587241,0.0004692629154,0.000168088096,0.0005762977526,9.211998258e-05,6.506195496e-05
0.001075665001,0.001756494807,0.0003611971097,0.00160712807,0.001109919976,0.001923186239,0.001972776139,0.002124398015,0.0018015604
8.789999707e-14,3.743444225e-07,9.16842876e-07,2.245842097e-06,0,0,0,0,2.244376907e-10
8.970000209e-08,2.487022335e-07,3.880548315e-07,0,1.608186362e-09,1.309953319e-07,9.819784736e-07,0,3.776314088e-07
0.007026883774,0.01895107267,0.002812600754,0.01928459853,0.01901427843,0.01806746982,0.01857230626,0.02375078388,0.0150169991
2.950000089e-05,8.212392868e-05,6.74191286e-05,3.599740739e-05,9.903364844e-05,5.893291745e-05,0.0002043312707,1.254956715e-05,8.189876098e-05
0.07976331562,0.09115668138,0.01485952104,0.08201475441,0.09847915173,0.07053690404,0.0959822759,0.08648663759,0.1134403646
0.001673019025,0.0008510919094,0.0003426235238,0.000458247785,0.0007196629886,0.001115839346,0.0007167056319,0.0006947631482,0.001401332556
3.100000034e-09,4.144981235e-07,4.541090239e-07,6.304998692e-07,0,9.795068081e-07,0,3.823189587e-08,8.38750168e-07
1.890000021e-05,5.359444322e-05,7.014264669e-05,3.462964014e-05,1.984673872e-05,2.955558557e-05,4.140999226e-05,2.092913746e-06,0.0001940317889
0.167691797,0.205890802,0.02814402816,0.1804127991,0.2075908333,0.2058023661,0.1774995625,0.2081773132,0.255861938
1.919999931e-06,5.370626753e-06,7.179708987e-06,1.718783835e-07,9.375627087e-06,1.792370676e-05,9.281016133e-08,1.184048148e-08,4.64789764e-06
0,8.012237274e-08,1.654233752e-07,0,0,0,6.746638093e-08,0,4.132678555e-07
6.180000156e-08,1.589011577e-07,2.420240738e-07,0,0,3.408782163e-07,0,4.113982044e-08,5.713889095e-07
5.940000047e-09,2.798891311e-07,6.328178432e-07,3.435854268e-08,7.476968023e-08,0,0,0,1.570206564e-06
0.002423133003,0.001687792508,0.0005620026865,0.001612343709,0.0007042616489,0.001784822787,0.001694781124,0.001899970346,0.002430575434
3.749999866e-09,1.862954704e-06,3.359321108e-06,2.340620767e-06,0,3.73615336e-07,8.463492122e-06,0,0
8.800000173e-10,6.100223415e-08,9.258947005e-08,0,1.949993447e-07,1.498122071e-09,4.767751527e-09,1.647481866e-07,0
3.240000126e-07,1.326177419e-06,3.232828537e-06,0,0,7.925109458e-06,0,3.195505727e-08,0
0.1343461722,0.1287231483,0.007066136845,0.1262841821,0.1197557077,0.138507396,0.1359104216,0.1263957024,0.1254854798
0.09177318215,0.08237208053,0.007471005377,0.07616453618,0.08679977059,0.07403295487,0.08181677014,0.09456932545,0.08084912598
0.0001067799967,1.036975266e-05,1.326501045e-05,3.656946137e-05,4.926635938e-06,8.269000318e-06,7.499487964e-08,9.222461813e-06,3.155961622e-06
0.4392215312,0.4330248137,0.03869150662,0.4978736341,0.4032607079,0.4286040366,0.4577284157,0.416095078,0.3945870101
5.900000133e-08,7.452291603e-06,1.011141044e-05,7.03677506e-06,0,0,1.734745297e-06,9.427826626e-06,2.651440263e-05
0,2.420567711e-07,4.349437967e-07,1.708821031e-07,0,0,1.678863981e-07,0,1.113572125e-06
2.050000031e-10,3.380667058e-06,6.147178216e-06,0,0,0,4.590205549e-07,1.542551217e-05,4.399469617e-06
3.780000043e-05,4.968717277e-05,5.389158192e-05,2.906770715e-05,4.839932808e-05,6.002274313e-05,1.869744892e-06,8.891242942e-06,0.0001498722704
1.880000062e-13,4.794194576e-07,6.968534565e-07,1.389283398e-06,1.227133311e-07,1.364520017e-06,0,0,0
2.779999972e-12,8.943648163e-08,1.031060786e-07,9.784371713e-08,0,1.399705063e-08,0,1.883049805e-07,2.364731415e-07
5.840000039e-09,3.814540855e-07,8.344475555e-07,0,0,1.956649953e-07,1.555374851e-08,2.077505769e-06,0
6.570000096e-06,6.259838943e-06,9.76152836e-06,0,2.468778803e-05,2.167923725e-07,3.014432423e-06,0,9.640020835e-06
0,4.488259956e-07,9.415970041e-07,2.350392151e-06,0,0,0,3.425638226e-07,0
1.64000005e-06,5.062264762e-06,8.256102647e-06,7.856086199e-07,0,6.322309673e-06,3.697422244e-07,2.123923696e-05,1.656691097e-06
0,3.316414671e-07,6.894546872e-07,2.67265591e-07,0,5.296953987e-10,0,1.721982585e-06,7.093139964e-11
9.719999798e-05,0.0001385709044,0.0001337936849,3.483793989e-05,6.775024667e-05,0.0003698500223,0.0002276753221,9.450770449e-05,3.680419104e-05
1.589999954e-07,4.403746712e-07,5.277878711e-07,4.76533927e-07,2.813691324e-08,0,1.566923258e-10,9.200162481e-07,1.217404247e-06
0,4.559664527e-07,7.294770037e-07,1.655839128e-06,0,0,0,1.079959588e-06,0
0.0004286610056,0.0005230138049,0.0002420818724,0.0003195483878,0.0002634532575,0.0008116511744,0.0006468388601,0.0007536316407,0.000342959509
0,3.414534707e-06,8.254323624e-06,1.350884133e-07,8.89162024e-08,0,0,2.026320362e-05,0
0,6.19191961e-06,1.434451523e-05,3.546234802e-05,1.752714951e-07,9.917134776e-07,5.219702643e-07,2.143977496e-10,0
0.0007818309823,0.0003204998296,0.0001149015091,0.0001178010061,0.0003995628504,0.0003896237758,0.0004240427224,0.0002645778004,0.0003273908223
0.003634432098,0.003682609842,0.0008400242053,0.004516990855,0.002126519103,0.003489443799,0.004168034531,0.004048048519,0.003746622242
6.869999795e-12,2.286031327e-07,5.243480341e-07,1.402531336e-08,8.644164495e-09,0,1.29823627e-06,5.071304798e-08,0
5.880000026e-05,7.214020222e-05,7.295009157e-05,0.0001969856967,3.237478813e-05,9.69332541e-05,1.036729373e-05,9.198479529e-05,4.195385372e-06
0.0009497309802,0.000565531358,0.0002280155046,0.0009018920828,0.0002962513827,0.0005414236221,0.0003930317762,0.0004969168804,0.000763672404
0.004390332848,0.00835863268,0.001406426438,0.008698532358,0.006731665228,0.00851102639,0.006793614943,0.008997511119,0.01041944604
1.099999974e-12,3.907173845e-07,7.864384381e-07,2.635383964e-07,6.354390348e-16,0,0,1.982227332e-06,9.853857819e-08
2.920000043e-05,0.0001803307338,0.0001801155746,0.000127301726,0.0001427293028,8.436867211e-05,0.0001607624145,3.128084063e-05,0.0005355414469
8.81999992e-15,4.660973454e-07,1.139793403e-06,2.394326751e-11,2.792688747e-06,0,3.871382326e-09,0,0
0.08763180673,0.06346811416,0.008284004866,0.06145143509,0.07003644854,0.06237507984,0.04973787814,0.06343446672,0.07377337664
5.709999823e-05,4.77856175e-05,6.774932475e-05,1.08819022e-05,0.0001018510084,0.0001613364002,0,1.128346594e-05,1.360928309e-06
8.539999818e-09,2.556116943e-06,3.729347759e-06,2.491379746e-06,2.241396714e-06,9.855319149e-06,1.433945727e-07,2.001163901e-09,6.032103101e-07
0.003632219974,0.002157312352,0.000754620687,0.003565057879,0.002164398786,0.001800765167,0.001980801579,0.002115436364,0.001317414339
3.890000153e-05,8.632180167e-05,8.34491073e-05,4.043943409e-05,8.898886881e-05,4.570786041e-05,3.168525654e-05,5.941565178e-05,0.0002516937384
3.600000014e-07,2.531132017e-05,5.258560083e-05,6.745610182e-10,1.6507189e-06,9.402537216e-06,3.078893542e-06,5.290374702e-06,0.0001324447221
0,6.706804664e-06,1.114488508e-05,1.209010134e-05,2.728314939e-05,3.545627294e-07,5.130145269e-07,0,0
0,1.67099487e-08,4.010215641e-08,0,9.856234584e-08,1.217826395e-09,4.795199793e-10,0,0
0.1270705462,0.1105123435,0.009462933254,0.1190000325,0.1124449149,0.1011140123,0.1199638322,0.1136259139,0.09692535549
0.07111074775,0.06438002673,0.006446249445,0.06367952377,0.06534072012,0.07276903093,0.0531864427,0.06758203357,0.06372240931
1.320000015e-17,2.470377683e-07,2.67093181e-07,7.460739226e-08,6.848853786e-07,1.869893573e-08,0,3.566716487e-07,3.473632546e-07
0.02032135986,0.01682688001,0.003535888066,0.0121269431,0.01458977442,0.02029365301,0.02076007426,0.01461769268,0.01857314259
0.003163130954,0.003547748822,0.0005355442769,0.003255882766,0.002917594276,0.003358336631,0.003760641906,0.003513867268,0.004480170086
0.1431812644,0.161749286,0.01289933796,0.1637238562,0.1809910536,0.1629182249,0.1653604805,0.1414879709,0.1560141295
0.3944199383,0.4034154763,0.009102313859,0.3960185647,0.4141633511,0.4008850455,0.3986497819,0.3952113092,0.4155648053
0.3964755535,0.4068056941,0.01452360199,0.3986469507,0.4232107997,0.4250541925,0.3883760273,0.4053997397,0.4001464546
1.440000008e-09,7.583243337e-07,1.058571433e-06,0,8.845180588e-09,2.14972647e-06,0,3.089898257e-07,2.082384526e-06
4.820000193e-13,8.395591469e-07,1.232138408e-06,0,4.443701584e-08,6.706623026e-07,1.154332494e-06,0,3.167923069e-06
5.790000035e-09,1.945569323e-07,3.493299911e-07,0,0,0,3.044500829e-07,8.628915111e-07,0
1.029999957e-11,1.490768078e-06,2.18979358e-06,0,0,4.86999852e-07,1.469495015e-08,5.067487564e-06,3.375426104e-06
9.340000037e-17,1.74106482e-06,3.404348846e-06,1.035899366e-08,1.914162794e-06,8.513025023e-06,8.599643664e-09,0,2.424671297e-10
0.02066451684,0.01344852631,0.001813010539,0.01276362035,0.01243442949,0.01596974395,0.01430199947,0.01081504487,0.01440631971
0.3752885759,0.382104213,0.01133985342,0.3841338158,0.3819341958,0.3983135819,0.3822755516,0.3627447784,0.3832233548
0,1.829613405e-06,2.304401705e-06,2.212001391e-06,5.893302841e-06,1.599507158e-07,0,2.64230539e-06,7.012009462e-08
0.001741947024,0.001502176106,0.0003397313334,0.001426323201,0.001776378485,0.001720622648,0.0009551187977,0.001302097691,0.001832515816
6.129999974e-08,4.456433014e-06,8.085906389e-06,2.003579539e-05,0,6.680914794e-06,0,3.823663608e-10,2.150553691e-08
3.529999958e-05,1.84331663e-05,2.938320872e-05,3.551085001e-06,1.815573683e-06,7.664371515e-05,5.830305327e-06,2.094066076e-06,2.066425259e-05
0,1.744153378e-06,3.659413113e-06,0,6.473898395e-08,9.144889191e-06,1.255292091e-06,0,0
1.649999958e-15,1.765020807e-06,2.678173806e-06,0,2.815874041e-06,6.721516002e-07,0,6.787870916e-06,3.142282878e-07
1.239999992e-09,0,0,0,0,0,0,0,0
0.2252901345,0.1601433431,0.02321139392,0.17684865,0.1799705923,0.1814967692,0.1478431523,0.1236507893,0.1510501057
5.449999896e-10,1.333228449e-06,3.124331383e-06,7.706765246e-06,0,1.367163893e-08,0,2.789338112e-07,0
0,2.222418937e-06,4.340337924e-06,1.101267117e-05,5.197176733e-08,0,1.300708277e-06,9.230072919e-07,4.615512239e-08
0.0534700565,0.07020034951,0.007084205694,0.07934089005,0.06261323392,0.07541903108,0.07194847614,0.07058933377,0.06129113212
0,2.022753541e-07,4.952871899e-07,0,0,1.21327605e-06,3.760743661e-10,0,0
0.009914970025,0.01936138701,0.00267738927,0.01574265771,0.0209697485,0.02259981818,0.01765146293,0.01778123714,0.02142339759
0.0006426100153,0.003093682501,0.0004864659737,0.003638875438,0.003107482567,0.002982077887,0.003655341454,0.002745388309,0.002432929352
1.120000035e-12,4.084691968e-07,6.298026803e-07,0,1.609729594e-08,0,1.116972498e-06,0,1.317745387e-06
0.141492188,0.1236682013,0.008058549242,0.1208272502,0.1275682002,0.1180558875,0.1119889468,0.1308438033,0.1327251196
1.880000013e-07,6.190968875e-07,1.279115589e-06,0,0,3.215233392e-06,3.444612275e-07,0,1.548867061e-07
0.002713446971,0.001065131937,0.0006799010568,0.0005699519534,0.0004673649673,0.001242203638,0.0009270423325,0.002334729536,0.0008494991926
0,4.278592096e-06,9.027877833e-06,0,7.34421135e-11,4.26057909e-08,3.095136208e-06,2.253373714e-05,0
0.02834926173,0.03545761108,0.00272195379,0.03527596965,0.03061129153,0.03704365343,0.03733086213,0.03801259398,0.03447129577
2.760000086e-07,9.288827125e-07,1.926390724e-06,0,0,7.530769039e-07,0,7.250716472e-09,4.812968655e-06
2.040000079e-14,1.583254668e-06,2.435618346e-06,0,0,1.239192358e-07,5.29403178e-06,4.08157166e-06,5.329763974e-12
3.010000027e-09,6.93222417e-07,1.216452744e-06,0,0,3.790204772e-08,3.484790625e-07,3.119697567e-06,6.532558245e-07
0,2.734054094e-08,3.098029577e-08,8.077110891e-08,1.055255705e-08,0,3.485520139e-08,0,3.78643783e-08
0.0003985899966,0.0006263716447,0.0002208974542,0.0005188300856,0.0009825460147,0.0005132219521,0.0007344621699,0.0006649010465,0.0003442685993
1.249999968e-06,2.438742357e-06,5.079318321e-06,1.371428993e-06,0,5.095990332e-07,1.274918213e-05,0,2.243983888e-09
0.0005069579929,0.0005516123832,0.0003674289515,0.0005079658586,0.0001800140017,0.0004784735502,0.001213319483,0.0006609146367,0.0002689867688
0.0046699089,0.004691933825,0.000731752091,0.004084632266,0.003493118566,0.005129794125,0.00532963546,0.005002019927,0.005112402607
0.04611543939,0.05670618266,0.006552006718,0.04553540051,0.05746318772,0.06372642517,0.06004741043,0.05293526128,0.06052941084
4.059999992e-05,0.0003257276888,0.0001453590476,0.000602518965,0.0002550341887,0.0003711269528,0.0002346469992,0.000225372627,0.0002656664001
3.999999899e-05,0.0001526519142,0.0001102396182,0.0003261001548,0.0002504066215,9.581933409e-05,0.0001150100434,4.354810517e-05,8.502722631e-05
0,2.687750332e-06,6.244535991e-06,4.951272672e-07,0,0,1.542860628e-05,1.628645947e-07,3.990385267e-08
4.220000136e-14,8.606692602e-07,1.694702642e-06,0,3.917221658e-09,4.237045232e-06,0,9.230531077e-07,0
1.219999945e-06,5.242020507e-08,8.284116026e-08,1.313882905e-07,0,0,1.831329399e-07,0,0
0.0001482160005,0.0001026023801,5.536034423e-05,6.513897824e-05,0.0001041735377,0.000203287258,7.152717444e-05,0.0001192572308,5.223010157e-05
0.005102275871,0.003372774459,0.001289836203,0.00153857586,0.00290623866,0.003396884538,0.003531381954,0.005542573519,0.003320992226
3.569999899e-05,1.825017566e-05,2.010217705e-05,4.765124322e-05,3.891966844e-05,1.190769126e-05,5.322764878e-07,9.776994148e-07,9.512475117e-06
1.140000023e-07,9.471353811e-07,2.258346793e-06,0,0,5.555799817e-06,1.270124699e-07,0,0
0,3.600532674e-06,7.245235181e-06,6.593491031e-11,0,0,3.490526751e-06,1.811260336e-05,0
0.1123362035,0.08649313202,0.01355495997,0.07724490762,0.07783690095,0.1106072068,0.07422210276,0.0875505656,0.09149710834
0.0002600190055,0.0002086833301,0.0001032111312,0.0001399793982,0.0003436983388,7.878590986e-05,0.0001403966453,0.0002682266349,0.0002810130536
6.839999843e-15,2.712607703e-07,4.269074986e-07,5.503958391e-07,0,5.399042635e-08,1.023178356e-06,0,0
0.02812992968,0.006857234053,0.002153843911,0.003259146586,0.005714091472,0.006734559312,0.009139331989,0.00858764071,0.00770863425
0.0004228450125,0.002490817763,0.0006595500857,0.002552058315,0.002070999006,0.001932613552,0.002384892665,0.002244129311,0.003760213731
2.610000047e-05,6.439999925e-05,5.495162001e-05,3.491206007e-05,4.174107744e-05,4.689090929e-05,4.533823449e-05,0.0001762499742,4.126774002e-05
0.1277487576,0.07362844112,0.01573379307,0.06032298505,0.06199203432,0.08498006314,0.05998661742,0.09818907827,0.07629986852
1.649999945e-06,1.396421295e-05,3.223385849e-05,3.609987971e-06,4.032987722e-09,0,4.727744169e-07,0,7.96984823e-05
0.002026553033,0.002095561164,0.0004525506147,0.001508398098,0.002570366953,0.002593446989,0.002278509783,0.001737614861,0.001885030302
2.410000093e-07,4.246611981e-07,8.571061701e-07,1.04011022e-08,1.679998434e-07,1.241531891e-07,2.1692465e-06,8.70402654e-13,7.616568354e-08
2.719999941e-07,1.036854177e-06,1.70983156e-06,4.057008937e-06,0,6.221881899e-10,2.146722181e-06,1.677175554e-08,0
0.003394786967,0.001054696477,0.0004767155013,0.001136133564,0.00106495677,0.0004963114625,0.0007235208177,0.001895095571,0.001012160676
0.004153181799,0.002878601663,0.0006349355389,0.002865402726,0.002743911464,0.00221485598,0.003670421662,0.00357029587,0.002206722274
4.889999872e-08,5.23581569e-06,7.169086103e-06,2.617760629e-06,1.66881855e-05,2.957900165e-07,1.511239844e-07,1.166203401e-05,0
1.429999998e-06,7.782071521e-06,8.444994444e-06,6.098246104e-07,4.838942004e-06,2.063053762e-05,1.569621418e-05,4.916910711e-06,0
3.119999974e-07,4.006115063e-06,4.311377683e-06,1.979138347e-07,6.837915407e-06,2.001410849e-06,0,3.898338036e-06,1.110111225e-05
4.199999903e-09,1.179025503e-06,2.888010876e-06,7.074153018e-06,0,0,0,0,0
5.74000012e-07,1.034540039e-08,2.534095214e-08,0,0,0,6.207240233e-08,0,0
0.02347357571,0.02892786264,0.002868757148,0.02329016663,0.03096304275,0.02872033231,0.02978165448,0.03060787357,0.03020410612
2.519999996e-13,2.248710387e-07,5.505577758e-07,0,0,0,0,1.348692308e-06,5.339240161e-10
0.0001656389941,0.0001752363023,7.596051348e-05,8.399928629e-05,0.0003155619197,0.000169978608,0.0001710015058,0.0001570230525,0.0001538534416
0.01442972664,0.01853592678,0.002148760043,0.01836286858,0.01864948496,0.01944795437,0.01999915577,0.02032667585,0.01442942116
0,4.870330249e-07,1.045977844e-06,2.606510407e-06,0,3.156877426e-07,0,0,0
0.06314464658,0.04505724025,0.006736090788,0.05646177754,0.04543348029,0.0423168987,0.04728564247,0.03620560467,0.04264003783
2.720000006e-12,2.387871452e-06,5.037812781e-06,0,0,1.261600391e-05,1.425740521e-07,1.947688446e-07,1.373881901e-06
0.008085281588,0.008490781377,0.001630935422,0.007767845411,0.01085277461,0.006203286815,0.008613942191,0.007801488508,0.009705350734
0.03275377676,0.027612408,0.004738019287,0.02126319706,0.0282738097,0.03168442845,0.024657242,0.03412476555,0.02567100525
3.580000012e-12,9.261852014e-07,1.897109816e-06,0,1.839868133e-07,4.768983672e-06,0,0,6.041407232e-07
0,7.779859465e-07,1.567682495e-06,4.581294988e-08,0,3.964979442e-06,6.121771179e-08,2.106181256e-07,3.852874499e-07
0.2037073821,0.2050086508,0.01253258188,0.1878015995,0.1950381249,0.2055319399,0.2237120271,0.2069672495,0.211000964
2.389999976e-09,1.693289741e-06,4.035242758e-06,9.928313375e-06,1.29598412e-08,0,0,2.184652317e-07,0
6.410000308e-11,6.025005107e-06,1.050732935e-05,5.491510892e-12,2.570429206e-05,0,0,0,1.04457331e-05
0.002837166889,0.001547850203,0.0005838043993,0.001586445607,0.001892376458,0.0009347324958,0.00108265155,0.001283083693,0.002507811412
0,3.12818903e-07,5.837445047e-07,0,0,8.219818715e-10,4.072158504e-07,1.457728558e-06,1.11470273e-08
0.0001285210019,7.581432525e-05,6.527590928e-05,9.203372611e-05,3.335580004e-06,4.103852916e-05,7.037413161e-05,0.0001943932584,5.371072621e-05
3.599999943e-08,2.237074956e-07,5.274386619e-07,1.299935889e-06,3.696004569e-08,0,0,0,5.349039434e-09
0.0001088639983,0.0001317752261,4.485020122e-05,0.0001178326493,0.0001280194847,0.0001303768804,0.0001512874151,6.276908243e-05,0.0002003658446
0.09388703108,0.09007655829,0.006474783217,0.08611555398,0.09404271841,0.0844271183,0.09055299312,0.08451500535,0.1008059606
1.989999987e-07,2.647960253e-06,5.067435742e-06,2.105684729e-07,0,2.323154376e-06,4.32331837e-10,1.283569509e-05,5.179112463e-07
0,1.467385608e-06,2.93863472e-06,0,9.230009823e-08,0,3.644414326e-09,7.368385468e-06,1.339983669e-06
6.9500002e-14,5.193795738e-07,7.101253844e-07,1.758705707e-06,0,4.259758271e-07,1.317319809e-09,0,9.302785884e-07
2.129999999e-08,3.272968931e-08,5.621667691e-08,0,5.962605343e-08,0,1.00361372e-10,1.36651721e-07,0
0,5.176672512e-06,1.217028355e-05,1.511318288e-07,0,6.768362937e-07,2.181015049e-07,3.001396544e-05,0
1.890000021e-06,7.117125763e-07,1.203370148e-06,3.44146315e-07,0,0,9.259469635e-09,8.425829492e-07,3.074286724e-06
0.569111526,0.4167796175,0.02585515001,0.4442911744,0.4195523858,0.4071483016,0.3908348083,0.4494086206,0.389442414
0.09501606226,0.09023041775,0.006629086699,0.09667117894,0.09856633097,0.08631304651,0.08205664158,0.09227813035,0.08549717814
3.659999948e-07,1.580643977e-07,3.171011003e-07,1.723890142e-09,7.931622577e-07,0,0,1.535002383e-07,0
0,6.828408861e-08,1.322613874e-07,1.146868378e-08,0,0,3.333085488e-07,0,6.492729909e-08
2.320000021e-06,6.270979763e-06,5.131437499e-06,9.819254956e-06,1.436155981e-05,3.941659998e-06,0,6.208270406e-06,3.295133411e-06
9.489999684e-06,7.666264659e-05,6.075106694e-05,1.477820462e-07,0.0001836195734,7.480625209e-05,4.287025877e-05,7.893033762e-05,7.960167568e-05
0.0002800690127,0.002018679962,0.0004330706722,0.001969266683,0.001501278486,0.001691658865,0.002126295352,0.002065372886,0.002758207498
0.02050574496,0.01930394412,0.003211563037,0.01776555181,0.0199465733,0.02248726785,0.01693511568,0.02340923436,0.0152799217
4.569999934e-10,1.597651552e-07,3.913431089e-07,0,0,0,9.585909311e-07,0,0
0.1107970178,0.07906743139,0.00658598864,0.08045089245,0.07902707905,0.07421573997,0.08461388201,0.06914394349,0.08695305139
0.0003993879945,0.000747103278,0.0002507442294,0.0004423260398,0.0009084871854,0.001018090989,0.000976793468,0.0005164448521,0.0006204771344
1.220000013e-05,8.148068082e-05,2.546357821e-05,6.671097071e-05,0.0001316805428,7.755692786e-05,7.970465958e-05,7.126849232e-05,6.19624916e-05
5.070000043e-05,0.000109648124,5.354528564e-05,0.0001783675689,6.682788808e-05,8.592417726e-05,0.0001073596868,0.000169752544,4.965687913e-05
1.95999994e-10,3.61743765e-09,8.712539387e-09,0,2.140009592e-08,0,0,0,3.045299846e-10
2.830000012e-09,7.059352214e-09,1.729181084e-08,0,4.235611328e-08,0,0,0,0
7.839999853e-06,0.0003500387199,0.0001169062504,0.000462714117,0.0002711399575,0.0005142602604,0.0003631086729,0.0002448060259,0.0002442032855
3.299999918e-08,0,0,0,0,0,0,0,0
6.160000225e-07,1.761624693e-06,3.671779492e-06,9.220894754e-06,8.925433121e-07,4.563100902e-07,0,0,0
1.27000003e-05,1.154396224e-05,9.155118647e-06,8.089134099e-06,9.878578567e-06,1.38753212e-05,2.858938387e-05,6.254853815e-06,2.576501856e-06
0,3.620141553e-06,8.866759819e-06,2.17193392e-05,1.510119141e-09,0,0,0,0
0.03592498973,0.05718740386,0.004709014695,0.05662663653,0.05058852583,0.05640381947,0.06133739278,0.06366571039,0.05450233817
1.840000015e-14,1.394713308e-06,2.264481587e-06,5.255746601e-06,3.11253325e-06,0,0,0,0
5.379999857e-05,8.226559294e-05,5.80107519e-05,7.503690722e-05,4.965861081e-05,5.933860666e-05,3.617944094e-05,0.0001964275725,7.695241948e-05
3.739999954e-08,8.233913663e-07,1.476253193e-06,0,2.437622881e-10,1.179849846e-06,3.683290061e-06,7.606117691e-08,9.033517268e-10
1.679999968e-06,1.522193991e-05,2.015469813e-05,2.516862423e-06,9.166338373e-07,3.349013059e-05,0,4.735871335e-05,7.049299256e-06
5.079999754e-10,1.444922318e-06,2.767106975e-06,1.760365649e-06,0,0,1.757906931e-09,6.907410352e-06,0
0.0004195120127,0.001846306763,0.0006114253942,0.001282723155,0.002061008941,0.00210216362,0.001349093742,0.002855080878,0.001427770243
0.0006353710196,0.0002406878666,0.0001424126621,0.0001063738964,0.000328268914,0.0002627534268,0.0001680071728,0.0004699006095,0.0001088231802
0,1.374454095e-07,3.189794651e-07,0,0,7.879384043e-07,3.517945046e-08,0,1.554602336e-09
2.490000028e-08,2.572897118e-06,4.200401529e-06,0,5.380269613e-06,0,9.948916158e-06,8.216424163e-08,2.6032696e-08
0.01061216369,0.014084601,0.002361332781,0.01493220124,0.01238315366,0.01756032556,0.01265334245,0.01131809782,0.01566048525
0.002753369976,0.005823547292,0.001964858919,0.005763456225,0.006217248738,0.005087457597,0.003326695645,0.009293804877,0.005252620671
4.199999903e-09,1.40060791e-07,3.16327291e-07,0,5.541641102e-08,0,7.638129573e-10,0,7.841845218e-07
9.679999857e-13,2.463095559e-07,4.95784245e-07,0,1.479095709e-12,1.433288599e-08,8.626914649e-08,1.252966626e-06,1.242871974e-07
9.939999757e-08,1.466000742e-06,1.807920524e-06,1.918105227e-06,4.621776952e-06,0,2.189851074e-07,0,2.037137165e-06
0.05035075918,0.05189218496,0.005065602992,0.05899577215,0.05448133498,0.05440505594,0.04826757312,0.04487515613,0.05032821745
0.0143918572,0.02756580493,0.005041376229,0.0227093529,0.02730941214,0.02835284919,0.03157162666,0.02114137076,0.03431021795
0,3.523341541e-07,8.540393374e-07,2.095578566e-06,0,0,1.064703326e-09,1.736165522e-08,0
2.160000016e-13,9.906817529e-08,8.027379152e-08,1.888640782e-07,1.450409712e-07,0,1.455611027e-07,0,1.149428996e-07
1.029999957e-11,1.935872351e-09,4.741899468e-09,0,0,0,1.161523411e-08,0,0
5.410000085e-05,6.332559406e-05,3.84055643e-05,5.575600517e-05,0.0001034343222,3.779741019e-05,8.445202184e-06,0.0001084692849,6.605133967e-05
2.320000014e-08,1.564122336e-05,1.992785266e-05,4.283932412e-06,2.609803596e-05,5.099537884e-05,8.092525405e-08,0,1.238906771e-05
3.740000011e-06,4.709270141e-06,1.112650052e-05,0,7.763819667e-07,4.949178489e-08,1.710566622e-08,0,2.741264143e-05
0.3150372207,0.3527505646,0.01750472084,0.3709416687,0.3552714288,0.3207480013,0.3474635184,0.3594146967,0.3626640737
2.969999969e-06,1.636093283e-06,2.968056223e-06,6.098990468e-08,7.614352853e-06,5.998610959e-07,2.331908462e-07,1.308164997e-06,0
0.4428091943,0.3920973092,0.02953909185,0.3760704398,0.435152173,0.363784641,0.3689381778,0.4218620956,0.3867763281
2.12000009e-06,1.527235855e-06,2.840417258e-06,4.366322912e-07,1.247986461e-06,0,0,2.308207314e-07,7.247975645e-06
1.36999995e-06,6.606102185e-05,7.121699084e-05,6.309570745e-05,2.225587559e-05,0.0002008590236,3.696987551e-05,0,7.318564894e-05
6.690000116e-13,3.218027055e-07,6.559942877e-07,0,1.412847705e-08,1.650277113e-06,2.194527724e-07,1.612330003e-08,3.083457045e-08
0.06583770365,0.09109028429,0.007907595804,0.08244948834,0.1060142741,0.09112088382,0.08800738305,0.08999300003,0.08895667642
0.07285431027,0.08416619897,0.01149719025,0.08752037585,0.1037921458,0.07441478968,0.0748205483,0.08832910657,0.07612022758
1.330000032e-05,0.001538606399,0.0005606299521,0.002414695453,0.001361812581,0.001036968781,0.002039327286,0.001074278844,0.001304555451
5.389999842e-07,1.915361053e-06,2.759339133e-06,1.41397129e-06,0,9.853122762e-09,3.111120805e-06,0,6.957221103e-06
8.490000027e-07,4.459625695e-06,4.875480507e-06,6.894738362e-07,6.181860499e-07,2.76586519e-07,5.869903362e-06,1.252205948e-05,6.781544926e-06
0.000989431981,0.0008919092652,0.0001883399568,0.0009404621669,0.0005395208136,0.0008468164597,0.0009839726845,0.0009598195902,0.001080863876
0.001890002983,0.00198949043,0.0008158304524,0.002052783733,0.003295634873,0.001321672113,0.002249219222,0.002075535711,0.0009420969291
0.0001282519952,7.997448241e-05,4.972890275e-05,6.258275243e-05,0.0001122737231,4.155450006e-05,0.0001521851373,1.598402741e-05,9.526675422e-05
3.640000068e-05,0.000908751778,0.0001665346793,0.0008014364867,0.001088205958,0.001033544657,0.0007626497536,0.0007149063167,0.001051767496
1.009999983e-11,3.496223163e-09,8.563962776e-09,0,2.097733898e-08,0,0,0,0
3.629999981e-07,9.681242043e-06,1.804329979e-05,3.604601488e-06,3.319064717e-06,4.636515951e-05,8.322692224e-07,0,3.966357326e-06
4.789999952e-09,6.223778731e-07,1.027991037e-06,0,2.430861059e-06,1.303406179e-06,0,0,0
1.150000003e-06,1.832356461e-05,2.166078603e-05,6.202591067e-06,2.582743718e-06,1.982424328e-05,2.084240441e-05,5.904082354e-05,1.448581656e-06
0.0005062060081,0.0008299196197,0.0003530361439,0.0008270988474,0.0007589640445,0.0006292810431,0.0007608518354,0.0004946533008,0.001508668647
7.350000053e-10,4.75975416e-08,9.731523092e-08,3.373903823e-08,2.444445215e-07,0,0,1.240211406e-10,7.27766869e-09
7.119999902e-12,9.360961333e-07,2.292957877e-06,0,0,5.6165768e-06,0,0,0
1.220000012e-08,1.312157565e-07,2.054218188e-07,0,0,0,0,4.404432161e-07,3.468513228e-07
9.2599997e-08,4.352024305e-07,7.820486925e-07,0,1.272389767e-07,0,5.02680507e-07,1.9812951e-06,0
0.0001482109947,0.0004752879298,0.0001768646289,0.0002040822437,0.0007015734445,0.0004233184736,0.0004152688198,0.0004730127112,0.0006344718859
0.002778918948,0.00456302679,0.001411620674,0.003486778587,0.003755243029,0.005971590988,0.005764777772,0.005693293642,0.00270647672
1.24000003e-11,2.726708107e-07,5.465532412e-07,2.50783728e-07,0,1.369879556e-06,0,0,1.536158045e-08
0,2.787393691e-06,6.812001974e-06,5.775484535e-10,3.744460037e-12,1.669231096e-05,3.146988803e-08,0,0
0.0164245721,0.01633011348,0.003289964733,0.01617413759,0.02067025378,0.01330402493,0.01703955419,0.01194281597,0.0188498944
0,2.243212023e-06,4.82090127e-06,1.205920944e-05,1.147479338e-07,9.012400142e-07,6.525007136e-16,0,3.840747524e-07
0.1499015838,0.1498043761,0.007112049238,0.1438919157,0.157534495,0.1408589035,0.1528562605,0.1573447138,0.1463399678
0.7718072534,0.6807996035,0.03023851729,0.6838098168,0.6420335174,0.7232736945,0.6583054066,0.671002984,0.7063722014
9.329999557e-06,1.743125561e-05,2.104295485e-05,4.282918326e-06,1.172462271e-05,1.323515335e-05,1.682558286e-05,5.850676826e-05,1.248815185e-08
1.13e-11,2.754249081e-08,4.115463523e-08,9.031977832e-09,0,0,9.729048855e-08,5.893247845e-08,0
2.410000022e-08,2.554112986e-07,3.062064897e-07,0,2.909918351e-07,5.711691529e-07,6.703068038e-07,0,0
0.05022130162,0.0899160852,0.01188986457,0.09407298267,0.1031708419,0.1027398184,0.07646329701,0.07780843228,0.08524113894
0,2.362227084e-06,5.580457711e-06,0,0,1.375019747e-05,0,3.356336151e-07,8.753141856e-08
1.78999997e-08,7.061530111e-07,1.728166843e-06,4.233757863e-06,0,0,3.160202988e-09,0,0
7.579999988e-07,3.580978908e-06,4.402084617e-06,1.314086944e-06,5.005654657e-06,1.197285565e-05,8.749576637e-07,1.510355673e-06,8.079628628e-07
5.299999805e-13,2.929306405e-06,6.49021413e-06,1.615635483e-05,2.693532508e-07,1.55297684e-07,3.062112564e-09,9.873776889e-07,4.39286163e-09
0,3.378636014e-07,8.275934261e-07,0,0,0,2.027181608e-06,0,0
4.030000156e-08,6.99296992e-06,1.635074061e-05,0,1.119416311e-06,4.817600825e-07,5.795914963e-12,0,4.035663733e-05
0.1377641559,0.1522008603,0.005744329154,0.1522666067,0.1553110778,0.1476165503,0.1534554064,0.1441319883,0.1604235321
0.01194707956,0.01962136586,0.004264911439,0.01783601008,0.0209460631,0.02418659069,0.01706486382,0.01348870527,0.0242059622
0,1.212368155e-07,2.022099625e-07,2.16054076e-07,0,0,4.956908697e-07,0,1.567594765e-08
0,4.862260418e-06,1.151146418e-05,0,2.695518475e-08,8.039045873e-09,6.274328257e-07,2.835488704e-05,1.562484186e-07
0.005979273934,0.03805516164,0.003026567817,0.03578760847,0.03800660744,0.04048744589,0.04083460942,0.03998542204,0.03322927654
1.359999987e-05,3.305016344e-05,3.073321497e-05,1.05568879e-05,2.103886436e-05,2.123558443e-05,1.239139328e-05,9.166922246e-05,4.14090282e-05
0.003149570897,0.005646235581,0.001861557233,0.003358166665,0.006024776492,0.006755147129,0.003640153212,0.008223380893,0.005875789095
8.569999821e-09,1.38089149e-07,2.155639438e-07,0,0,3.723406508e-07,0,4.561942433e-07,0
0.0001688909979,0.0004994124465,0.0002544819756,0.0004488522536,0.0005187384086,0.0001139888482,0.0008502768469,0.0006856942782,0.0003789240436
0.009864257649,0.01059820045,0.002633393415,0.008785508573,0.01162393391,0.0112712197,0.01487606578,0.009723216295,0.00730925845
0.0004533120082,0.0003499161661,9.761197437e-05,0.000312537275,0.0002018836822,0.0004415382282,0.0003023034369,0.0004634590296,0.0003777753445
8.589999876e-16,4.111675248e-07,1.00520243e-06,0,2.463026021e-06,0,1.283669143e-10,0,3.850760599e-09
7.130000085e-06,2.324331606e-05,3.029512606e-05,2.123154263e-05,1.008501499e-06,3.149815529e-05,2.578788099e-06,3.338401257e-06,7.980450755e-05
0,1.24579675e-06,2.887702673e-06,2.557547418e-07,3.54622145e-08,7.137098237e-06,1.156866158e-08,0,3.489664735e-08
0.0007468180265,0.0007767989494,0.0002495874511,0.001009691739,0.0007366230129,0.0005139612476,0.0006093634292,0.00115080399,0.0006403502775
6.899999872e-17,4.596834654e-07,7.720589085e-07,0,9.01791168e-07,2.936432653e-09,0,1.853373192e-06,0
4.619999891e-05,0.0001100388927,5.822425938e-05,7.456576714e-05,0.0001982368995,0.0001584929123,5.359638817e-05,6.141360063e-05,0.0001139277883
4.970000229e-16,1.136822922e-07,1.876761597e-07,4.602020542e-09,1.224640278e-09,4.498528767e-07,2.264142154e-07,0,0
1.739999962e-15,7.261425382e-08,8.878961732e-08,1.084222469e-11,0,2.128583532e-07,1.36209735e-07,8.479328528e-08,1.813307171e-09
0.0008757809992,0.0009758208568,0.000371883655,0.001631358988,0.001082759234,0.0008832078311,0.0006831240025,0.0005811486626,0.0009933264228
4.179999991e-08,2.154566614e-08,5.000107846e-08,0,0,0,0,5.772958112e-09,1.235010387e-07
5.769999916e-05,6.02799402e-05,6.948169355e-05,9.916951058e-06,3.593364454e-05,4.261914e-05,2.053039498e-05,0.0001984148112,5.426469943e-05
0,7.917487466e-08,1.371743035e-07,1.404163896e-07,0,0,3.346328583e-07,0,0
1.229999991e-09,9.973143585e-08,2.344339039e-07,0,0,5.77977346e-07,2.041126912e-08,0,0
0.1795319915,0.1529102946,0.003595315436,0.1502245069,0.1516479403,0.1601108462,0.1512860954,0.1521767229,0.1520156562
4.959999946e-16,5.889024156e-07,1.04811249e-06,3.689567336e-07,7.097541413e-13,1.214831152e-10,0,2.684641458e-06,4.796941084e-07
1.489999964e-11,6.155030086e-07,1.083293078e-06,0,2.317581789e-07,2.766640819e-06,0,6.5668155e-07,3.793750381e-08
0.7070435882,0.7107250889,0.01529746456,0.6928260326,0.7097069025,0.7059957981,0.7186540365,0.700696826,0.7364709377
8.600000001e-07,7.091674566e-08,1.737098411e-07,4.25500474e-07,0,0,0,0,0
0.0002131719957,0.0005533498819,0.0002617555799,0.0003292514884,0.0003222799278,0.000965316256,0.0005586608895,0.0007573685143,0.0003872222151
3.379999891e-10,6.363741667e-07,7.25504367e-07,0,0,1.11446036e-06,1.682223115e-06,2.708409319e-08,9.94477432e-07
2.320000021e-05,3.015541344e-06,5.092897436e-06,3.64591898e-07,1.299085397e-05,2.638460839e-10,0,9.314783256e-07,3.806060022e-06
0,9.977874918e-05,0.0002190990101,4.573449175e-09,1.017384966e-05,2.023716235e-07,4.195534348e-05,0.0005457953666,5.409902428e-07
7.630000283e-14,1.014266357e-07,2.197892677e-07,6.126133201e-08,0,0,2.539303316e-11,0,5.472730891e-07
0,4.5919739e-07,6.317956734e-07,0,5.030585726e-08,1.5353545e-06,9.143564625e-07,0,2.551675209e-07
2.219999942e-06,2.502574214e-06,5.297648093e-06,0,5.829207907e-07,0,1.327489099e-05,1.157633505e-06,0
0.0005921190022,0.0004311027951,0.0001633588236,0.0006257774075,0.000166037571,0.0003889994696,0.0005690840771,0.0003728815354,0.00046383671
3.01e-06,3.401251144e-06,5.021789545e-06,1.936527827e-09,9.285006854e-06,1.043454267e-05,4.589245961e-08,6.401283486e-07,0
4.049999916e-06,7.276123143e-07,1.107878192e-06,2.532435929e-06,3.692173737e-12,1.356296622e-07,0,1.697604603e-06,0
1.019999996e-08,5.90761987e-07,9.61650871e-07,0,5.940810155e-08,2.309691354e-06,0,8.848431987e-10,1.174587624e-06
4.029999889e-09,8.674301725e-06,1.441680293e-05,4.169482111e-07,5.401691396e-07,0,0,3.516695506e-05,1.592173794e-05
0.0001653399959,0.0004594739973,0.0002679772129,0.0009916042909,0.0002742088982,0.0003049507795,0.0004326574272,0.000417191186,0.0003362314019
0.01594559662,0.01347555639,0.002865580553,0.01086301263,0.01478172466,0.01138096582,0.01095084473,0.01498787943,0.01788891107
0.03033328056,0.04021590265,0.005284086564,0.03605305776,0.03228474781,0.04235637933,0.04062097147,0.04286373034,0.0471165292
0.0326834023,0.03589960746,0.003403342893,0.03665098548,0.03378977999,0.03604134172,0.03967311978,0.03882654384,0.03041587397
8.309999824e-13,1.874473701e-06,4.40347445e-06,1.086166685e-05,2.416181422e-10,8.29556015e-08,4.775571938e-08,3.340289823e-08,2.208195156e-07
2.659999998e-09,2.711209265e-07,4.05389133e-07,8.596666703e-07,3.749282129e-08,0,4.480026715e-14,6.889661286e-09,7.226763614e-07
0.01033897791,0.01030939429,0.002414213502,0.01065112278,0.01198675018,0.009350160137,0.008106313646,0.01402621623,0.007735802792
1.189999992e-07,1.018617017e-06,1.737368676e-06,0,4.302490652e-06,1.670296797e-06,1.128726623e-08,0,1.276273878e-07
0,1.570231841e-06,2.260372509e-06,1.509798722e-06,0,5.216717227e-07,5.984582003e-06,1.404753334e-06,5.852632268e-10
4.210000043e-05,0.0001143366296,0.0001338357945,4.241859278e-05,2.466017122e-06,5.386698831e-05,0.0001278308482,8.582953888e-05,0.0003736077924
4.769999862e-08,1.695043755e-07,2.784598269e-07,0,0,3.580156829e-07,6.571995641e-07,0,1.811006012e-09
0,8.717377727e-09,2.066246219e-08,0,1.425885743e-09,0,0,0,5.087838062e-08
3.199999987e-11,4.089723916e-06,9.789718109e-06,3.76556919e-09,0,5.363540723e-09,2.406940985e-05,4.598045393e-07,0
1.89999998e-08,4.353819231e-08,6.878668779e-08,1.092703528e-07,0,1.519588011e-07,0,0,0
7.160000148e-09,5.523176516e-06,1.11899911e-05,2.803487769e-05,0,3.013490755e-07,0,4.802832336e-06,0
4.250000091e-12,3.365309464e-06,7.940567882e-06,2.374357599e-09,0,1.956594315e-05,0,6.235392789e-07,0
0.9154092073,0.9132430951,0.03081308925,0.8982211947,0.9358738661,0.953345716,0.8948988318,0.9271380901,0.8699808717
4.980000085e-06,1.931499959e-05,3.957776234e-05,2.160405074e-06,2.734428239e-10,1.440551205e-05,0,9.928859072e-05,3.521627789e-08
0.006518181879,0.008198859248,0.0008275182514,0.00792656932,0.007055549417,0.008067349903,0.008734132163,0.009488012642,0.007921542041
1.98999997e-10,1.034754844e-06,1.220257351e-06,4.474935622e-08,1.44647538e-06,3.042904837e-06,0,9.085018604e-08,1.583549306e-06
0.3077859581,0.2933035443,0.01399080493,0.2857001126,0.3090120256,0.299469322,0.3079921603,0.2795475721,0.2781000733
0.06309520453,0.06558952481,0.005403890456,0.06245371327,0.05677927658,0.07233970612,0.06873439997,0.06732138246,0.06590867043
2.470000073e-11,4.272408155e-07,4.137749024e-07,1.053387791e-06,2.507381147e-08,7.827666764e-07,3.566750095e-08,3.825817601e-07,2.839673527e-07
0,8.266447118e-08,1.739069601e-07,5.693578387e-10,5.451455465e-08,4.349844289e-07,0,5.918485702e-09,0
0.01229457557,0.008921391331,0.003079932709,0.008630989119,0.006770996843,0.008553487249,0.009015831165,0.01468836982,0.00586867379
1.599999996e-05,0.0008480698137,0.0006704800628,0.001113583334,0.001989796758,0.0002467677405,0.0009795454098,0.0005458819214,0.0002128437191
0,6.15367829e-07,1.168043653e-06,0,4.455564238e-07,2.969580237e-06,0,0,2.770703134e-07
0.0001553460024,0.0004033923688,0.0001691302454,0.0006790432381,0.000257493637,0.0004282431619,0.000488395046,0.000351438357,0.0002157407725
0.001017212984,0.001004980644,0.0004459770547,0.0003675267217,0.001237889053,0.001402147929,0.0007416265435,0.0007728290511,0.001507864567
0.124062255,0.07572284155,0.01633186925,0.06142143533,0.07169321924,0.07752752304,0.05860630423,0.103740871,0.08134769648
1.010000026e-12,1.284701057e-07,3.146862061e-07,0,0,0,0,0,7.70820634e-07
0,1.021424888e-06,1.454403704e-06,1.359684461e-06,3.729149057e-06,0,0,0,1.039715812e-06
0.001706431969,0.001474598345,0.0003541766836,0.001895194058,0.001850216649,0.001098052249,0.001602932927,0.001220667618,0.001180526568
6.180000014e-07,1.631540793e-07,1.415237318e-07,0,2.311970633e-07,2.630003735e-07,1.429680339e-07,3.417590051e-07,0
6.150000331e-08,1.157719597e-06,2.638736672e-06,0,4.112129943e-07,6.53356301e-06,0,1.541579531e-09,0
0,8.686111152e-06,2.045013511e-05,1.511537988e-07,3.540547022e-10,1.553912284e-06,0,5.041124678e-05,0
5.100000067e-08,1.989127406e-07,3.651143664e-07,9.320900745e-07,1.023281158e-07,0,0,1.980887232e-09,1.570773662e-07
2.159999957e-10,6.870705596e-07,1.668423898e-06,0,0,2.978360136e-08,0,0,4.092639756e-06
0.09256066382,0.08652501305,0.008844750363,0.080619663,0.0934118703,0.09383746237,0.09574472904,0.08068422228,0.07485213131
0.003007912077,0.004273962307,0.00171182156,0.003918506671,0.002498182701,0.006368886679,0.005812530406,0.002202296862,0.004843370523
1.040000029e-06,1.818775288e-05,3.249771318e-05,4.760791853e-06,1.135367825e-06,6.913388461e-06,1.128556414e-05,8.405478002e-05,9.766249605e-07
1.96000002e-07,1.28987739e-09,3.159541436e-09,0,0,0,7.739264341e-09,0,0
2.289999941e-07,1.413301339e-06,2.840959504e-06,9.092104847e-07,9.228233733e-10,2.354262341e-09,4.01283927e-07,7.166036539e-06,0
5.870000042e-10,2.160278664e-07,3.85569611e-07,1.938421406e-07,0,0,0,1.163103605e-07,9.860146974e-07
2.890000133e-07,8.78201679e-07,1.409762621e-06,3.761373046e-15,3.22867777e-06,5.428659744e-09,0,2.034746331e-06,3.573104035e-10
0.1253503859,0.08692398667,0.01484301985,0.08761238307,0.0709432587,0.07552716881,0.08011086285,0.1110307798,0.09631946683
7.529999948e-06,2.691292345e-07,3.015029339e-07,8.519430708e-07,2.715318601e-07,1.191206067e-07,2.413989364e-07,0,1.307809327e-07
1.850000014e-10,2.741248008e-06,6.597158831e-06,1.270459915e-08,0,0,3.602567133e-08,1.620681542e-05,1.919423624e-07
0,1.650152631e-06,2.913550632e-06,0,1.047465332e-07,0,0,2.575535291e-06,7.220633961e-06
1.569999949e-05,1.431768897e-05,1.384542289e-05,5.066756785e-06,4.164642087e-05,6.678225873e-06,1.083212283e-05,1.480099218e-05,6.881615263e-06
6.380000001e-11,1.420240321e-08,2.505632861e-08,0,6.496366835e-16,0,1.381896642e-08,7.327597196e-09,6.406785502e-08
0.000215196007,0.0006066654023,0.0002929023351,0.001055691391,0.0003777437378,0.000672765018,0.0008194827242,0.000337687612,0.0003766219306
0.2357886583,0.1855450049,0.01465219312,0.1803828627,0.1997828484,0.1914160997,0.1984868795,0.18285276,0.1603485793
2.350000017e-07,1.480613282e-06,3.49578012e-06,8.148753494e-08,8.615817023e-06,2.38076634e-08,3.024761952e-08,9.115195709e-09,1.232046571e-07
3.210000044e-10,4.720455292e-07,5.837131624e-07,6.572521016e-08,4.17024097e-07,9.487010288e-07,0,0,1.400822839e-06
1.919999931e-06,5.874847944e-07,8.887142165e-07,0,1.656575705e-06,5.943291015e-08,0,1.808900151e-06,0
0.343096137,0.3007400483,0.01475747034,0.3206013143,0.2854326367,0.3092935681,0.2997374833,0.3071915805,0.2821837068
0.2539087832,0.2414395511,0.01633350592,0.2256343812,0.2375812978,0.2260175794,0.2378813177,0.2667640448,0.2547586858
0.6429100633,0.6334971786,0.02133567831,0.6209606528,0.6048490405,0.6405023932,0.668828547,0.6326628923,0.6331795454
1.340000024e-14,2.580319446e-07,4.066808431e-07,1.032867203e-06,1.13359917e-07,0,3.826090449e-07,1.935550209e-08,0
0.001314089051,0.001213922524,0.0004043590647,0.0006213855231,0.001257684664,0.001173229073,0.0009752344922,0.001805436099,0.001450565294
0.01422495954,0.007212030546,0.001360967014,0.007031417452,0.009575365111,0.00676460145,0.006118569989,0.00790140219,0.005880827084
0.004665580112,0.01122329043,0.00224112367,0.01182780042,0.01013544947,0.0131293023,0.008045582101,0.01006443799,0.01413717028
0.006810273044,0.004288145729,0.001213939569,0.003754233941,0.002371222712,0.006057668943,0.00452253269,0.00475916639,0.004264049698
0.001067401026,0.0009535901627,0.0003604438986,0.001219478669,0.0006986756925,0.001020347467,0.0004526890989,0.001455886406,0.0008744636434
5.219999988e-09,4.362357574e-07,4.751799757e-07,1.07767346e-06,6.483039101e-07,6.376198058e-08,8.276751942e-07,0,0
0.3674562275,0.3674665689,0.008811445096,0.3690837324,0.3739068806,0.3797578216,0.3546304703,0.3638758957,0.3635446131
9.979999959e-06,1.581147789e-05,1.746527076e-05,4.560821981e-05,2.894632189e-06,1.411545782e-06,2.183191827e-05,2.132742884e-05,1.795122444e-06
5.299999884e-06,6.725783688e-06,9.177872587e-06,0,1.93866872e-05,3.516292509e-06,1.744636756e-05,5.354854782e-09,0
3.860000097e-10,2.64987771e-07,5.90601007e-07,1.236118692e-07,0,1.466314757e-06,0,0,0
2.490000028e-08,1.037036036e-07,1.686314408e-07,3.999693092e-07,0,6.159625698e-09,2.160926869e-07,0,0
0.03037210926,0.02702345792,0.003855174304,0.02648889646,0.03308914229,0.02960691042,0.02638741769,0.02433074266,0.02223763801
6.070000018e-05,1.840685377e-05,1.640921479e-05,2.135629074e-05,3.385457967e-05,2.464538056e-06,1.014209192e-05,4.080076906e-05,1.822853164e-06
0.01551370136,0.03854030371,0.003846252305,0.03872002661,0.03869893029,0.03297805414,0.04249404371,0.03553302959,0.04281773791
5.369999911e-08,5.390359153e-06,8.837752871e-06,0,2.540489504e-06,2.249144018e-05,6.160839661e-08,0,7.248616839e-06
0.06239860877,0.03791804736,0.004535142366,0.03642522916,0.03985433653,0.03705715016,0.04141473398,0.03008751199,0.04266932234
1.850000014e-10,2.718493774e-07,4.318270816e-07,5.397149039e-07,0,0,0,5.125320612e-08,1.040128154e-06
3.149999983e-10,1.780676181e-07,2.336431797e-07,3.706061023e-07,1.459427779e-07,0,0,5.518568287e-07,0
9.939999472e-07,2.269641935e-06,4.066263261e-06,1.288031285e-06,0,3.985434205e-08,1.041100495e-05,0,1.878961029e-06
0,0.000261057466,0.0006389667817,8.59601073e-07,0,1.424260176e-07,0,0.001565342769,0
0.01885377057,0.01944159778,0.002513635275,0.01608318835,0.0199372638,0.02310024016,0.01870797388,0.01765811816,0.02116280235
0,1.164860065e-07,2.853200838e-07,0,7.652514039e-12,6.988931887e-07,1.519792972e-11,0,0
0.04075622559,0.0330111819,0.003408315139,0.0311308261,0.03174580261,0.0392421335,0.03313366696,0.03352413327,0.02929052897
0.08727142215,0.07851288902,0.01380273014,0.1013138667,0.07429474592,0.08177735656,0.08344713598,0.06186095998,0.06838326901
0,2.257577637e-07,4.117659562e-07,1.438272506e-07,0,1.05562367e-06,1.863585908e-08,1.348252283e-07,1.634574032e-09
4.730000001e-05,0.0001084706528,6.221070348e-05,0.0001944429241,6.045043847e-05,6.786676386e-05,0.0001785889472,5.458087253e-05,9.489397053e-05
1.899999916e-05,1.341503704e-05,1.484754415e-05,2.972712139e-07,1.66590155e-06,1.15408975e-05,4.147161235e-05,1.221841012e-05,1.329612951e-05
0.04695406929,0.04062232375,0.002520202583,0.04071369767,0.04073017836,0.04053138196,0.04129219428,0.04416881129,0.03629767895
3.069999934e-07,3.052066265e-07,4.727305306e-07,0,0,1.424031004e-09,9.478155789e-07,1.916608365e-12,8.819982327e-07
4.739999895e-07,1.847840792e-06,2.164570968e-06,5.135106676e-06,7.305722534e-07,3.911954991e-06,0,2.706822544e-09,1.306704007e-06
4.909999962e-09,3.613905468e-06,6.653799607e-06,0,0,0,5.156582574e-06,0,1.652685023e-05
0.02452371083,0.03055628017,0.001524703788,0.02791376784,0.0308952257,0.03203273937,0.02995125204,0.0319631286,0.03058156744
0.03558545187,0.0393428312,0.006159207243,0.03401202336,0.03795891255,0.03842223063,0.03684713319,0.05151297525,0.03730371222
0.02295139618,0.01896043122,0.0036943852,0.02391383424,0.01748641953,0.02206502855,0.01878669299,0.01813429035,0.01337632164
0,4.925411427e-07,1.018646253e-06,2.553105787e-06,5.168176642e-08,8.601838686e-11,0,0,3.503732842e-07
0,1.103169704e-08,2.058953662e-08,1.493930668e-08,5.125087554e-08,0,0,0,0
0,5.882988757e-07,1.213701648e-06,4.934986819e-08,3.94879379e-07,0,0,3.891796396e-08,3.046646043e-06
0,5.686366487e-08,1.091060185e-07,2.724631258e-07,0,2.700008273e-10,0,0,6.844886258e-08
0,7.092975096e-10,1.737416974e-09,0,0,0,4.255785058e-09,0,0
0.0009370190091,0.0007706424221,0.0003087030919,0.0005522873253,0.0006402396248,0.0003398272675,0.0009355581715,0.001149046584,0.00100689556
0.001679118024,0.001945039607,0.0003471641108,0.002155405702,0.00198063883,0.001633230015,0.00251437421,0.001626305515,0.001760283369
1.090000052e-12,3.509357665e-07,8.107625464e-07,0,8.280522046e-09,2.004690032e-06,8.148490593e-08,1.115913939e-08,0
0.01095725968,0.01121969055,0.003033967913,0.008475904353,0.01248258632,0.008052939549,0.01170076523,0.01629977673,0.01030617114
0.02886724472,0.02551054923,0.004319262594,0.02602451667,0.02761085704,0.02083154768,0.02291992679,0.03279625624,0.02288019098
0.00170384103,0.001080876197,0.0006551550458,0.0005050938344,0.001558145741,0.0008117717225,0.0009063585312,0.002169562271,0.0005343250814
0.05063709244,0.04128080793,0.003144781773,0.04384383559,0.03906273097,0.03601458669,0.04249412194,0.04216535389,0.04410421848
1.950000023e-10,2.85717584e-07,5.266534639e-07,9.03235442e-09,1.312292284e-06,0,3.929808656e-07,0,0
8.689999959e-06,2.648246664e-05,1.370088602e-05,4.136521238e-05,3.499965533e-05,3.863357779e-05,1.388958935e-05,8.88930208e-06,2.111746289e-05
5.460000011e-06,5.254078615e-05,6.096991626e-05,0.0001574239577,8.222203905e-05,5.844908083e-05,3.605267693e-06,2.119068512e-07,1.333246473e-05
0,1.195517894e-07,2.171602908e-07,0,5.558981115e-07,5.881937781e-08,0,7.686849379e-09,9.490639741e-08
1.260000021e-10,2.218532315e-07,3.237260112e-07,0,4.925704289e-08,0,1.101995437e-07,8.290789424e-07,3.425838599e-07
0.001738711027,0.002051857708,0.0008302109539,0.002514353488,0.001654575928,0.00180953776,0.001129384618,0.00348490919,0.001718385261
0,7.79190786e-10,1.908619838e-09,0,0,0,0,0,4.675144716e-09
0.00109049899,0.001309709817,0.0001176261081,0.001165707014,0.001431217068,0.001245095162,0.001205425127,0.001392910606,0.001417903928
3.739999976e-10,7.233206868e-08,1.60807173e-07,3.380006675e-08,0,0,3.994288988e-07,6.28904484e-10,1.345420164e-10
8.540000067e-07,2.013922141e-06,4.612261023e-06,1.141738448e-05,0,5.469107478e-08,2.873272109e-08,5.827245673e-07,0
0.2401320189,0.176888595,0.0208136367,0.2102366835,0.1896966249,0.1544803679,0.1642129421,0.1622475684,0.1804573834
1.880000013e-06,2.129145431e-06,3.90374543e-06,2.983919956e-07,2.377018063e-06,0,0,2.197789257e-07,9.879683603e-06
0,7.44474334e-08,1.005869054e-07,2.609818353e-07,2.685984946e-08,0,4.481911731e-08,0,1.140237984e-07
9.249999877e-09,6.001517616e-10,1.240444585e-09,0,3.098786561e-09,0,5.02124009e-10,0,0
4.199999994e-13,1.27010841e-07,1.628979454e-07,1.389276605e-07,4.010663588e-07,6.862529208e-13,2.543399519e-12,2.22067797e-07,0
0.3862654269,0.369073381,0.03025390578,0.3555009961,0.3188959956,0.3721756041,0.3706438243,0.390951246,0.40627262
0.006703040097,0.01521892163,0.00446928746,0.02025352977,0.01253063045,0.01427501533,0.01507046167,0.02031904273,0.008864849806
0.001154165948,0.003038214306,0.0006916760718,0.003527547931,0.002802710049,0.001819261932,0.003800905775,0.003207020229,0.003071839921
0,2.48649845e-07,4.649866707e-07,0,3.341594947e-07,0,1.157739575e-06,0,0
0.2257443815,0.2237163881,0.03187042258,0.1895999312,0.2695878446,0.2163964361,0.2094500959,0.2560642958,0.2011997253
3.529999958e-05,3.897414354e-05,1.769565578e-05,1.67266553e-05,6.922308967e-05,3.203365122e-05,3.071319952e-05,3.998586908e-05,4.516239642e-05
1.440000005e-06,5.767438054e-06,8.418570179e-06,1.985804738e-05,1.25006236e-05,2.063134161e-07,0,2.415564211e-07,1.79808751e-06
0,5.915863779e-07,1.173182434e-06,0,2.259681109e-09,2.933393262e-06,6.138653248e-07,0,0
0.0001717760024,0.003132715627,0.001725960872,0.005219731014,0.004766738508,0.001751741511,0.003860313212,0.002201909898,0.0009958596202
2.219999988e-05,4.515404785e-06,8.343968878e-06,1.47426098e-08,1.08597531e-08,3.293551117e-06,1.324931844e-07,2.131074689e-05,2.330035159e-06
0,1.684602161e-07,2.640457891e-07,0,0,4.329097294e-07,2.080180472e-09,4.680252019e-11,5.757245845e-07
5.800000054e-06,2.338274468e-05,1.459135961e-05,4.207265738e-05,2.82277324e-05,1.661100214e-06,1.193082335e-05,2.360186772e-05,3.280228702e-05
1.530000016e-10,2.95789319e-09,7.245329028e-09,0,0,0,0,1.774735914e-08,0
0.1709408164,0.1722655669,0.008526333007,0.1731956005,0.168814376,0.172274366,0.1850965768,0.1589562744,0.1752562076
1.479999992e-05,7.211755459e-05,5.927245696e-05,0.0001616972149,5.460183456e-05,4.59789153e-05,0.000124986982,1.789342605e-06,4.365103814e-05
3.199999909e-08,2.16159164e-05,3.147840824e-05,7.358712901e-05,6.50769789e-06,3.576243657e-08,1.261422966e-09,4.793612607e-05,1.627521556e-06
0.09977307916,0.07346571609,0.01077801246,0.07192445546,0.08782030642,0.07909481972,0.05961451679,0.07948622108,0.06285397708
2.309999945e-05,4.375513003e-06,6.776759838e-06,1.085176535e-07,0,1.193995331e-06,1.740643529e-05,6.181910976e-06,1.362218768e-06
5.649999935e-08,9.672237241e-08,2.353878219e-07,0,3.13530224e-09,0,0,0,5.771989322e-07
6.150000263e-05,3.248600357e-05,2.329992592e-05,6.563627539e-05,2.490216866e-05,2.115890129e-05,1.083999268e-05,5.779599815e-05,1.458268525e-05
0.2025882453,0.2090979119,0.009561607871,0.2256600708,0.2155195624,0.205988124,0.2023357004,0.2028743923,0.2022096217
4.290000213e-12,7.043570728e-07,8.671733504e-07,0,0,0,2.128061169e-06,9.896917845e-07,1.108389483e-06
3.800000059e-06,2.958921055e-06,4.351410187e-06,0,5.664630862e-07,8.432252798e-06,8.705107575e-06,4.970287293e-08,0
1.030000021e-06,8.98508363e-06,1.672182034e-05,1.185960082e-05,2.114467748e-07,6.055369539e-08,4.278694021e-08,1.398939187e-09,4.173471461e-05
0,2.401491765e-07,4.384049186e-07,0,3.334896519e-07,0,1.396415161e-08,1.093441256e-06,0
0,5.855126986e-08,9.46155965e-08,2.39704832e-07,0,8.467369383e-08,4.370030726e-10,2.64920903e-08,0
4.460000127e-05,3.474078888e-05,1.938414494e-05,3.799163096e-05,6.52857052e-05,4.81111274e-05,1.723233981e-05,1.766856258e-05,2.215536733e-05
1.399999974e-07,7.770398748e-07,9.748650905e-07,5.310767506e-07,1.129321419e-07,2.066872185e-06,1.951358172e-06,0,0
1.030000021e-06,3.377514527e-07,6.92868477e-07,0,1.731775797e-06,0,1.921043546e-09,0,2.928118761e-07
0.1866539121,0.1358948673,0.008963636929,0.1278617382,0.1444242746,0.1254116744,0.1331254989,0.1479968131,0.1365492046
0.0002891370095,0.0001265291861,7.991225618e-05,0.0001255931566,1.700372741e-05,0.0002142855083,7.724077295e-05,0.00022257214,0.0001024798112
0.01235255599,0.01482734395,0.001492341873,0.01245524921,0.01555966493,0.01616725512,0.01401728578,0.01440640073,0.01635820791
0.03778565675,0.03723948201,0.004413477392,0.03435243294,0.03619125485,0.03052007779,0.0390088968,0.0413620472,0.04200218245
1.300000037e-07,3.355135834e-07,8.182966537e-07,2.005844181e-06,7.237319632e-09,0,0,0,0
0.002864076057,0.008047661278,0.002657270016,0.01104837004,0.01104332134,0.004286115523,0.006642716471,0.008288367651,0.006977076642
0.0003027470084,0.001313249309,0.0004163587899,0.0008049071766,0.001073186984,0.001059810747,0.001876389491,0.001723838155,0.001341363299
2.239999974e-14,2.317193074e-06,2.392466126e-06,2.209752665e-06,6.627873063e-06,2.237801482e-07,2.77633626e-06,0,2.065416311e-06
0.005504284054,0.004017994041,0.0004153698695,0.00425323192,0.003415805753,0.00379132526,0.003790038172,0.004472699948,0.00438486319
0,2.194942641e-07,4.352463257e-07,2.128407175e-07,0,0,1.091235958e-06,1.288890861e-08,0
0.0001404600043,0.0001151950725,0.0001279801991,0.0001652952633,0.0003499685263,3.34398901e-05,5.273385977e-05,1.343412691e-06,8.83894827e-05
7.659999937e-06,6.668048742e-06,1.139085572e-05,2.288044954e-08,0,3.688928018e-06,7.101353276e-06,1.47080641e-08,2.918042264e-05
1.259999993e-09,1.094280554e-13,2.680428994e-13,0,0,0,6.565683327e-13,0,0
6.530000152e-11,8.545250848e-08,1.523545319e-07,3.419730277e-08,9.057593786e-08,3.879418102e-07,0,0,0
0.0004948289716,0.0002098129056,0.000120279172,0.0002148720523,0.00025414009,0.0001270435459,6.035330443e-05,0.0001906895486,0.0004117788922
0.244894281,0.216635334,0.00797548735,0.2201544493,0.2203204334,0.2134108543,0.2017800659,0.2230382413,0.2211079597
0.03886472434,0.03616895682,0.004935977701,0.04131327569,0.0359662585,0.03643195331,0.04194783047,0.02980222739,0.03155219555
2.529999983e-05,3.859445557e-05,3.067167533e-05,5.804656212e-06,7.684037882e-06,4.769947918e-05,8.769411215e-05,5.040741235e-05,3.227703564e-05
6.980000133e-09,4.80507822e-07,8.453866524e-07,6.179074319e-08,9.000273593e-08,6.527088914e-08,2.958203709e-07,1.735978827e-07,2.19656431e-06
4.42999999e-06,2.207904889e-05,4.571783993e-05,1.691678517e-05,0,9.696670134e-08,1.056840006e-06,0,0.0001144037014
1.079999978e-09,2.067572098e-06,2.8957606e-06,0,3.265145779e-06,7.321749763e-06,0,1.818537044e-06,0
0.3454615176,0.2405054594,0.02210650483,0.2195739597,0.2277153581,0.2287994921,0.2301069647,0.2727968693,0.2640401125
1.169999996e-05,4.01983372e-05,3.415545634e-05,9.421389404e-05,6.190488784e-05,4.545626143e-05,2.371389201e-05,2.254131687e-06,1.364695618e-05
0,8.875848752e-08,1.493021299e-07,0,1.297201635e-07,1.351128454e-08,1.309798403e-08,0,3.762214931e-07
0.001032829052,0.001341995958,0.0006926398465,0.001249447698,0.001778209815,0.0004278912093,0.002363054315,0.001448518829,0.0007848538808
0.00305449497,0.001464802597,0.0004321182436,0.001185711357,0.002248086734,0.001264518243,0.001585319755,0.00147338165,0.001031797845
1.809999958e-06,2.015439394e-06,3.720550103e-06,0,0,2.836613476e-06,9.248676179e-06,0,7.346707243e-09
0.0008857030189,0.00089305518,0.000264702901,0.001156294486,0.001246301574,0.0007767936913,0.0007337377174,0.000550478755,0.0008947248571
3.490000111e-08,5.106977917e-07,8.251518885e-07,5.089163437e-07,3.642412594e-08,8.542763025e-11,3.741709804e-07,2.137492629e-06,7.097243238e-09
0.005040428136,0.003922120862,0.0006962622465,0.003955752123,0.004684258718,0.003850739915,0.004445996135,0.002672170056,0.003923808224
0,4.87602217e-07,7.107641676e-07,1.160237957e-06,0,0,0,1.606578849e-06,1.58796496e-07
0.000548505981,0.0002683716872,0.0001714500801,0.0005379819777,0.0003506070352,0.0003341262636,0.0001256138057,0.0001812031696,8.069787145e-05
2.760000006e-09,7.122247496e-07,1.480284407e-06,5.762806836e-07,3.69698455e-06,0,0,0,8.326418721e-11
0,3.303400896e-06,4.214642685e-06,4.924830591e-06,4.168236956e-06,7.702077198e-08,1.282707007e-08,1.061395324e-05,2.353675299e-08
5.330000022e-06,3.902910055e-05,4.534466534e-05,2.065845592e-06,0,6.007602133e-05,1.03211114e-05,0.0001170847463,4.462687866e-05
0.0001965209958,0.0001296442946,8.047534615e-05,7.178279338e-05,0.0002172976383,0.0001130235323,0.0002426777501,5.362420052e-05,7.945985271e-05
0.1541453451,0.1692294429,0.02035971907,0.1567525268,0.2049465477,0.1564631313,0.1688748747,0.1495598406,0.1787797362
0.329911828,0.3877891153,0.02200321883,0.3723088205,0.3984175324,0.3794330955,0.3649827242,0.3854291737,0.4261633456
0.07854039967,0.07170083001,0.01198694185,0.06660509109,0.09206906706,0.0589915663,0.06567139924,0.07950498909,0.0673628673
1.200000042e-06,2.654277557e-05,3.812104252e-05,7.754582475e-05,6.002880127e-06,0,2.320255987e-07,7.376178837e-05,1.714134555e-06
0.008468458429,0.006311917522,0.001251712282,0.005297746044,0.006566067226,0.008640767075,0.005555257667,0.005450366996,0.006361300126
2.460000026e-08,9.053534717e-07,1.004711191e-06,1.121562931e-08,1.433254671e-08,1.691717898e-06,2.175938562e-06,0,1.538916194e-06
0.000559979002,0.001026656217,0.000393217502,0.0005400993396,0.001028480357,0.001364598982,0.00058035244,0.001169764786,0.001476641395
0,2.696480147e-07,5.605480386e-07,1.399938924e-06,0,2.179491645e-07,0,0,0
4.369999917e-09,9.351066619e-07,1.598161423e-06,3.874505182e-06,0,1.311429521e-09,0,1.22800492e-09,1.733595354e-06
4.940000053e-07,1.19787065e-06,1.34664334e-06,0,0,2.163235877e-06,2.946038194e-06,0,2.07794983e-06
0.0009900400182,0.004934937771,0.001683675552,0.004288571421,0.002463318873,0.006860288791,0.004757365212,0.004401458893,0.006838623434
3.670000069e-06,0.000232291303,0.0002342739321,0.0001052874795,0.0006256106426,3.341127376e-05,0.0004095947661,7.350108353e-05,0.0001463425724
0.6585666537,0.5804060598,0.0313419143,0.6301189661,0.6023044586,0.5672581196,0.5630420446,0.5419439673,0.5777688026
1.869999977e-07,3.878625728e-08,5.516258931e-08,0,5.625274824e-08,1.420556117e-07,2.974293878e-08,1.59116964e-09,3.075075306e-09
8.279999975e-07,1.058031513e-07,1.937099942e-07,1.409873551e-08,0,4.863403547e-07,0,0,1.343798175e-07
9.290000162e-05,0.0003488695444,0.0001973735743,0.0003917369759,0.0006144720828,5.557261829e-05,0.0001885099919,0.000413669215,0.0004292563826
4.789999994e-12,9.592993884e-07,1.694600149e-06,0,0,8.262076534e-08,1.461707143e-06,0,4.211468422e-06
0.001815572032,0.001235052356,0.0005650660775,0.0004764048208,0.001188389026,0.002166163409,0.0008829064318,0.00138127117,0.001315179281
0.6725412011,0.6225382288,0.03215014429,0.636294961,0.6348001361,0.5800366402,0.5930628181,0.6689405441,0.6220942736
2.410000022e-08,4.953856197e-07,1.168395293e-06,2.879886551e-06,5.548470128e-08,0,0,3.679879867e-08,1.436669117e-10
4.850000176e-12,6.25951552e-07,1.061396572e-06,1.02133788e-06,9.88407507e-08,2.632640644e-06,2.857849735e-09,3.218731184e-11,0
0,6.806637837e-07,1.251475404e-06,3.542718616e-07,2.891756026e-07,1.599800186e-07,0,3.220629878e-06,5.992534113e-08
4.059999981e-08,9.649901121e-07,1.778217493e-06,1.170892915e-06,4.472708042e-06,0,1.463397155e-07,0,0
2.570000106e-06,1.787418976e-06,1.989590909e-06,1.387021484e-06,5.482345387e-06,5.992941396e-07,0,8.148527399e-07,2.441000106e-06
1.10000002e-07,7.405969598e-07,8.683800668e-07,9.873457429e-07,5.400075338e-07,2.336370699e-06,5.798577831e-07,0,0
5.870000319e-11,6.117638797e-08,9.490981593e-08,0,1.996166077e-07,1.169319863e-09,0,1.662724003e-07,0
9.390000173e-07,3.902002688e-07,8.624726473e-07,2.149290367e-06,4.930400976e-08,3.907834412e-08,9.685677327e-08,6.672118857e-09,0
0.002945153043,0.002331038588,0.000676479997,0.001720114262,0.001759520732,0.002598556457,0.002632504562,0.003424422583,0.001851112931
6.760000115e-09,4.582787564e-07,8.424054444e-07,5.8051004e-08,1.208221345e-08,1.138775048e-07,0,4.166447525e-07,2.149017064e-06
0.003227720037,0.003655431986,0.0009256351996,0.004003059119,0.002553960774,0.004406977445,0.004891595803,0.002819654765,0.003257344011
3.839999846e-11,2.595696913e-06,4.903165863e-06,1.24781327e-05,0,1.288720114e-06,1.807328658e-06,0,0
0.09413624555,0.1093183992,0.01121942205,0.114354223,0.1119095162,0.1100676805,0.09092972428,0.1245342866,0.1041149646
0,1.269388008e-06,1.780144688e-06,0,4.250774055e-06,0,0,2.626200057e-06,7.393539363e-07
0.3995436728,0.4696027686,0.02010526389,0.4928831458,0.4385712147,0.4785834551,0.4521646798,0.4775118828,0.4779022336
1.84000001e-07,1.881933448e-07,3.482315807e-07,8.656824662e-07,0,0,2.634776024e-07,0,0
1.179999987e-10,1.051533509e-07,1.160875065e-07,0,2.90734846e-07,1.703124326e-07,0,1.386180912e-07,3.125473569e-08
0.0004284479946,0.0004203991763,0.0002379187946,0.0004448616237,0.0004848953686,0.0008181948215,0.0002829673176,0.0003873829846,0.0001040929419
3.460000153e-05,5.631137022e-05,3.90172844e-05,2.482355558e-05,4.007230018e-05,6.711442256e-05,6.683731044e-05,1.574868111e-05,0.0001232719515
1.419999999e-14,7.859907053e-06,1.578365936e-05,3.962610936e-05,1.632257551e-09,7.912458386e-07,0,0,6.740454864e-06
6.860000124e-09,5.272199248e-08,1.288464631e-07,0,6.03682937e-10,3.15728272e-07,0,0,0
0.2763000131,0.2686061114,0.00636196426,0.2607215643,0.2745881975,0.2678603232,0.276699543,0.2693140209,0.2624530196
0.0006611900171,0.0009076821249,0.0003040604948,0.0003525679931,0.00104784593,0.001057421905,0.001024130266,0.001191131538,0.0007729951176
2.929999994e-07,9.29787111e-07,2.255145097e-06,1.263497033e-11,0,5.532931027e-06,0,4.57790037e-08,0
0.009619944729,0.007611968865,0.004465335986,0.005709437188,0.004559711087,0.007753878832,0.003916959744,0.0161609631,0.007570863236
5.190000138e-06,5.47093664e-05,4.378442995e-05,0.0001328875805,7.086849655e-05,4.659996193e-05,4.118805009e-05,5.692802915e-06,3.101930633e-05
1.430000007e-10,4.00984127e-05,3.208344303e-05,2.24510386e-05,8.028134471e-05,7.181461115e-05,3.953218197e-08,1.704439455e-05,4.895955499e-05
7.100000221e-05,4.564883822e-05,5.855309388e-05,1.141570192e-05,1.834427712e-05,2.46501113e-05,0.0001580646785,1.552485173e-06,5.986577526e-05
3.98000011e-05,4.208546997e-05,3.692119222e-05,2.936924284e-05,3.996568557e-05,0.000106397667,5.741394489e-05,2.270986244e-07,1.913918095e-05
2.689999928e-05,8.838916388e-05,6.211136436e-05,0.0001182794949,0.0001263427403,3.580694056e-06,1.669528319e-05,0.0001513268944,0.0001141098764
4.620000129e-12,4.557985554e-07,1.035124931e-06,2.566816192e-06,0,0,6.892605375e-10,1.100430467e-07,5.72428327e-08
0,3.114546132e-08,7.629048804e-08,0,0,1.868727679e-07,0,0,0
1.759999968e-08,1.665493308e-07,3.697660249e-07,8.085782355e-08,0,0,9.184381611e-07,0,0
0.6458520293,0.689239194,0.01868009521,0.6977918744,0.7038367987,0.694522202,0.6640259027,0.7074998617,0.6677585244
2.87000006e-07,6.400927135e-06,9.308841927e-06,1.934239481e-05,4.402675913e-08,6.204019201e-07,1.02882673e-07,1.743071334e-05,8.651433063e-07
5.099999867e-10,1.583745757e-08,3.879368986e-08,9.502474541e-08,0,0,0,0,0
3.299999857e-11,3.023535257e-08,7.34463976e-08,0,0,1.258452786e-09,1.801536627e-07,0,0
2.150000039e-10,1.507747827e-05,3.054182011e-05,1.340166307e-07,7.041729532e-06,7.719891437e-05,1.78856817e-06,3.804172763e-07,3.921223652e-06
1.29e-07,4.937675709e-08,1.145648148e-07,9.955499536e-09,0,0,0,3.207053512e-09,2.830979895e-07
0.02378466167,0.02937775323,0.001897325183,0.03139810637,0.02836423367,0.03127396107,0.03042614646,0.02784278244,0.02696128935
6.420000176e-08,1.191850257e-07,1.583956042e-07,4.244862737e-07,0,9.443684235e-08,0,1.321865426e-07,6.400049557e-08
2.300000034e-12,4.759322489e-06,9.774348992e-06,0,0,0,0,2.442379628e-05,4.132138656e-06
0.0007508629933,0.0005494895837,0.0004284128439,0.0004999481025,0.001384831732,0.0004364930501,0.0002704129147,0.000195663597,0.0005095881061
0.00977839902,0.01004091091,0.001925503805,0.01218613144,0.01095928252,0.008063475601,0.01116513554,0.01059032325,0.007281117141
0,9.061689079e-06,1.7578512e-05,0,7.87197223e-07,5.171011397e-10,4.413404895e-05,9.448371202e-06,0
0.0004770370142,0.002637631861,0.0007254522488,0.003343313001,0.00315723801,0.002034003148,0.001558997086,0.003206115682,0.002526124241
9.310000314e-05,7.564274498e-05,3.517941573e-05,9.249459254e-05,1.467044967e-05,6.581761409e-05,6.740871322e-05,0.0001133983751,0.0001000667253
0,3.446803008e-07,4.061911456e-07,8.618521861e-07,0,8.418207926e-07,7.491180298e-08,5.43624834e-09,2.840607749e-07
0.003331495915,0.005209720771,0.0010030308,0.005062942393,0.004547912627,0.003903345205,0.006122754421,0.006619466934,0.005001903046
