A_physical,E_physical,Yield_pred,Yield_pred_std
66,0.0,1.791299e-06,1.0328188e-06
66,1.0,2.45704e-06,2.1930243e-06
66,2.0,4.231431e-06,2.8677111e-06
66,3.0,5.8344267e-06,4.243176e-06
66,4.0,1.0831923e-05,8.003286e-06
66,5.0,9.907263e-06,6.3691123e-06
66,6.0,1.5614276e-05,1.43543475e-05
66,7.0,1.2173186e-05,6.500291e-06
66,8.0,1.8324225e-05,9.625869e-06
66,9.0,2.9857782e-05,1.4666809e-05
66,10.0,3.953443e-05,2.8703274e-05
66,11.0,5.3525404e-05,3.091432e-05
66,12.0,3.6270376e-05,2.0977559e-05
66,13.0,2.7432541e-05,1.7037479e-05
66,14.0,2.4885825e-05,1.3920758e-05
67,0.0,1.9291804e-06,1.5206546e-06
67,1.0,4.137222e-06,6.6401785e-06
67,2.0,6.979546e-06,8.623682e-06
67,3.0,3.841729e-06,5.133168e-06
67,4.0,7.8975245e-06,1.0664158e-05
67,5.0,1.616404e-05,2.7602673e-05
67,6.0,2.3613451e-05,2.062088e-05
67,7.0,1.7020757e-05,9.039852e-06
67,8.0,2.9508696e-05,1.9739142e-05
67,9.0,4.0103914e-05,2.9919514e-05
67,10.0,6.023148e-05,2.4918805e-05
67,11.0,0.00011054043,6.34857e-05
67,12.0,0.00010791121,4.8146092e-05
67,13.0,9.7669814e-05,4.126685e-05
67,14.0,8.80943e-05,3.0742496e-05
68,0.0,2.3311225e-06,2.6770279e-06
68,1.0,6.5865265e-06,6.2116746e-06
68,2.0,6.7092205e-06,6.352078e-06
68,3.0,8.76837e-06,1.3869219e-05
68,4.0,1.7003313e-05,1.7970182e-05
68,5.0,2.7843533e-05,1.937105e-05
68,6.0,4.7778925e-05,3.7269474e-05
68,7.0,7.707669e-05,5.2108106e-05
68,8.0,5.5417233e-05,3.841879e-05
68,9.0,7.065076e-05,1.5508092e-05
68,10.0,9.0223206e-05,3.008902e-05
68,11.0,0.00011407697,3.5194673e-05
68,12.0,0.0001409009,3.7475922e-05
68,13.0,0.0001345609,8.1930295e-05
68,14.0,0.00011790407,8.1177925e-05
69,0.0,1.7069532e-06,1.73469e-06
69,1.0,3.749834e-06,4.2481115e-06
69,2.0,1.3390684e-05,1.4257119e-05
69,3.0,1.7281878e-05,1.5111049e-05
69,4.0,3.496995e-05,2.3323099e-05
69,5.0,6.357878e-05,2.3498169e-05
69,6.0,0.00014458592,8.119049e-05
69,7.0,0.00015943199,0.000113776376
69,8.0,0.00015982271,8.955673e-05
69,9.0,0.00015600627,7.679737e-05
69,10.0,0.00020605115,0.00012450732
69,11.0,0.00028953352,0.0001378531
69,12.0,0.00032671215,0.0001888869
69,13.0,0.00031405166,0.000187054
69,14.0,0.00022987567,7.166609e-05
70,0.0,3.9466718e-06,3.0296226e-06
70,1.0,8.172073e-06,1.1698189e-05
70,2.0,2.2019862e-05,2.0448231e-05
70,3.0,6.269875e-05,6.89928e-05
70,4.0,0.0001122902,6.6042536e-05
70,5.0,0.00021414692,0.00018647476
70,6.0,0.00025862345,0.00013553075
70,7.0,0.0003418612,0.000137688
70,8.0,0.0003066927,0.00019837501
70,9.0,0.00032370284,0.00018127049
70,10.0,0.00039975042,0.00017988362
70,11.0,0.00051580375,0.00014405863
70,12.0,0.0005453267,0.00018627074
70,13.0,0.00052303186,0.00023429742
70,14.0,0.00050015544,0.0001998932
71,0.0,2.230799e-06,2.3679097e-06
71,1.0,7.797103e-06,7.855358e-06
71,2.0,5.3811993e-05,7.027824e-05
71,3.0,0.00013786228,7.946868e-05
71,4.0,0.00031581768,0.00010507395
71,5.0,0.0005107405,0.000217057
71,6.0,0.0006781173,0.00020068765
71,7.0,0.00070223754,0.00023590514
71,8.0,0.0006955399,0.00031312616
71,9.0,0.0006999614,0.00037829223
71,10.0,0.0006582116,0.0002598449
71,11.0,0.00073732063,0.0003507314
71,12.0,0.00069247774,0.00026231463
71,13.0,0.0007017136,0.0002555619
71,14.0,0.0006237827,0.00013837773
72,0.0,1.4353408e-05,1.4058249e-05
72,1.0,3.85962e-05,2.112315e-05
72,2.0,0.00021012164,0.000133338
72,3.0,0.0003411836,0.00013592746
72,4.0,0.00061417697,0.00023833367
72,5.0,0.001046529,0.0002413763
72,6.0,0.0011764762,0.00043197884
72,7.0,0.0011086371,0.0004992548
72,8.0,0.0009848225,0.0004690266
72,9.0,0.00091781234,0.00029486167
72,10.0,0.0009838421,0.00026189533
72,11.0,0.0011180763,0.00028003324
72,12.0,0.0012161388,0.0002908258
72,13.0,0.0011428677,0.00019665212
72,14.0,0.000909588,0.00023056888
73,0.0,3.3794695e-05,2.0534977e-05
73,1.0,9.820818e-05,1.7084769e-05
73,2.0,0.00037506418,0.00012429304
73,3.0,0.0008972299,0.00013730729
73,4.0,0.0015284846,0.00032186785
73,5.0,0.0022598312,0.00033387958
73,6.0,0.0024984449,0.0004790506
73,7.0,0.0021927606,0.0005362406
73,8.0,0.0019173104,0.00043888373
73,9.0,0.0019007842,0.00041218149
73,10.0,0.0020758954,0.00048579957
73,11.0,0.0022020144,0.0003907223
73,12.0,0.002086535,0.00037921438
73,13.0,0.0020205667,0.00050143065
73,14.0,0.0016919445,0.00031115965
74,0.0,6.7556604e-05,2.6746218e-05
74,1.0,0.00022539165,4.4300436e-05
74,2.0,0.00075856276,0.00024987163
74,3.0,0.0016209445,0.00037823906
74,4.0,0.0026497964,0.0008462208
74,5.0,0.0037600917,0.0010631399
74,6.0,0.004098148,0.0011514776
74,7.0,0.003518789,0.00064383924
74,8.0,0.002954541,0.0005621918
74,9.0,0.0030774781,0.00057113316
74,10.0,0.0035009596,0.0006353406
74,11.0,0.0039293463,0.00070369977
74,12.0,0.0039627645,0.0008566565
74,13.0,0.0034134835,0.00076289015
74,14.0,0.0027654134,0.00030825875
75,0.0,0.00020363234,1.9525452e-05
75,1.0,0.000989935,0.00034368617
75,2.0,0.0022267702,0.00063967565
75,3.0,0.0038964683,0.0008656898
75,4.0,0.0065058973,0.0011878809
75,5.0,0.007703236,0.0015607841
75,6.0,0.007333849,0.0017717424
75,7.0,0.0064062313,0.0019940292
75,8.0,0.005072201,0.0014752736
75,9.0,0.0047655557,0.0013774029
75,10.0,0.0056774854,0.0011697873
75,11.0,0.0060934857,0.0010002418
75,12.0,0.0062033148,0.0012546683
75,13.0,0.005371222,0.0013131388
75,14.0,0.004403191,0.00082399015
76,0.0,0.0007033271,0.00012714001
76,1.0,0.0026826465,0.0008939547
76,2.0,0.005529873,0.0026488954
76,3.0,0.008690889,0.002486523
76,4.0,0.013249976,0.0042420537
76,5.0,0.015052679,0.0049508763
76,6.0,0.014432897,0.0034853104
76,7.0,0.011636406,0.0027687747
76,8.0,0.009345014,0.002316404
76,9.0,0.008941392,0.0015597258
76,10.0,0.0093002515,0.0018907547
76,11.0,0.009688117,0.0019959754
76,12.0,0.009475671,0.0017782027
76,13.0,0.00847362,0.0012418759
76,14.0,0.0071240813,0.0007103658
77,0.0,0.0015832848,0.00042953793
77,1.0,0.004583662,0.0015140115
77,2.0,0.00913627,0.003643301
77,3.0,0.014645609,0.0023568987
77,4.0,0.02007735,0.0015526416
77,5.0,0.021049874,0.0032521244
77,6.0,0.018633466,0.003940336
77,7.0,0.01560916,0.0029381737
77,8.0,0.012913368,0.002406722
77,9.0,0.012313277,0.00231946
77,10.0,0.013025243,0.0021459933
77,11.0,0.014466605,0.0014971662
77,12.0,0.013359297,0.002129117
77,13.0,0.0118273115,0.0013737218
77,14.0,0.010318722,0.0015311661
78,0.0,0.002768635,0.00044631056
78,1.0,0.0071339924,0.0023071966
78,2.0,0.013592034,0.0045845993
78,3.0,0.01884199,0.005275807
78,4.0,0.023703093,0.005512599
78,5.0,0.025565604,0.0065934425
78,6.0,0.02460768,0.005318992
78,7.0,0.020578908,0.0045378506
78,8.0,0.01739294,0.0047773165
78,9.0,0.01672603,0.004994888
78,10.0,0.018293688,0.0040687067
78,11.0,0.019889845,0.003169264
78,12.0,0.020726815,0.0034499487
78,13.0,0.019409928,0.0037213766
78,14.0,0.016587453,0.003641229
79,0.0,0.0064162225,0.0007959562
79,1.0,0.013799516,0.0025931806
79,2.0,0.022429064,0.0036946957
79,3.0,0.032007076,0.0045898315
79,4.0,0.03835668,0.0067157517
79,5.0,0.04327945,0.010780591
79,6.0,0.039881233,0.010968692
79,7.0,0.033355,0.008107137
79,8.0,0.02716276,0.0053045168
79,9.0,0.025880674,0.0041884813
79,10.0,0.027316852,0.0042381985
79,11.0,0.028814578,0.0043312176
79,12.0,0.02875168,0.0026860796
79,13.0,0.027317991,0.0036519852
79,14.0,0.026183119,0.004224001
80,0.0,0.013566077,0.00095185026
80,1.0,0.026046237,0.0028746333
80,2.0,0.038081665,0.0053905207
80,3.0,0.050633777,0.007333411
80,4.0,0.06028654,0.010536474
80,5.0,0.064506695,0.014059063
80,6.0,0.06140541,0.014747129
80,7.0,0.052059233,0.010512505
80,8.0,0.045320928,0.008360009
80,9.0,0.043554816,0.009081403
80,10.0,0.045930684,0.007900317
80,11.0,0.048993304,0.0049461275
80,12.0,0.04853356,0.0035386628
80,13.0,0.047490478,0.0035531684
80,14.0,0.04390052,0.005233172
81,0.0,0.028760612,0.002954077
81,1.0,0.04237104,0.0066942303
81,2.0,0.062434584,0.012831098
81,3.0,0.07485664,0.012990183
81,4.0,0.08428266,0.010500795
81,5.0,0.08692482,0.011698537
81,6.0,0.084832616,0.0122759165
81,7.0,0.07874102,0.00958188
81,8.0,0.06992624,0.0069207093
81,9.0,0.06817887,0.007928668
81,10.0,0.06942988,0.0044823913
81,11.0,0.072435744,0.005419499
81,12.0,0.07194779,0.0049668024
81,13.0,0.07070684,0.0047344416
81,14.0,0.06878533,0.0038805846
82,0.0,0.05040108,0.001295479
82,1.0,0.065660216,0.0070559024
82,2.0,0.08456328,0.008841568
82,3.0,0.10149368,0.009044984
82,4.0,0.11282315,0.010290168
82,5.0,0.11556604,0.00939545
82,6.0,0.11285221,0.0073530436
82,7.0,0.10829205,0.009278742
82,8.0,0.09874579,0.009500617
82,9.0,0.09310771,0.008349102
82,10.0,0.09437299,0.008439845
82,11.0,0.100597024,0.012173532
82,12.0,0.10242924,0.011884047
82,13.0,0.10422925,0.01336726
82,14.0,0.10549077,0.010542727
83,0.0,0.08232517,0.002884568
83,1.0,0.10532037,0.008053374
83,2.0,0.12411898,0.009288281
83,3.0,0.13943973,0.00891163
83,4.0,0.15130235,0.011584174
83,5.0,0.15536283,0.016084958
83,6.0,0.15655752,0.016123286
83,7.0,0.15476818,0.014435849
83,8.0,0.14603479,0.016553165
83,9.0,0.1397872,0.018863
83,10.0,0.14081053,0.016816588
83,11.0,0.1432426,0.010398608
83,12.0,0.1467977,0.009764122
83,13.0,0.15519613,0.010506642
83,14.0,0.15832408,0.014562407
84,0.0,0.12575565,0.0071063084
84,1.0,0.15098657,0.008538398
84,2.0,0.1763655,0.014670587
84,3.0,0.19519426,0.016968776
84,4.0,0.2044008,0.013598912
84,5.0,0.21088277,0.013077292
84,6.0,0.2124935,0.01205491
84,7.0,0.21152072,0.010606048
84,8.0,0.21262199,0.016153192
84,9.0,0.20792282,0.017598698
84,10.0,0.20565288,0.01882781
84,11.0,0.20423973,0.011684238
84,12.0,0.2078889,0.015278979
84,13.0,0.21327055,0.014064724
84,14.0,0.21961896,0.0123042315
85,0.0,0.22932689,0.00924872
85,1.0,0.24151558,0.008824738
85,2.0,0.25123164,0.012040555
85,3.0,0.26052797,0.012672695
85,4.0,0.26353455,0.011791927
85,5.0,0.2670487,0.011279469
85,6.0,0.2778133,0.018001322
85,7.0,0.28383243,0.020418236
85,8.0,0.28524175,0.02003774
85,9.0,0.2766663,0.019659407
85,10.0,0.26789236,0.02075918
85,11.0,0.26647905,0.019506421
85,12.0,0.26808465,0.017276721
85,13.0,0.27188352,0.018016104
85,14.0,0.28300232,0.027032916
86,0.0,0.29165447,0.0045118243
86,1.0,0.30387747,0.020613763
86,2.0,0.3028845,0.026309926
86,3.0,0.30658242,0.024775043
86,4.0,0.30723044,0.02522855
86,5.0,0.31314805,0.022431526
86,6.0,0.32481363,0.026842143
86,7.0,0.33416846,0.027932424
86,8.0,0.33737257,0.023550708
86,9.0,0.3334342,0.019820651
86,10.0,0.32949463,0.018786846
86,11.0,0.3231025,0.0212064
86,12.0,0.3197517,0.021874199
86,13.0,0.32388803,0.026684662
86,14.0,0.3341007,0.031582918
87,0.0,0.3923628,0.021034636
87,1.0,0.3822668,0.020932946
87,2.0,0.37790778,0.009108081
87,3.0,0.3851852,0.016795535
87,4.0,0.38929948,0.0139508955
87,5.0,0.39200374,0.022724347
87,6.0,0.40295804,0.027543247
87,7.0,0.41679677,0.032644358
87,8.0,0.41584364,0.03137135
87,9.0,0.40730008,0.022019053
87,10.0,0.39832795,0.015422045
87,11.0,0.39727435,0.021705722
87,12.0,0.39534166,0.015921535
87,13.0,0.40011704,0.012097659
87,14.0,0.41213372,0.01886421
88,0.0,0.55295986,0.007318012
88,1.0,0.53489894,0.021469153
88,2.0,0.50937027,0.01982928
88,3.0,0.5014677,0.022603562
88,4.0,0.49550867,0.0271938
88,5.0,0.5080721,0.032794576
88,6.0,0.52366716,0.047240738
88,7.0,0.5438288,0.053307567
88,8.0,0.556756,0.044602524
88,9.0,0.54933536,0.034893196
88,10.0,0.5259879,0.034141276
88,11.0,0.5069824,0.01766722
88,12.0,0.5061094,0.013824551
88,13.0,0.5190923,0.009276387
88,14.0,0.54964375,0.02366292
89,0.0,0.74069756,0.01970038
89,1.0,0.6874113,0.034843568
89,2.0,0.6445487,0.039726004
89,3.0,0.61832637,0.03927484
89,4.0,0.6117483,0.033108983
89,5.0,0.6167361,0.03862489
89,6.0,0.63150704,0.046862103
89,7.0,0.6546921,0.04958366
89,8.0,0.66493875,0.028056864
89,9.0,0.6520832,0.03060934
89,10.0,0.63325775,0.03136193
89,11.0,0.604923,0.036204718
89,12.0,0.5968829,0.038421117
89,13.0,0.6129028,0.029455941
89,14.0,0.6438747,0.033265874
90,0.0,0.85640246,0.032145236
90,1.0,0.8030984,0.03465955
90,2.0,0.7524312,0.046864014
90,3.0,0.72896457,0.04087956
90,4.0,0.70554644,0.0411332
90,5.0,0.69500536,0.038968455
90,6.0,0.7034089,0.062706456
90,7.0,0.7280045,0.08006653
90,8.0,0.74378467,0.06266157
90,9.0,0.7263353,0.038140595
90,10.0,0.687571,0.027986558
90,11.0,0.6677001,0.02834867
90,12.0,0.6598403,0.032508127
90,13.0,0.66637796,0.027768813
90,14.0,0.6853182,0.0285453
91,0.0,0.8962624,0.02380153
91,1.0,0.843201,0.03956607
91,2.0,0.79599935,0.046574157
91,3.0,0.76191664,0.050848983
91,4.0,0.7463704,0.05575177
91,5.0,0.73703605,0.065841936
91,6.0,0.7450452,0.0872015
91,7.0,0.7672236,0.09238348
91,8.0,0.78534895,0.06531257
91,9.0,0.7571756,0.047289345
91,10.0,0.71885014,0.037065294
91,11.0,0.69446117,0.042251505
91,12.0,0.6830812,0.054582406
91,13.0,0.6898446,0.061063852
91,14.0,0.71292275,0.05188427
92,0.0,0.92716455,0.03284989
92,1.0,0.8525811,0.023908256
92,2.0,0.803253,0.0183086
92,3.0,0.79030246,0.026067756
92,4.0,0.77987885,0.04520555
92,5.0,0.77689165,0.05474076
92,6.0,0.78490645,0.06469165
92,7.0,0.81114435,0.067466095
92,8.0,0.8256188,0.05326855
92,9.0,0.80952185,0.04266968
92,10.0,0.7786009,0.036903996
92,11.0,0.7606991,0.03558108
92,12.0,0.75494885,0.043531302
92,13.0,0.7578128,0.024749015
92,14.0,0.77209216,0.027021851
93,0.0,0.94558555,0.028534967
93,1.0,0.90771335,0.042270638
93,2.0,0.8786817,0.04038987
93,3.0,0.8768873,0.041453045
93,4.0,0.8779517,0.040391244
93,5.0,0.8644019,0.04338295
93,6.0,0.8638324,0.049390838
93,7.0,0.87798834,0.043644756
93,8.0,0.8721609,0.033146083
93,9.0,0.8514137,0.034684006
93,10.0,0.81491405,0.056619085
93,11.0,0.79222244,0.051203694
93,12.0,0.7865365,0.04777155
93,13.0,0.786325,0.04781214
93,14.0,0.78741145,0.04273603
94,0.0,1.0163893,0.015279693
94,1.0,0.98715305,0.01754529
94,2.0,0.967398,0.013338507
94,3.0,0.95565647,0.018715657
94,4.0,0.95381993,0.031838972
94,5.0,0.9382227,0.05422966
94,6.0,0.91561514,0.07882517
94,7.0,0.9137354,0.07132226
94,8.0,0.9262805,0.058897395
94,9.0,0.8978601,0.04798378
94,10.0,0.8710394,0.04896978
94,11.0,0.85478336,0.0520585
94,12.0,0.8386074,0.053156868
94,13.0,0.8334537,0.042313024
94,14.0,0.820236,0.0114309
95,0.0,1.0135597,0.01838207
95,1.0,0.97068197,0.04577873
95,2.0,0.93082625,0.05903344
95,3.0,0.9237885,0.0590219
95,4.0,0.91342497,0.05341049
95,5.0,0.90902114,0.065532394
95,6.0,0.9125344,0.056611832
95,7.0,0.91545075,0.057131212
95,8.0,0.9153916,0.052486032
95,9.0,0.8900432,0.046058174
95,10.0,0.86317927,0.05310887
95,11.0,0.83681107,0.06047402
95,12.0,0.81634474,0.04940681
95,13.0,0.8099937,0.043111224
95,14.0,0.80482906,0.042008918
96,0.0,0.9396932,0.027204048
96,1.0,0.9177382,0.037525453
96,2.0,0.88755196,0.052076276
96,3.0,0.8813645,0.06991654
96,4.0,0.88093334,0.0586418
96,5.0,0.8798354,0.060159996
96,6.0,0.8731645,0.06206247
96,7.0,0.87446547,0.058996316
96,8.0,0.87224364,0.04290435
96,9.0,0.86347896,0.026668787
96,10.0,0.8506349,0.02114438
96,11.0,0.8419683,0.025517754
96,12.0,0.82739955,0.028118623
96,13.0,0.80781347,0.028131232
96,14.0,0.7884856,0.028431533
97,0.0,0.87764746,0.021172315
97,1.0,0.89610773,0.052735507
97,2.0,0.9143073,0.044647526
97,3.0,0.89861673,0.03406142
97,4.0,0.87524825,0.035135165
97,5.0,0.8647769,0.03668216
97,6.0,0.8625737,0.031316068
97,7.0,0.86066985,0.032113917
97,8.0,0.8650345,0.01782963
97,9.0,0.8655321,0.018581053
97,10.0,0.8531764,0.026037317
97,11.0,0.83958477,0.023865819
97,12.0,0.83265823,0.02762696
97,13.0,0.8259816,0.014195556
97,14.0,0.81786996,0.018448366
98,0.0,0.86445785,0.019495318
98,1.0,0.9063647,0.06247376
98,2.0,0.9253339,0.083033405
98,3.0,0.92148215,0.058634423
98,4.0,0.90326446,0.055343684
98,5.0,0.89390224,0.041495893
98,6.0,0.889705,0.03794703
98,7.0,0.8826856,0.04633238
98,8.0,0.898042,0.033451434
98,9.0,0.90421003,0.027467795
98,10.0,0.8940641,0.020227969
98,11.0,0.8777203,0.020577122
98,12.0,0.8675647,0.04253113
98,13.0,0.85349315,0.037642866
98,14.0,0.84773093,0.020235833
99,0.0,0.8798194,0.022435615
99,1.0,0.9269778,0.025832508
99,2.0,0.9227083,0.057792716
99,3.0,0.9330458,0.070290074
99,4.0,0.92913646,0.085442916
99,5.0,0.90702075,0.073917925
99,6.0,0.88245374,0.056437425
99,7.0,0.8729475,0.05327181
99,8.0,0.8720543,0.04736576
99,9.0,0.8654489,0.043059956
99,10.0,0.86439794,0.05206868
99,11.0,0.84284043,0.048287947
99,12.0,0.81742436,0.041212942
99,13.0,0.7991388,0.038412124
99,14.0,0.7919817,0.039799437
100,0.0,0.9062445,0.024999097
100,1.0,0.92610145,0.02989053
100,2.0,0.9173928,0.02207747
100,3.0,0.8984249,0.042452283
100,4.0,0.8932945,0.04381643
100,5.0,0.8830941,0.030486349
100,6.0,0.8588825,0.03806065
100,7.0,0.8338032,0.036632758
100,8.0,0.8326624,0.031908404
100,9.0,0.8410643,0.029439624
100,10.0,0.8386452,0.036835067
100,11.0,0.8122983,0.051384643
100,12.0,0.77728146,0.059139624
100,13.0,0.75090975,0.05768643
100,14.0,0.7299728,0.050812516
101,0.0,0.76937705,0.019033298
101,1.0,0.79620117,0.02310099
101,2.0,0.8185725,0.030238604
101,3.0,0.81166,0.02708047
101,4.0,0.8012535,0.024728764
101,5.0,0.78845525,0.03471241
101,6.0,0.7683442,0.036581933
101,7.0,0.73616076,0.041034587
101,8.0,0.72045016,0.043569367
101,9.0,0.72684926,0.03844959
101,10.0,0.72526175,0.03190092
101,11.0,0.70593995,0.035925083
101,12.0,0.6732643,0.049201924
101,13.0,0.65068465,0.04156542
101,14.0,0.63014907,0.038973458
102,0.0,0.6370874,0.021427663
102,1.0,0.6638513,0.032406475
102,2.0,0.69491416,0.038574528
102,3.0,0.7021939,0.038240552
102,4.0,0.6988671,0.03588565
102,5.0,0.700206,0.019482454
102,6.0,0.6765365,0.025001256
102,7.0,0.64525586,0.02529449
102,8.0,0.6267641,0.024062084
102,9.0,0.62705463,0.015486299
102,10.0,0.62944436,0.015616841
102,11.0,0.62596196,0.020485843
102,12.0,0.61193013,0.015950767
102,13.0,0.5830196,0.015060443
102,14.0,0.54815745,0.017141523
103,0.0,0.44393706,0.0149224615
103,1.0,0.4954909,0.01946348
103,2.0,0.52146167,0.04361866
103,3.0,0.54776764,0.03486395
103,4.0,0.55265975,0.028323922
103,5.0,0.5514974,0.027323306
103,6.0,0.5421018,0.02516322
103,7.0,0.5206055,0.025331592
103,8.0,0.4979999,0.019069502
103,9.0,0.49624753,0.020717837
103,10.0,0.50940746,0.023913011
103,11.0,0.5204502,0.027843604
103,12.0,0.5240027,0.032474786
103,13.0,0.5014525,0.031643998
103,14.0,0.4648647,0.019419633
104,0.0,0.29033336,0.009256606
104,1.0,0.3362083,0.01572214
104,2.0,0.36171106,0.020898378
104,3.0,0.39127362,0.022788463
104,4.0,0.41245756,0.037460607
104,5.0,0.42070207,0.038633924
104,6.0,0.40678084,0.027461777
104,7.0,0.38222054,0.026395816
104,8.0,0.36146188,0.026051812
104,9.0,0.36859348,0.02280065
104,10.0,0.37885186,0.025005445
104,11.0,0.3840418,0.03010737
104,12.0,0.3881205,0.034745123
104,13.0,0.38152125,0.0334809
104,14.0,0.35987827,0.02296265
105,0.0,0.15293324,0.010286128
105,1.0,0.18405604,0.0142714
105,2.0,0.2108618,0.010472678
105,3.0,0.2249194,0.013683656
105,4.0,0.24407478,0.012508078
105,5.0,0.25587022,0.013151937
105,6.0,0.2525746,0.007885006
105,7.0,0.24162562,0.015029483
105,8.0,0.23219967,0.017394554
105,9.0,0.24507473,0.018246898
105,10.0,0.2648358,0.023375731
105,11.0,0.2836783,0.02220405
105,12.0,0.2929128,0.019572811
105,13.0,0.29398263,0.014995474
105,14.0,0.2748785,0.010667795
106,0.0,0.063959144,0.001956281
106,1.0,0.08559459,0.009218108
106,2.0,0.106567085,0.00934976
106,3.0,0.12875071,0.012715179
106,4.0,0.14198549,0.018246861
106,5.0,0.15888554,0.020960033
106,6.0,0.16372548,0.012947552
106,7.0,0.15460497,0.007747438
106,8.0,0.15091583,0.008112616
106,9.0,0.16547106,0.016938211
106,10.0,0.18998952,0.027195983
106,11.0,0.2195506,0.024710769
106,12.0,0.23644125,0.019071603
106,13.0,0.23620684,0.01410934
106,14.0,0.222731,0.008106231
107,0.0,0.023974115,0.0021151754
107,1.0,0.036882695,0.006955363
107,2.0,0.04965861,0.008569155
107,3.0,0.06480726,0.0056811646
107,4.0,0.0792763,0.008038218
107,5.0,0.093462825,0.007921858
107,6.0,0.10262105,0.0076925396
107,7.0,0.10575667,0.006181082
107,8.0,0.10828639,0.008618962
107,9.0,0.12153208,0.01417172
107,10.0,0.14565162,0.023166385
107,11.0,0.16801602,0.01743727
107,12.0,0.18621342,0.010487246
107,13.0,0.19151072,0.0039131516
107,14.0,0.18309659,0.005989289
108,0.0,0.012542232,0.0010897627
108,1.0,0.019224053,0.0047094845
108,2.0,0.029816633,0.0059846845
108,3.0,0.045093607,0.0069550835
108,4.0,0.05896307,0.008492685
108,5.0,0.07622362,0.011740722
108,6.0,0.08659983,0.0116878515
108,7.0,0.089400284,0.013335433
108,8.0,0.092294365,0.017867455
108,9.0,0.102294825,0.0203887
108,10.0,0.1242144,0.02433618
108,11.0,0.15079702,0.022979904
108,12.0,0.16852029,0.013192248
108,13.0,0.17718028,0.0086554205
108,14.0,0.17416827,0.007604935
109,0.0,0.0065772235,0.0010223585
109,1.0,0.012258049,0.0028916039
109,2.0,0.020959096,0.0042427448
109,3.0,0.032103363,0.005856756
109,4.0,0.045418248,0.010573904
109,5.0,0.059722524,0.012346744
109,6.0,0.072877906,0.010371672
109,7.0,0.076740004,0.008602023
109,8.0,0.079526395,0.011112085
109,9.0,0.09072769,0.017577508
109,10.0,0.11395734,0.026469314
109,11.0,0.13976975,0.022906551
109,12.0,0.15907514,0.0168364
109,13.0,0.16853678,0.010633561
109,14.0,0.16808985,0.006571685
110,0.0,0.0041931407,0.0009681874
110,1.0,0.009363174,0.0021001264
110,2.0,0.017503783,0.0036043413
110,3.0,0.027790695,0.0065414812
110,4.0,0.040871333,0.010215213
110,5.0,0.05438934,0.013480827
110,6.0,0.06663632,0.012637938
110,7.0,0.07134364,0.011112842
110,8.0,0.072137244,0.011813568
110,9.0,0.08265819,0.016412871
110,10.0,0.10582602,0.021925732
110,11.0,0.13233812,0.021575777
110,12.0,0.15177117,0.015909398
110,13.0,0.16267641,0.01244888
110,14.0,0.1625741,0.010365966
111,0.0,0.00325147,0.00089857116
111,1.0,0.0077882223,0.0019968438
111,2.0,0.015813598,0.0028979518
111,3.0,0.0262011,0.004792721
111,4.0,0.03882433,0.008536147
111,5.0,0.053774852,0.013673324
111,6.0,0.0670743,0.01593134
111,7.0,0.071132466,0.013351186
111,8.0,0.073018484,0.012314696
111,9.0,0.0816826,0.016778124
111,10.0,0.10507663,0.021811476
111,11.0,0.13044213,0.021279885
111,12.0,0.14807284,0.014320686
111,13.0,0.15677503,0.009048591
111,14.0,0.15629017,0.010784336
112,0.0,0.002523464,0.00054663286
112,1.0,0.0066575618,0.0010455955
112,2.0,0.014579579,0.0019952059
112,3.0,0.025455743,0.004083176
112,4.0,0.04127363,0.008429725
112,5.0,0.054694634,0.010441911
112,6.0,0.066429295,0.011298763
112,7.0,0.07041632,0.009172586
112,8.0,0.07257658,0.011452102
112,9.0,0.081269726,0.01807258
112,10.0,0.104447484,0.024940738
112,11.0,0.13293628,0.025090065
112,12.0,0.15506072,0.020502124
112,13.0,0.16356857,0.014113138
112,14.0,0.15924588,0.0065726065
113,0.0,0.0026674338,0.00029377287
113,1.0,0.0060424865,0.0012141396
113,2.0,0.012934595,0.002722962
113,3.0,0.023409218,0.005439592
113,4.0,0.03918004,0.0092458455
113,5.0,0.05415185,0.013492009
113,6.0,0.06562846,0.012320515
113,7.0,0.06876202,0.009342184
113,8.0,0.07209248,0.012622597
113,9.0,0.07868107,0.016395634
113,10.0,0.09692183,0.018993082
113,11.0,0.121917956,0.01671142
113,12.0,0.14394887,0.010659446
113,13.0,0.15631653,0.008796971
113,14.0,0.15483412,0.0068373107
114,0.0,0.0027607968,0.00039071043
114,1.0,0.00666715,0.0008941349
114,2.0,0.013060461,0.0026552791
114,3.0,0.02264359,0.004883886
114,4.0,0.038666666,0.008748944
114,5.0,0.055339616,0.014043012
114,6.0,0.065195955,0.0109653585
114,7.0,0.06850792,0.011352509
114,8.0,0.06930121,0.013303866
114,9.0,0.07607924,0.017137343
114,10.0,0.10035335,0.021682477
114,11.0,0.12983528,0.019184433
114,12.0,0.15068212,0.014220296
114,13.0,0.1593983,0.01282308
114,14.0,0.1584663,0.008386349
115,0.0,0.0024898874,0.0005272437
115,1.0,0.0059551112,0.0014805534
115,2.0,0.01325521,0.0024812496
115,3.0,0.024222143,0.0054187775
115,4.0,0.038016494,0.008736369
115,5.0,0.053633947,0.012267847
115,6.0,0.06340083,0.011387791
115,7.0,0.06763936,0.011787638
115,8.0,0.07139892,0.014884712
115,9.0,0.08114409,0.017129192
115,10.0,0.104670055,0.021928286
115,11.0,0.12855358,0.01923519
115,12.0,0.14662021,0.013616611
115,13.0,0.15523212,0.008248735
115,14.0,0.15422605,0.0040358077
116,0.0,0.002485132,0.00053558726
116,1.0,0.005638316,0.0011496372
116,2.0,0.012158518,0.001085064
116,3.0,0.02288367,0.0028816136
116,4.0,0.03651456,0.006297884
116,5.0,0.05330807,0.009426848
116,6.0,0.06503219,0.01113324
116,7.0,0.071706526,0.012506414
116,8.0,0.075703554,0.017612038
116,9.0,0.08384562,0.022367684
116,10.0,0.102861606,0.023235163
116,11.0,0.12691924,0.02047374
116,12.0,0.14587788,0.015779313
116,13.0,0.15731485,0.011987537
116,14.0,0.15967529,0.011651693
117,0.0,0.0026253138,0.00043274686
117,1.0,0.005925412,0.001028077
117,2.0,0.011787529,0.0028032602
117,3.0,0.021282807,0.0047256695
117,4.0,0.034662694,0.0085349195
117,5.0,0.049355,0.010844392
117,6.0,0.062297434,0.011878695
117,7.0,0.067783274,0.012036035
117,8.0,0.072398864,0.01634582
117,9.0,0.082683235,0.0209657
117,10.0,0.107711084,0.02685888
117,11.0,0.13187627,0.022457384
117,12.0,0.14643608,0.022185588
117,13.0,0.15498967,0.019478414
117,14.0,0.16234432,0.013038204
118,0.0,0.0028998174,0.0003347838
118,1.0,0.0054426505,0.0005662239
118,2.0,0.011549785,0.0018456241
118,3.0,0.021332594,0.0054257447
118,4.0,0.035671715,0.0068658623
118,5.0,0.05082197,0.009368028
118,6.0,0.06247576,0.012466119
118,7.0,0.06988683,0.0164809
118,8.0,0.074093066,0.017573329
118,9.0,0.085840784,0.022065414
118,10.0,0.11165631,0.02579054
118,11.0,0.13756706,0.024402829
118,12.0,0.15296671,0.0213073
118,13.0,0.15762003,0.01712878
118,14.0,0.16521676,0.015788637
119,0.0,0.0026180448,0.0005511167
119,1.0,0.004780005,0.0008594689
119,2.0,0.012025171,0.0023597355
119,3.0,0.021304658,0.004915656
119,4.0,0.034011625,0.008932911
119,5.0,0.050585926,0.009597756
119,6.0,0.061480105,0.010965036
119,7.0,0.07126301,0.015391052
119,8.0,0.07431983,0.016869398
119,9.0,0.084371805,0.019543674
119,10.0,0.10759863,0.02503239
119,11.0,0.13308948,0.01683765
119,12.0,0.14908586,0.010345084
119,13.0,0.15662926,0.006955528
119,14.0,0.1612629,0.0072216955
120,0.0,0.002494745,0.0005378904
120,1.0,0.0045274836,0.0014130906
120,2.0,0.010030937,0.003023388
120,3.0,0.019633532,0.004839339
120,4.0,0.032188375,0.008406628
120,5.0,0.047425255,0.009517388
120,6.0,0.062706105,0.01361052
120,7.0,0.07188667,0.01766263
120,8.0,0.07790422,0.023372376
120,9.0,0.090836756,0.027925152
120,10.0,0.1117059,0.029954273
120,11.0,0.13478824,0.024596175
120,12.0,0.15044056,0.016926527
120,13.0,0.15412503,0.010386997
120,14.0,0.15814437,0.008060467
121,0.0,0.0021465316,0.0005788157
121,1.0,0.0046417937,0.001163853
121,2.0,0.00980427,0.0032003978
121,3.0,0.019191233,0.0055372347
121,4.0,0.030851027,0.009649592
121,5.0,0.046635803,0.012037003
121,6.0,0.061720803,0.01212087
121,7.0,0.070003055,0.013201615
121,8.0,0.076490514,0.018941801
121,9.0,0.08361041,0.023173476
121,10.0,0.1057575,0.01895586
121,11.0,0.12707593,0.015276819
121,12.0,0.14503257,0.013710475
121,13.0,0.15535314,0.01076336
121,14.0,0.1603112,0.009742362
122,0.0,0.0025935927,0.0006476189
122,1.0,0.0044691265,0.00088016246
122,2.0,0.008826707,0.002918207
122,3.0,0.017060852,0.0053401613
122,4.0,0.028112933,0.01012774
122,5.0,0.043937664,0.0123022115
122,6.0,0.05638805,0.013563018
122,7.0,0.06470666,0.01662319
122,8.0,0.070962615,0.01983555
122,9.0,0.07981202,0.020984737
122,10.0,0.10111901,0.024180366
122,11.0,0.12590814,0.020440273
122,12.0,0.14323606,0.015887292
122,13.0,0.15433672,0.012709725
122,14.0,0.16126145,0.011561155
123,0.0,0.0026021176,0.00041594147
123,1.0,0.0049577155,0.0017248379
123,2.0,0.0091245,0.0027606415
123,3.0,0.017422564,0.004633863
123,4.0,0.028604062,0.008731415
123,5.0,0.04367633,0.010265396
123,6.0,0.05555282,0.012294526
123,7.0,0.0654772,0.013503604
123,8.0,0.068211265,0.013655027
123,9.0,0.07711085,0.017926471
123,10.0,0.10121963,0.025087135
123,11.0,0.1330606,0.019278614
123,12.0,0.1499439,0.0107540805
123,13.0,0.15999801,0.010589866
123,14.0,0.16251722,0.01115141
124,0.0,0.0025762448,0.0005410147
124,1.0,0.0051123225,0.0015705896
124,2.0,0.011141531,0.0038582387
124,3.0,0.018794974,0.0049032145
124,4.0,0.029934071,0.008829945
124,5.0,0.04412365,0.010223288
124,6.0,0.06186952,0.012762658
124,7.0,0.07146562,0.016360376
124,8.0,0.07306049,0.016247923
124,9.0,0.084481835,0.020438502
124,10.0,0.11253629,0.023177678
124,11.0,0.14142506,0.02052174
124,12.0,0.16169797,0.015034848
124,13.0,0.17197712,0.011828902
124,14.0,0.17515714,0.008671995
125,0.0,0.0036608696,0.0009083766
125,1.0,0.0068118297,0.0012727407
125,2.0,0.014146081,0.0022226449
125,3.0,0.024633944,0.0035112677
125,4.0,0.037607975,0.0076445593
125,5.0,0.056534793,0.010103186
125,6.0,0.07257958,0.01489152
125,7.0,0.078719325,0.014606187
125,8.0,0.082966775,0.014372197
125,9.0,0.09859424,0.019050833
125,10.0,0.1284317,0.021034416
125,11.0,0.1612609,0.020054575
125,12.0,0.17754038,0.018772941
125,13.0,0.18938702,0.018063022
125,14.0,0.19568808,0.015436075
126,0.0,0.007853811,0.0018317705
126,1.0,0.015295162,0.0023735154
126,2.0,0.028142815,0.002321822
126,3.0,0.046985436,0.0061173146
126,4.0,0.065073885,0.012091421
126,5.0,0.08792395,0.015231339
126,6.0,0.105953015,0.014925119
126,7.0,0.11360577,0.014827302
126,8.0,0.11651089,0.015804563
126,9.0,0.13566346,0.02459694
126,10.0,0.16810597,0.03230969
126,11.0,0.19924986,0.031512182
126,12.0,0.21405971,0.032498833
126,13.0,0.22436963,0.035171777
126,14.0,0.23342125,0.035424054
127,0.0,0.020050535,0.002348369
127,1.0,0.035957284,0.0031016646
127,2.0,0.057023723,0.0041160635
127,3.0,0.084742375,0.008455147
127,4.0,0.11213946,0.00971343
127,5.0,0.13376401,0.0098818205
127,6.0,0.15418406,0.0113824615
127,7.0,0.15956809,0.012463261
127,8.0,0.16303098,0.012206269
127,9.0,0.18557449,0.023110343
127,10.0,0.22851682,0.027071217
127,11.0,0.2600334,0.023717094
127,12.0,0.27906165,0.02068438
127,13.0,0.28627372,0.024388446
127,14.0,0.289218,0.03011566
128,0.0,0.05217852,0.002733078
128,1.0,0.07609864,0.005346691
128,2.0,0.112232804,0.00841601
128,3.0,0.15298575,0.00857096
128,4.0,0.18833856,0.01191677
128,5.0,0.21920294,0.015470816
128,6.0,0.23942338,0.01595706
128,7.0,0.24742429,0.02059053
128,8.0,0.25168902,0.02010843
128,9.0,0.2715791,0.024069395
128,10.0,0.30398116,0.02121784
128,11.0,0.3336252,0.012683269
128,12.0,0.34931064,0.01859363
128,13.0,0.3535258,0.013480894
128,14.0,0.35892347,0.015912687
129,0.0,0.11384692,0.010489705
129,1.0,0.16539441,0.0067573916
129,2.0,0.21436687,0.015749514
129,3.0,0.2669548,0.018208122
129,4.0,0.30990997,0.02410237
129,5.0,0.3361933,0.018979374
129,6.0,0.34749445,0.015885672
129,7.0,0.34967175,0.017889684
129,8.0,0.35875225,0.024860112
129,9.0,0.37867782,0.033775914
129,10.0,0.4105606,0.029349606
129,11.0,0.43400088,0.018360574
129,12.0,0.44701007,0.016552612
129,13.0,0.44867155,0.016080583
129,14.0,0.4437803,0.021074252
130,0.0,0.24100299,0.017465279
130,1.0,0.2998109,0.015020705
130,2.0,0.3774859,0.03825338
130,3.0,0.4423372,0.05076323
130,4.0,0.47764015,0.04721724
130,5.0,0.4958379,0.034539174
130,6.0,0.5059187,0.033377197
130,7.0,0.5048213,0.040705036
130,8.0,0.50859356,0.04865077
130,9.0,0.5273382,0.053154647
130,10.0,0.5576267,0.05273536
130,11.0,0.5802048,0.038284987
130,12.0,0.57409745,0.028143758
130,13.0,0.5657978,0.01604503
130,14.0,0.55981344,0.023948733
131,0.0,0.40982392,0.017738106
131,1.0,0.50254333,0.024896704
131,2.0,0.5661013,0.042268526
131,3.0,0.59994626,0.05958844
131,4.0,0.6176918,0.05973577
131,5.0,0.6323999,0.05253617
131,6.0,0.63464075,0.05099654
131,7.0,0.63281393,0.05340716
131,8.0,0.6481463,0.045873523
131,9.0,0.6593487,0.048893455
131,10.0,0.6791896,0.05574475
131,11.0,0.6921831,0.06128453
131,12.0,0.6868579,0.057949282
131,13.0,0.6728069,0.045356214
131,14.0,0.6707389,0.032496348
132,0.0,0.61170727,0.028702896
132,1.0,0.72338843,0.054748874
132,2.0,0.7999765,0.042335052
132,3.0,0.8266154,0.04903795
132,4.0,0.84267324,0.05052152
132,5.0,0.8439091,0.051187206
132,6.0,0.8284443,0.03773921
132,7.0,0.8114752,0.025160408
132,8.0,0.81663615,0.013808995
132,9.0,0.84211636,0.035116512
132,10.0,0.83921736,0.03629932
132,11.0,0.82442445,0.05333121
132,12.0,0.82211894,0.07196604
132,13.0,0.80633354,0.067295134
132,14.0,0.79010797,0.025183503
133,0.0,0.9394944,0.034326725
133,1.0,1.0116491,0.040188573
133,2.0,1.0320693,0.04491137
133,3.0,1.0012101,0.050801806
133,4.0,0.9672685,0.05060021
133,5.0,0.9421427,0.039225332
133,6.0,0.9151115,0.02119671
133,7.0,0.9122285,0.016502952
133,8.0,0.92412764,0.022789473
133,9.0,0.9511952,0.03412836
133,10.0,0.94164324,0.03364186
133,11.0,0.92506903,0.04855257
133,12.0,0.9082205,0.05030668
133,13.0,0.8852572,0.040073466
133,14.0,0.8689168,0.009597503
134,0.0,1.1439801,0.015678009
134,1.0,1.1864918,0.041614093
134,2.0,1.1709242,0.052544832
134,3.0,1.1407322,0.055256013
134,4.0,1.1194892,0.06361649
134,5.0,1.0864781,0.06686566
134,6.0,1.055697,0.050676156
134,7.0,1.0488399,0.038241547
134,8.0,1.0522162,0.02190267
134,9.0,1.039083,0.032812137
134,10.0,1.0129608,0.045333266
134,11.0,0.9720468,0.05318283
134,12.0,0.9396288,0.060270805
134,13.0,0.92079717,0.051482987
134,14.0,0.92728966,0.025401365
135,0.0,0.97062737,0.02593073
135,1.0,1.0246197,0.05070557
135,2.0,1.0517145,0.08585613
135,3.0,1.0596929,0.077711456
135,4.0,1.0245533,0.057823766
135,5.0,0.9844017,0.041117653
135,6.0,0.96194,0.047431167
135,7.0,0.96806216,0.06414637
135,8.0,0.964932,0.057421803
135,9.0,0.95028776,0.045551162
135,10.0,0.9287563,0.04806455
135,11.0,0.9042182,0.038216695
135,12.0,0.89399284,0.030773565
135,13.0,0.88293314,0.03156862
135,14.0,0.8854492,0.02382592
136,0.0,0.86750096,0.030121315
136,1.0,0.9310458,0.031662498
136,2.0,1.0063787,0.042379364
136,3.0,1.0248055,0.050803855
136,4.0,1.0198897,0.044070825
136,5.0,0.99761575,0.027391477
136,6.0,0.97683144,0.043701548
136,7.0,0.9528571,0.05651974
136,8.0,0.9456889,0.048176274
136,9.0,0.94918776,0.042980697
136,10.0,0.94459486,0.036685098
136,11.0,0.9173698,0.03229658
136,12.0,0.8919737,0.03141457
136,13.0,0.8830495,0.033097472
136,14.0,0.8845365,0.028931284
137,0.0,0.94298786,0.030235697
137,1.0,0.975148,0.030209629
137,2.0,0.9655576,0.040347043
137,3.0,0.9634715,0.039154608
137,4.0,0.9355147,0.029003974
137,5.0,0.9219832,0.0216578
137,6.0,0.9065829,0.016215386
137,7.0,0.8998099,0.025303159
137,8.0,0.90347224,0.02771703
137,9.0,0.8979446,0.020330675
137,10.0,0.87521154,0.014999561
137,11.0,0.85036516,0.033392154
137,12.0,0.83790416,0.028893903
137,13.0,0.8175242,0.020105887
137,14.0,0.80839926,0.024217261
138,0.0,1.0062559,0.025111584
138,1.0,0.997124,0.025468849
138,2.0,0.97276974,0.03861671
138,3.0,0.94797736,0.039271515
138,4.0,0.9222005,0.04039687
138,5.0,0.89928776,0.030419443
138,6.0,0.8742163,0.025876518
138,7.0,0.85780114,0.04301108
138,8.0,0.85768414,0.038726944
138,9.0,0.8531585,0.035501853
138,10.0,0.8275964,0.03435892
138,11.0,0.80098563,0.043537267
138,12.0,0.78547,0.05458255
138,13.0,0.7686849,0.057571877
138,14.0,0.7686928,0.040481802
139,0.0,1.0106608,0.026210776
139,1.0,0.96595377,0.022114912
139,2.0,0.93672824,0.0350271
139,3.0,0.90250295,0.037762675
139,4.0,0.8697143,0.040139474
139,5.0,0.84508944,0.034782548
139,6.0,0.81786853,0.038542897
139,7.0,0.8080766,0.038836632
139,8.0,0.8149702,0.042079605
139,9.0,0.7990312,0.04084978
139,10.0,0.7832634,0.025021618
139,11.0,0.741021,0.033440817
139,12.0,0.7123162,0.028381687
139,13.0,0.6985399,0.017150419
139,14.0,0.7192858,0.026973085
140,0.0,0.98573774,0.0304086
140,1.0,0.9309795,0.04384249
140,2.0,0.87361956,0.060622435
140,3.0,0.8433695,0.06251515
140,4.0,0.80729437,0.037797466
140,5.0,0.7911463,0.03316214
140,6.0,0.79230976,0.056239218
140,7.0,0.801003,0.054055694
140,8.0,0.7929704,0.035855055
140,9.0,0.7699984,0.020869158
140,10.0,0.73952866,0.021385629
140,11.0,0.7065703,0.036402684
140,12.0,0.6860058,0.05259842
140,13.0,0.6749697,0.042768713
140,14.0,0.68306834,0.046313092
141,0.0,0.9398038,0.022334768
141,1.0,0.88562703,0.04909643
141,2.0,0.8607983,0.05923704
141,3.0,0.83451223,0.045727286
141,4.0,0.80133057,0.029648494
141,5.0,0.7849615,0.018038942
141,6.0,0.79270166,0.048343882
141,7.0,0.806979,0.055602737
141,8.0,0.8128512,0.053652637
141,9.0,0.8001687,0.03193673
141,10.0,0.7621253,0.041323733
141,11.0,0.7182801,0.038778033
141,12.0,0.6963728,0.035623383
141,13.0,0.6776168,0.04766851
141,14.0,0.6938434,0.064232126
142,0.0,0.95535356,0.019192629
142,1.0,0.87723607,0.030265532
142,2.0,0.839408,0.04675716
142,3.0,0.8111055,0.06534981
142,4.0,0.772717,0.058062673
142,5.0,0.7371719,0.031227866
142,6.0,0.7413246,0.034346327
142,7.0,0.76114327,0.05647227
142,8.0,0.7724757,0.06092919
142,9.0,0.76151663,0.050506786
142,10.0,0.7167701,0.04227486
142,11.0,0.67282516,0.025845876
142,12.0,0.6521379,0.030028626
142,13.0,0.6532584,0.026875883
142,14.0,0.6768818,0.024267687
143,0.0,0.9591529,0.019656999
143,1.0,0.8628591,0.019942224
143,2.0,0.7965172,0.042590927
143,3.0,0.7635626,0.04977926
143,4.0,0.7157163,0.04401129
143,5.0,0.6849149,0.028718028
143,6.0,0.6759319,0.02270175
143,7.0,0.7002638,0.046548113
143,8.0,0.70210737,0.06311363
143,9.0,0.6783588,0.065023035
143,10.0,0.6407979,0.04778484
143,11.0,0.60205513,0.03690001
143,12.0,0.5834947,0.027002105
143,13.0,0.5915448,0.026387472
143,14.0,0.6222698,0.030693118
144,0.0,0.8398786,0.029641226
144,1.0,0.756407,0.04310574
144,2.0,0.6832781,0.043860808
144,3.0,0.6482932,0.055826142
144,4.0,0.6009112,0.041471414
144,5.0,0.58318824,0.03127864
144,6.0,0.5806913,0.033481672
144,7.0,0.6038235,0.05021101
144,8.0,0.6087586,0.05371053
144,9.0,0.59149843,0.044153422
144,10.0,0.55058527,0.04244503
144,11.0,0.5164363,0.03788717
144,12.0,0.5027623,0.03372418
144,13.0,0.4978486,0.034535844
144,14.0,0.5235273,0.015675157
145,0.0,0.6560061,0.02743978
145,1.0,0.58796835,0.026411064
145,2.0,0.5352804,0.03554992
145,3.0,0.5045006,0.023821384
145,4.0,0.47835484,0.021811005
145,5.0,0.46739784,0.028322935
145,6.0,0.4754076,0.030043308
145,7.0,0.48581842,0.04107937
145,8.0,0.48638976,0.041155893
145,9.0,0.466482,0.041504342
145,10.0,0.44354662,0.03071709
145,11.0,0.42177352,0.026383404
145,12.0,0.41314533,0.025067836
145,13.0,0.41304862,0.022406997
145,14.0,0.4218664,0.026142076
146,0.0,0.46229008,0.020782508
146,1.0,0.41779003,0.014516552
146,2.0,0.39769384,0.03191646
146,3.0,0.3787186,0.024892865
146,4.0,0.37387574,0.01685502
146,5.0,0.3741678,0.02294436
146,6.0,0.38030148,0.030422922
146,7.0,0.38607046,0.033069503
146,8.0,0.38377288,0.025605662
146,9.0,0.37581643,0.026025856
146,10.0,0.35489663,0.030148042
146,11.0,0.33504984,0.034002837
146,12.0,0.3340933,0.02220153
146,13.0,0.33399928,0.01852874
146,14.0,0.34102395,0.017635139
147,0.0,0.3275974,0.016308162
147,1.0,0.30019847,0.0049127545
147,2.0,0.28585288,0.012711467
147,3.0,0.28973648,0.007563039
147,4.0,0.28132614,0.013791411
147,5.0,0.28178874,0.020211648
147,6.0,0.29019606,0.025055625
147,7.0,0.29288605,0.02468731
147,8.0,0.28837427,0.016344767
147,9.0,0.28012362,0.011786031
147,10.0,0.26257446,0.017531158
147,11.0,0.24714203,0.020850062
147,12.0,0.23993178,0.020609098
147,13.0,0.24613911,0.023596635
147,14.0,0.2569521,0.0112287
148,0.0,0.22007658,0.013602562
148,1.0,0.2219112,0.013007167
148,2.0,0.22226016,0.018486047
148,3.0,0.22051124,0.012872442
148,4.0,0.22185123,0.013415635
148,5.0,0.22295122,0.014993641
148,6.0,0.22217701,0.018743163
148,7.0,0.2170682,0.017574603
148,8.0,0.21094199,0.010460496
148,9.0,0.2064109,0.0065855402
148,10.0,0.19541766,0.012852662
148,11.0,0.18363589,0.0123397205
148,12.0,0.17646857,0.015641117
148,13.0,0.17646198,0.013359561
148,14.0,0.17842698,0.012463642
149,0.0,0.15769471,0.012523343
149,1.0,0.1622051,0.019569233
149,2.0,0.1640752,0.022681836
149,3.0,0.1688289,0.023876904
149,4.0,0.17360914,0.028126465
149,5.0,0.179478,0.026087154
149,6.0,0.17607212,0.01818582
149,7.0,0.16754325,0.014476799
149,8.0,0.16086584,0.0118609555
149,9.0,0.15525265,0.013568808
149,10.0,0.15063113,0.020810392
149,11.0,0.14336336,0.022998799
149,12.0,0.13512689,0.022157447
149,13.0,0.13269986,0.016193459
149,14.0,0.13190813,0.015894974
150,0.0,0.103560716,0.0023827583
150,1.0,0.113607556,0.0070675784
150,2.0,0.12514631,0.008609566
150,3.0,0.12983286,0.011720184
150,4.0,0.13733457,0.0148390895
150,5.0,0.13896677,0.01395718
150,6.0,0.13514729,0.010896605
150,7.0,0.12322176,0.009496363
150,8.0,0.1100717,0.011017883
150,9.0,0.102842115,0.014424835
150,10.0,0.10153562,0.013121778
150,11.0,0.09994226,0.013515424
150,12.0,0.098593704,0.013111571
150,13.0,0.09589555,0.010861006
150,14.0,0.091699295,0.007266518
151,0.0,0.06300091,0.0040260395
151,1.0,0.076937966,0.005012575
151,2.0,0.087643445,0.006703607
151,3.0,0.09750865,0.009418693
151,4.0,0.102602996,0.009985415
151,5.0,0.1081574,0.010780674
151,6.0,0.10297071,0.007533369
151,7.0,0.09137276,0.008201545
151,8.0,0.07708082,0.005216241
151,9.0,0.07119993,0.005936725
151,10.0,0.070427895,0.0045066504
151,11.0,0.07268516,0.0069234245
151,12.0,0.07164523,0.0063679935
151,13.0,0.06985743,0.007081052
151,14.0,0.062218416,0.0044711637
152,0.0,0.037026405,0.0013794636
152,1.0,0.04774502,0.004998358
152,2.0,0.061034273,0.0044778544
152,3.0,0.0710351,0.0070914393
152,4.0,0.081673,0.011227188
152,5.0,0.0819339,0.008608186
152,6.0,0.07843527,0.009156572
152,7.0,0.069681436,0.008023838
152,8.0,0.06036089,0.009506025
152,9.0,0.055457294,0.007890999
152,10.0,0.05546625,0.0066399868
152,11.0,0.05605541,0.0059939492
152,12.0,0.054742847,0.0057037263
152,13.0,0.05268546,0.004068463
152,14.0,0.04587206,0.0041740737
153,0.0,0.021729285,0.002601763
153,1.0,0.03104046,0.0029860022
153,2.0,0.04123412,0.0037834016
153,3.0,0.052534956,0.004881609
153,4.0,0.06291655,0.0077295485
153,5.0,0.06729073,0.0068146293
153,6.0,0.062489774,0.006220899
153,7.0,0.05183147,0.0061231186
153,8.0,0.041372005,0.0070149354
153,9.0,0.037564676,0.006099355
153,10.0,0.037975546,0.0040210797
153,11.0,0.03999501,0.0054334006
153,12.0,0.040281426,0.0071678353
153,13.0,0.03657451,0.0077547203
153,14.0,0.030657351,0.004049076
154,0.0,0.010967876,0.0007425244
154,1.0,0.015530418,0.0013255398
154,2.0,0.0254614,0.001987343
154,3.0,0.033847094,0.0034401843
154,4.0,0.04241082,0.0052346694
154,5.0,0.04695894,0.0068973443
154,6.0,0.043130025,0.008288179
154,7.0,0.033759024,0.0069024055
154,8.0,0.026725443,0.005591973
154,9.0,0.022793403,0.0029475456
154,10.0,0.024128107,0.0018831996
154,11.0,0.025155405,0.002578928
154,12.0,0.02478999,0.0028385941
154,13.0,0.023587676,0.0037977118
154,14.0,0.01941907,0.003598878
155,0.0,0.005550392,0.0009063522
155,1.0,0.009539225,0.0020999054
155,2.0,0.015291799,0.0021198401
155,3.0,0.022273043,0.0034333928
155,4.0,0.029423973,0.005566922
155,5.0,0.032785553,0.006521732
155,6.0,0.032018974,0.0057931705
155,7.0,0.024283843,0.0037795163
155,8.0,0.018362911,0.001956025
155,9.0,0.015515859,0.002063697
155,10.0,0.01645681,0.0026053784
155,11.0,0.018120464,0.0030127747
155,12.0,0.018092202,0.0036635913
155,13.0,0.016409658,0.0031558669
155,14.0,0.012816298,0.0021769796
156,0.0,0.0025841743,0.00045397022
156,1.0,0.0049827406,0.0015794869
156,2.0,0.009879711,0.0026705915
156,3.0,0.016054152,0.0037071258
156,4.0,0.02065763,0.0045640906
156,5.0,0.022833386,0.0043418384
156,6.0,0.02114631,0.00417032
156,7.0,0.015615615,0.0028740824
156,8.0,0.010905519,0.0013403408
156,9.0,0.009941156,0.0015764524
156,10.0,0.010562188,0.0017179358
156,11.0,0.011133238,0.0022766998
156,12.0,0.011073582,0.0025119085
156,13.0,0.009866262,0.0024233751
156,14.0,0.008313201,0.0016806441
157,0.0,0.001320904,0.000245389
157,1.0,0.0030636291,0.0011095736
157,2.0,0.0061754123,0.001725572
157,3.0,0.010362043,0.0020476684
157,4.0,0.014149985,0.0017079571
157,5.0,0.016016804,0.0018343378
157,6.0,0.014852597,0.0035395646
157,7.0,0.011242181,0.0020257013
157,8.0,0.008063662,0.00094071834
157,9.0,0.0075086695,0.0005451123
157,10.0,0.007340426,0.00060823176
157,11.0,0.007693431,0.00089596806
157,12.0,0.007851398,0.0010760602
157,13.0,0.0070196483,0.0011335864
157,14.0,0.0057881414,0.00096101256
158,0.0,0.0007135827,0.00015994521
158,1.0,0.0017823115,0.0005443423
158,2.0,0.0040040105,0.0019038842
158,3.0,0.0061807274,0.0018287482
158,4.0,0.00819712,0.0017694825
158,5.0,0.0090285605,0.002614436
158,6.0,0.00891751,0.0027332422
158,7.0,0.0066677816,0.001550613
158,8.0,0.0052180346,0.00089386053
158,9.0,0.004938406,0.0011522375
158,10.0,0.0049724504,0.0009957374
158,11.0,0.005363755,0.0010825898
158,12.0,0.0051377625,0.0012483415
158,13.0,0.0046749557,0.0008946636
158,14.0,0.0037609453,0.0004129359
159,0.0,0.00021756066,0.000110251676
159,1.0,0.0007302002,0.00028097842
159,2.0,0.0014148926,0.00021124467
159,3.0,0.0027818792,0.00081941206
159,4.0,0.0037606077,0.0009797601
159,5.0,0.004869173,0.000845215
159,6.0,0.004866741,0.0007493735
159,7.0,0.0038612299,0.0007966421
159,8.0,0.0030989924,0.0009154335
159,9.0,0.0027917887,0.0006645154
159,10.0,0.0030628343,0.0009237142
159,11.0,0.0033015304,0.0009890294
159,12.0,0.0031671152,0.00090202753
159,13.0,0.0027997568,0.0006303817
159,14.0,0.0022920854,0.0002700647
160,0.0,5.1551167e-05,2.058819e-05
160,1.0,0.00023723983,0.00010696258
160,2.0,0.0006792052,0.00023069115
160,3.0,0.0011051343,0.00021456965
160,4.0,0.0019348603,0.0005017817
160,5.0,0.002554044,0.00034667563
160,6.0,0.0025216967,0.00027266218
160,7.0,0.0021346698,0.00035989322
160,8.0,0.0018291805,0.00038414332
160,9.0,0.0017996882,0.00054772926
160,10.0,0.0017367965,0.00044309054
160,11.0,0.0017832407,0.00034998567
160,12.0,0.0017461991,0.00035447592
160,13.0,0.001578487,0.0002850146
160,14.0,0.0013230676,0.00020584001
161,0.0,2.44958e-05,1.9213056e-05
161,1.0,7.413688e-05,4.063753e-05
161,2.0,0.00023080688,0.00012903943
161,3.0,0.00058101484,0.00015263748
161,4.0,0.0009766958,0.00038055438
161,5.0,0.001170719,0.000271608
161,6.0,0.0014410848,0.00019865761
161,7.0,0.0012985751,0.00017307626
161,8.0,0.001079074,0.00019291163
161,9.0,0.0011786154,0.0004300119
161,10.0,0.0012235426,0.00029422715
161,11.0,0.0011812585,0.0002450354
161,12.0,0.001196526,0.00021147235
161,13.0,0.0010466495,0.0002495673
161,14.0,0.0009410142,0.00019576788
162,0.0,8.2450215e-06,3.986756e-06
162,1.0,3.77992e-05,2.0526506e-05
162,2.0,9.718249e-05,7.452057e-05
162,3.0,0.0002758744,0.00015344017
162,4.0,0.00042826965,0.00017303618
162,5.0,0.0010338266,0.00066109997
162,6.0,0.0011219318,0.00071121217
162,7.0,0.0010043986,0.0005354499
162,8.0,0.00084462826,0.00047728705
162,9.0,0.00059107656,0.0002614609
162,10.0,0.0006393473,0.00025563437
162,11.0,0.000630384,0.0002055845
162,12.0,0.00066826586,0.00018710508
162,13.0,0.0006399783,0.00015247875
162,14.0,0.0005451389,0.000107220396
163,0.0,1.5207861e-06,1.4899244e-06
163,1.0,5.194983e-06,4.2314623e-06
163,2.0,1.9650563e-05,1.556931e-05
163,3.0,8.75775e-05,7.410958e-05
163,4.0,0.0002003708,0.00013259388
163,5.0,0.00046418633,0.00040666937
163,6.0,0.0006256224,0.00048876443
163,7.0,0.0005905334,0.00043614523
163,8.0,0.00046476754,0.00022060254
163,9.0,0.00031293635,0.0001253768
163,10.0,0.00033581632,0.0001892219
163,11.0,0.0003768785,0.000144036
163,12.0,0.00043948108,0.00012831805
163,13.0,0.0004005809,9.4017036e-05
163,14.0,0.00033632072,4.63688e-05
164,0.0,5.6129775e-06,6.3617044e-06
164,1.0,2.3090827e-06,2.673038e-06
164,2.0,4.172826e-06,6.254456e-06
164,3.0,2.2842743e-05,2.694884e-05
164,4.0,5.1668878e-05,3.2116077e-05
164,5.0,9.85555e-05,5.2049956e-05
164,6.0,0.00021650665,0.00016694087
164,7.0,0.00027729562,0.00021552974
164,8.0,0.00031092713,0.00021698138
164,9.0,0.0002650559,0.00014485169
164,10.0,0.0002724105,0.00014937954
164,11.0,0.00027595667,0.00013914313
164,12.0,0.0002563404,0.00011571783
164,13.0,0.0002434791,0.00010448439
164,14.0,0.00021256313,7.478508e-05
165,0.0,4.9075898e-06,4.493885e-06
165,1.0,2.4921565e-06,3.4368009e-06
165,2.0,5.314528e-06,4.7824096e-06
165,3.0,3.8141904e-06,3.993316e-06
165,4.0,5.31884e-06,4.038821e-06
165,5.0,1.6883614e-05,1.4626285e-05
165,6.0,5.529338e-05,5.7479254e-05
165,7.0,0.00013985492,0.00015729011
165,8.0,0.00015472148,0.00013932533
165,9.0,0.00014026611,7.858005e-05
165,10.0,0.00014168328,6.455925e-05
165,11.0,0.00015649525,8.873113e-05
165,12.0,0.00017451709,0.000110971974
165,13.0,0.00017292466,0.00011436698
165,14.0,0.00014463367,6.063621e-05
166,0.0,1.9817187e-06,6.571814e-07
166,1.0,3.0897727e-06,3.4073003e-06
166,2.0,5.381602e-06,2.2614854e-06
166,3.0,4.4481685e-06,2.9499272e-06
166,4.0,6.283368e-06,2.8575328e-06
166,5.0,1.7379449e-05,2.1448888e-05
166,6.0,1.9060963e-05,1.25620645e-05
166,7.0,3.132216e-05,1.91367e-05
166,8.0,4.268331e-05,1.2014097e-05
166,9.0,5.7197667e-05,2.6345811e-05
166,10.0,6.152169e-05,2.970562e-05
166,11.0,8.325981e-05,3.127307e-05
166,12.0,9.233651e-05,4.2988453e-05
166,13.0,7.2672665e-05,2.9036073e-05
166,14.0,4.7718746e-05,1.1491157e-05
167,0.0,9.410625e-07,5.443262e-07
167,1.0,4.779145e-06,6.430964e-06
167,2.0,4.9665464e-06,8.6862065e-06
167,3.0,3.6309023e-06,3.170608e-06
167,4.0,5.503703e-06,3.838666e-06
167,5.0,8.840753e-06,5.596053e-06
167,6.0,1.6046211e-05,6.5298714e-06
167,7.0,2.6005806e-05,1.7249275e-05
167,8.0,2.37501e-05,2.0178313e-05
167,9.0,2.4430476e-05,1.2017973e-05
167,10.0,2.8557e-05,1.8166846e-05
167,11.0,3.3029868e-05,2.8116483e-05
167,12.0,3.3983208e-05,2.4431583e-05
167,13.0,3.9045302e-05,1.9086816e-05
167,14.0,3.7214813e-05,1.6536253e-05
168,0.0,4.7733346e-07,4.2381012e-07
168,1.0,2.4799165e-06,2.8143847e-06
168,2.0,2.5183951e-06,2.7534275e-06
168,3.0,2.0979955e-06,1.81502e-06
168,4.0,2.4494245e-06,1.5969223e-06
168,5.0,3.4728116e-06,1.9318086e-06
168,6.0,6.8016875e-06,3.9447214e-06
168,7.0,1.1621738e-05,1.3514686e-05
168,8.0,1.1906378e-05,1.0030922e-05
168,9.0,1.05789395e-05,5.293977e-06
168,10.0,1.0069484e-05,7.532886e-06
168,11.0,1.0967502e-05,1.3950824e-05
168,12.0,1.06745065e-05,7.6876595e-06
168,13.0,1.1295564e-05,3.8455223e-06
168,14.0,1.3268906e-05,4.442771e-06
169,0.0,1.2406558e-06,1.1156831e-06
169,1.0,1.6118515e-06,1.0557253e-06
169,2.0,4.185225e-06,2.7551105e-06
169,3.0,3.6743656e-06,3.104435e-06
169,4.0,2.6738783e-06,2.8390782e-06
169,5.0,3.3185497e-06,2.9439184e-06
169,6.0,3.3140789e-06,4.2066563e-06
169,7.0,4.762301e-06,6.3721855e-06
169,8.0,7.890364e-06,9.117872e-06
169,9.0,7.967873e-06,9.372846e-06
169,10.0,2.984473e-06,2.7729823e-06
169,11.0,3.062151e-06,3.0610192e-06
169,12.0,3.9079246e-06,2.7990352e-06
169,13.0,3.9087563e-06,1.9842182e-06
169,14.0,4.877006e-06,4.1059625e-06
170,0.0,7.545231e-07,2.4540427e-07
170,1.0,1.5537189e-06,9.1969497e-07
170,2.0,5.534835e-06,3.8519115e-06
170,3.0,4.3049345e-06,1.9980887e-06
170,4.0,3.0538856e-06,3.1881157e-06
170,5.0,2.7308472e-06,2.7594251e-06
170,6.0,4.1447365e-06,5.8071873e-06
170,7.0,5.8495284e-06,8.697346e-06
170,8.0,7.145398e-06,7.1065897e-06
170,9.0,3.6962676e-06,2.7280066e-06
170,10.0,3.3799934e-06,2.0209945e-06
170,11.0,2.2361846e-06,1.3131682e-06
170,12.0,3.4993227e-06,2.0209197e-06
170,13.0,3.084356e-06,1.2951887e-06
170,14.0,4.0953914e-06,2.46066e-06
171,0.0,3.9073197e-07,4.099041e-07
171,1.0,1.4495504e-06,2.0343514e-06
171,2.0,2.9562052e-06,2.6280154e-06
171,3.0,1.4925963e-06,1.6066682e-06
171,4.0,1.0443455e-06,8.2706197e-07
171,5.0,2.4353744e-06,2.6062085e-06
171,6.0,6.8373192e-06,1.0922038e-05
171,7.0,7.659531e-06,1.2452556e-05
171,8.0,4.899525e-06,4.9830664e-06
171,9.0,4.4469543e-06,3.5855635e-06
171,10.0,3.4670982e-06,2.1438302e-06
171,11.0,3.0001872e-06,2.3648222e-06
171,12.0,2.990793e-06,2.1906392e-06
171,13.0,3.3969643e-06,1.6720056e-06
171,14.0,4.449424e-06,2.1050687e-06
172,0.0,8.56156e-07,6.7111523e-07
172,1.0,2.368174e-06,2.7582093e-06
172,2.0,3.1348955e-06,1.8851496e-06
172,3.0,2.6282942e-06,2.2000286e-06
172,4.0,1.0046047e-06,1.2653559e-06
172,5.0,2.9922485e-06,2.6717264e-06
172,6.0,8.137763e-06,9.906545e-06
172,7.0,1.1282546e-05,1.3828908e-05
172,8.0,8.7149465e-06,8.088177e-06
172,9.0,6.0593206e-06,7.3258166e-06
172,10.0,4.221372e-06,4.3160417e-06
172,11.0,4.6037417e-06,2.957464e-06
172,12.0,4.3938103e-06,3.3150184e-06
172,13.0,2.791173e-06,1.9099843e-06
172,14.0,3.337532e-06,2.29998e-06
