,E_physical,E_physical,E_physical,E_physical,Yield_physical,Yield_physical,Yield_physical,Yield_physical,Yield_physical,Yield_physical
,min,max,mean,std,count,mean,std,min,max,median
E_group,,,,,,,,,,
0.000 MeV,0.0,0.0,0.0,0.0,1899,0.470296,0.997002,0.0,5.961767,0.005834
0.600 MeV,0.6,0.6,0.6,0.0,1919,0.462259,0.982572,0.0,6.081067,0.007637
10.000 MeV,10.0,10.0,10.0,0.0,2093,0.406141,0.808016,0.0,4.740844,0.022028
12.000 MeV,12.0,12.0,12.0,0.0,2091,0.398995,0.765346,0.0,4.287193,0.027103
14.000 MeV,14.0,14.0,14.0,0.0,2099,0.392696,0.757339,0.0,4.208651,0.022228
2.000 MeV,2.0,2.0,2.0,0.0,2001,0.442092,0.93353,0.0,6.127148,0.012772
4.000 MeV,4.0,4.0,4.0,0.0,2047,0.421936,0.87387,0.0,6.176825,0.017242
6.000 MeV,6.0,6.0,6.0,0.0,2061,0.416321,0.839202,0.0,5.020771,0.02062
8.000 MeV,8.0,8.0,8.0,0.0,2057,0.41662,0.848122,0.0,5.471211,0.020626
