A_physical,E_group,Yield_physical
64.00000000000001,0.000 MeV,0.0
64.00000000000001,0.600 MeV,0.0
64.00000000000001,10.000 MeV,9.973553333333335e-05
64.00000000000001,12.000 MeV,0.0
64.00000000000001,14.000 MeV,0.0
64.00000000000001,2.000 MeV,0.0
64.00000000000001,4.000 MeV,0.0
64.00000000000001,6.000 MeV,0.0
64.00000000000001,8.000 MeV,0.0
65.00000002000002,0.000 MeV,0.0
65.00000002000002,0.600 MeV,0.0
65.00000002000002,10.000 MeV,0.0
65.00000002000002,12.000 MeV,0.0
65.00000002000002,14.000 MeV,9.973553333333335e-05
65.00000002000002,2.000 MeV,0.0
65.00000002000002,4.000 MeV,0.0
65.00000002000002,6.000 MeV,9.973553333333335e-05
65.00000002000002,8.000 MeV,9.973553333333335e-05
65.99999998,0.000 MeV,4.9867766666666676e-06
65.99999998,0.600 MeV,4.9867766666666676e-06
65.99999998,10.000 MeV,0.00030484101000000005
65.99999998,12.000 MeV,0.00070507841
65.99999998,14.000 MeV,0.0004045765433333334
65.99999998,2.000 MeV,4.9867766666666676e-06
65.99999998,4.000 MeV,4.9867766666666676e-06
65.99999998,6.000 MeV,0.0004052241766666667
65.99999998,8.000 MeV,0.00030484101
67.0,0.000 MeV,5.984132000000002e-06
67.0,0.600 MeV,5.984132000000002e-06
67.0,10.000 MeV,0.0004055738986666667
67.0,12.000 MeV,0.0009055468320000001
67.0,14.000 MeV,0.00237305806
67.0,2.000 MeV,5.984132000000002e-06
67.0,4.000 MeV,5.984132000000002e-06
67.0,6.000 MeV,0.00030583836533333336
67.0,8.000 MeV,0.000206102832
68.00000002,0.000 MeV,4.9867766666666676e-06
68.00000002,0.600 MeV,4.9867766666666676e-06
68.00000002,10.000 MeV,0.005280886392333334
68.00000002,12.000 MeV,0.0028874473113333337
68.00000002,14.000 MeV,0.0010042850100000001
68.00000002,2.000 MeV,4.9867766666666676e-06
68.00000002,4.000 MeV,0.00010472231000000003
68.00000002,6.000 MeV,0.0004052241766666667
68.00000002,8.000 MeV,0.0010049326433333335
68.99999998000001,0.000 MeV,5.984132000000002e-06
68.99999998000001,0.600 MeV,5.984132000000002e-06
68.99999998000001,10.000 MeV,0.0060254898646666675
68.99999998000001,12.000 MeV,0.004267437370666667
68.99999998000001,14.000 MeV,0.004049560564666667
68.99999998000001,2.000 MeV,5.984132000000002e-06
68.99999998000001,4.000 MeV,0.0002054551986666667
68.99999998000001,6.000 MeV,0.004398162159
68.99999998000001,8.000 MeV,0.001005929998666667
70.0,0.000 MeV,4.9867766666666676e-06
70.0,0.600 MeV,4.9867766666666676e-06
70.0,10.000 MeV,0.012446515311333334
70.0,12.000 MeV,0.011299291148333335
70.0,14.000 MeV,0.015202441245333336
70.0,2.000 MeV,0.00010472231000000003
70.0,4.000 MeV,0.004204837132666667
70.0,6.000 MeV,0.010602347013
70.0,8.000 MeV,0.011615796034666668
71.00000002000002,0.000 MeV,4.9867766666666676e-06
71.00000002000002,0.600 MeV,4.9867766666666676e-06
71.00000002000002,10.000 MeV,0.016778554107
71.00000002000002,12.000 MeV,0.024863148820666668
71.00000002000002,14.000 MeV,0.016609431138333335
71.00000002000002,2.000 MeV,0.00030484101000000005
71.00000002000002,4.000 MeV,0.009953955948666668
71.00000002000002,6.000 MeV,0.017801439146333337
71.00000002000002,8.000 MeV,0.01601073297966667
71.99999998000001,0.000 MeV,0.0005043120766666668
71.99999998000001,0.600 MeV,0.0004052241766666667
71.99999998000001,10.000 MeV,0.031140568052000005
71.99999998000001,12.000 MeV,0.04476009628566667
71.99999998000001,14.000 MeV,0.03084024752266667
71.99999998000001,2.000 MeV,0.003415818966333334
71.99999998000001,4.000 MeV,0.020220420886000002
71.99999998000001,6.000 MeV,0.04229171307533334
71.99999998000001,8.000 MeV,0.031115504642000004
73.00000000000001,0.000 MeV,0.00050495971
73.00000000000001,0.600 MeV,0.0026225134673333334
73.00000000000001,10.000 MeV,0.052894163709666674
73.00000000000001,12.000 MeV,0.06323944562366668
73.00000000000001,14.000 MeV,0.04886843605166667
73.00000000000001,2.000 MeV,0.010017644210666667
73.00000000000001,4.000 MeV,0.04188735672733334
73.00000000000001,6.000 MeV,0.06439839195000001
73.00000000000001,8.000 MeV,0.049582244559000004
74.00000002,0.000 MeV,0.0007044307766666668
74.00000002,0.600 MeV,0.006607640991666668
74.00000002,10.000 MeV,0.11982642107633334
74.00000002,12.000 MeV,0.1341587928436667
74.00000002,14.000 MeV,0.11034457039866667
74.00000002,2.000 MeV,0.03663665004833334
74.00000002,4.000 MeV,0.09164970164000001
74.00000002,6.000 MeV,0.14400670531033335
74.00000002,8.000 MeV,0.10522445250500001
74.99999998,0.000 MeV,0.0056819333340000005
74.99999998,0.600 MeV,0.01532601616166667
74.99999998,10.000 MeV,0.14923438862433336
74.99999998,12.000 MeV,0.1781285044566667
74.99999998,14.000 MeV,0.14867464561066668
74.99999998,2.000 MeV,0.06171216431533334
74.99999998,4.000 MeV,0.18209861984033335
74.99999998,6.000 MeV,0.2305880673416667
74.99999998,8.000 MeV,0.14072817165800003
76.00000000000001,0.000 MeV,0.03025843964133334
76.00000000000001,0.600 MeV,0.04897000438733334
76.00000000000001,10.000 MeV,0.29136841681700004
76.00000000000001,12.000 MeV,0.28262226465333334
76.00000000000001,14.000 MeV,0.2491761219346667
76.00000000000001,2.000 MeV,0.156656085287
76.00000000000001,4.000 MeV,0.3322782876016667
76.00000000000001,6.000 MeV,0.4254245792063334
76.00000000000001,8.000 MeV,0.24667441798933334
77.00000002000002,0.000 MeV,0.052774753075666675
77.00000002000002,0.600 MeV,0.08874691837133335
77.00000002000002,10.000 MeV,0.39617446580700005
77.00000002000002,12.000 MeV,0.42543982449500006
77.00000002000002,14.000 MeV,0.36868748882333335
77.00000002000002,2.000 MeV,0.2239078331296667
77.00000002000002,4.000 MeV,0.5159861273196668
77.00000002000002,6.000 MeV,0.5841346206573335
77.00000002000002,8.000 MeV,0.3248516883546667
77.99999998000001,0.000 MeV,0.10262585613666668
77.99999998000001,0.600 MeV,0.17403524159466668
77.99999998000001,10.000 MeV,0.5657239852160001
77.99999998000001,12.000 MeV,0.6729609583043334
77.99999998000001,14.000 MeV,0.5256155282996667
77.99999998000001,2.000 MeV,0.38441082803500004
77.99999998000001,4.000 MeV,0.7914355484186668
77.99999998000001,6.000 MeV,0.8029266361786668
77.99999998000001,8.000 MeV,0.5250820856756667
79.00000000000001,0.000 MeV,0.19749972908700003
79.00000000000001,0.600 MeV,0.2997203286653334
79.00000000000001,10.000 MeV,0.7773229574993334
79.00000000000001,12.000 MeV,0.9383595180790001
79.00000000000001,14.000 MeV,0.7996841886556667
79.00000000000001,2.000 MeV,0.6489178492866667
79.00000000000001,4.000 MeV,1.124482149349
79.00000000000001,6.000 MeV,1.1358605100510002
79.00000000000001,8.000 MeV,0.7706174202530002
80.00000002000002,0.000 MeV,0.3937321692673334
80.00000002000002,0.600 MeV,0.5556661424043334
80.00000002000002,10.000 MeV,1.2646592627563333
80.00000002000002,12.000 MeV,1.3042292514140001
80.00000002000002,14.000 MeV,1.1798016739866668
80.00000002000002,2.000 MeV,1.0265232037756669
80.00000002000002,4.000 MeV,1.700231880668667
80.00000002000002,6.000 MeV,1.6762650434286668
80.00000002000002,8.000 MeV,1.1319875202383336
80.99999998,0.000 MeV,0.6591293431066667
80.99999998,0.600 MeV,0.7420790688396668
80.99999998,10.000 MeV,1.5345207998340002
80.99999998,12.000 MeV,1.6630520087330003
80.99999998,14.000 MeV,1.6380890919973337
80.99999998,2.000 MeV,1.2754310630310002
80.99999998,4.000 MeV,2.0707407799550004
80.99999998,6.000 MeV,1.9545732993983336
80.99999998,8.000 MeV,1.4737385722220002
82.0,0.000 MeV,1.0515621267593334
82.0,0.600 MeV,1.2129534025920001
82.0,10.000 MeV,2.044102338641
82.0,12.000 MeV,2.257691604731667
82.0,14.000 MeV,2.189157147832667
82.0,2.000 MeV,1.7223910178433335
82.0,4.000 MeV,2.3406991576450005
82.0,6.000 MeV,2.2617419230273335
82.0,8.000 MeV,2.0863906710703337
83.00000002,0.000 MeV,1.8882036799663335
83.00000002,0.600 MeV,2.043791396925
83.00000002,10.000 MeV,3.114549751311667
83.00000002,12.000 MeV,2.9770504916400005
83.00000002,14.000 MeV,3.453143590795334
83.00000002,2.000 MeV,2.5975391781563335
83.00000002,4.000 MeV,3.3081825524340003
83.00000002,6.000 MeV,3.211656068172667
83.00000002,8.000 MeV,2.824489780499667
83.99999998000001,0.000 MeV,3.0785188845306672
83.99999998000001,0.600 MeV,3.506702452976667
83.99999998000001,10.000 MeV,4.1637715967340005
83.99999998000001,12.000 MeV,4.257646909753
83.99999998000001,14.000 MeV,4.867202919735334
83.99999998000001,2.000 MeV,3.9408228438076676
83.99999998000001,4.000 MeV,4.431017575926334
83.99999998000001,6.000 MeV,4.147783414347001
83.99999998000001,8.000 MeV,4.431990152808334
85.0,0.000 MeV,4.529819098942667
85.0,0.600 MeV,4.652776587561334
85.0,10.000 MeV,5.303835681032667
85.0,12.000 MeV,5.261277246645334
85.0,14.000 MeV,6.342620118699334
85.0,2.000 MeV,4.535558101726
85.0,4.000 MeV,4.705288239595333
85.0,6.000 MeV,4.9217663065510004
85.0,8.000 MeV,5.290095110129001
86.00000002000002,0.000 MeV,5.662757416154
86.00000002000002,0.600 MeV,6.059456082857334
86.00000002000002,10.000 MeV,6.166833767240001
86.00000002000002,12.000 MeV,6.063015948429667
86.00000002000002,14.000 MeV,7.451372724509334
86.00000002000002,2.000 MeV,5.368807953832
86.00000002000002,4.000 MeV,5.677781758232667
86.00000002000002,6.000 MeV,6.472689009898001
86.00000002000002,8.000 MeV,6.695780760264334
86.99999998000001,0.000 MeV,7.783932978711667
86.99999998000001,0.600 MeV,7.3958807804493345
86.99999998000001,10.000 MeV,10.283446731733001
86.99999998000001,12.000 MeV,7.2313271369553345
86.99999998000001,14.000 MeV,12.123917853274667
86.99999998000001,2.000 MeV,6.707247652443001
86.99999998000001,4.000 MeV,6.889527790954001
86.99999998000001,6.000 MeV,7.200933173562667
86.99999998000001,8.000 MeV,11.016004230542668
88.00000000000001,0.000 MeV,17.911977780060337
88.00000000000001,0.600 MeV,15.039501154384002
88.00000000000001,10.000 MeV,15.411667282607002
88.00000000000001,12.000 MeV,13.373787657609668
88.00000000000001,14.000 MeV,14.772229962826001
88.00000000000001,2.000 MeV,15.885265348440335
88.00000000000001,4.000 MeV,14.942806674036001
88.00000000000001,6.000 MeV,15.317164121453002
88.00000000000001,8.000 MeV,17.693662131237335
89.00000002,0.000 MeV,19.23490710072867
89.00000002,0.600 MeV,18.226110877695003
89.00000002,10.000 MeV,15.584905494811002
89.00000002,12.000 MeV,15.311826003703002
89.00000002,14.000 MeV,17.685376750761336
89.00000002,2.000 MeV,15.782710006621002
89.00000002,4.000 MeV,14.892876035125335
89.00000002,6.000 MeV,16.72112638690667
89.00000002,8.000 MeV,19.15447968663367
89.99999998000001,0.000 MeV,22.19814376765867
89.99999998000001,0.600 MeV,20.347603625154
89.99999998000001,10.000 MeV,18.305048987700335
89.99999998000001,12.000 MeV,16.737299986717
89.99999998000001,14.000 MeV,20.50329814332567
89.99999998000001,2.000 MeV,18.856223760556336
89.99999998000001,4.000 MeV,18.648813590004334
89.99999998000001,6.000 MeV,17.833501853583336
89.99999998000001,8.000 MeV,22.41801529080167
91.00000000000001,0.000 MeV,24.992639032053003
91.00000000000001,0.600 MeV,24.38540896480567
91.00000000000001,10.000 MeV,21.618469320052004
91.00000000000001,12.000 MeV,19.610834042194668
91.00000000000001,14.000 MeV,21.876713726970337
91.00000000000001,2.000 MeV,22.607220540164334
91.00000000000001,4.000 MeV,21.546055105572
91.00000000000001,6.000 MeV,21.738706275898334
91.00000000000001,8.000 MeV,23.39200211590267
92.00000002000002,0.000 MeV,28.939130681667002
92.00000002000002,0.600 MeV,26.396023038656004
92.00000002000002,10.000 MeV,24.313330865549336
92.00000002000002,12.000 MeV,22.387566531152668
92.00000002000002,14.000 MeV,24.280111375068337
92.00000002000002,2.000 MeV,24.28800398535667
92.00000002000002,4.000 MeV,22.472096138973335
92.00000002000002,6.000 MeV,23.922682104487336
92.00000002000002,8.000 MeV,25.196509005657003
92.99999998000001,0.000 MeV,30.953370420636336
92.99999998000001,0.600 MeV,29.391827217114002
92.99999998000001,10.000 MeV,26.502275518409004
92.99999998000001,12.000 MeV,24.55070671957067
92.99999998000001,14.000 MeV,24.22166483059667
92.99999998000001,2.000 MeV,28.568605008677338
92.99999998000001,4.000 MeV,26.37590035859267
92.99999998000001,6.000 MeV,26.580791915493005
92.99999998000001,8.000 MeV,26.320638194839336
94.00000000000001,0.000 MeV,32.19604090616634
94.00000000000001,0.600 MeV,30.281823407807003
94.00000000000001,10.000 MeV,24.681939207103003
94.00000000000001,12.000 MeV,23.541754157850335
94.00000000000001,14.000 MeV,23.10901084272867
94.00000000000001,2.000 MeV,30.401200138202004
94.00000000000001,4.000 MeV,27.664790466317335
94.00000000000001,6.000 MeV,28.518232910505002
94.00000000000001,8.000 MeV,28.479069350622005
95.00000002000002,0.000 MeV,30.40050012428467
95.00000002000002,0.600 MeV,28.733355720518336
95.00000002000002,10.000 MeV,26.694322951989335
95.00000002000002,12.000 MeV,25.286527973040002
95.00000002000002,14.000 MeV,24.72383849971267
95.00000002000002,2.000 MeV,28.148504312240338
95.00000002000002,4.000 MeV,25.999535636422337
95.00000002000002,6.000 MeV,26.91897288872667
95.00000002000002,8.000 MeV,27.548972442231005
95.99999998,0.000 MeV,28.76562784000667
95.99999998,0.600 MeV,28.266372374309004
95.99999998,10.000 MeV,27.541612432643337
95.99999998,12.000 MeV,25.556451631107002
95.99999998,14.000 MeV,24.23766488410267
95.99999998,2.000 MeV,27.88950978401367
95.99999998,4.000 MeV,27.169985841274002
95.99999998,6.000 MeV,28.30163139815967
95.99999998,8.000 MeV,24.99956027653367
97.0,0.000 MeV,27.247383535967003
97.0,0.600 MeV,26.24922961244667
97.0,10.000 MeV,27.25854295774434
97.0,12.000 MeV,25.843758551477002
97.0,14.000 MeV,23.927158481324003
97.0,2.000 MeV,27.434396721357338
97.0,4.000 MeV,28.530784718043673
97.0,6.000 MeV,25.83466656958967
97.0,8.000 MeV,26.982190515583337
98.00000002,0.000 MeV,28.986134892216004
98.00000002,0.600 MeV,29.194172528799335
98.00000002,10.000 MeV,28.053412853919003
98.00000002,12.000 MeV,27.208112987057337
98.00000002,14.000 MeV,25.727688442592004
98.00000002,2.000 MeV,29.750230916808338
98.00000002,4.000 MeV,28.48312248612267
98.00000002,6.000 MeV,26.776698570201336
98.00000002,8.000 MeV,27.82869837404367
98.99999998000001,0.000 MeV,29.818422387094003
98.99999998000001,0.600 MeV,29.62631538419967
98.99999998000001,10.000 MeV,24.753624568553338
98.99999998000001,12.000 MeV,24.89768283842967
98.99999998000001,14.000 MeV,21.491818657015667
98.99999998000001,2.000 MeV,30.88593933664734
98.99999998000001,4.000 MeV,26.14094678276467
98.99999998000001,6.000 MeV,25.21740568526967
98.99999998000001,8.000 MeV,26.248338527267002
100.0,0.000 MeV,30.749425541761003
100.0,0.600 MeV,30.838337936925335
100.0,10.000 MeV,27.226718352889336
100.0,12.000 MeV,23.065743327557335
100.0,14.000 MeV,22.799398795678
100.0,2.000 MeV,30.390093751118336
100.0,4.000 MeV,27.94827650545267
100.0,6.000 MeV,26.21003020605867
100.0,8.000 MeV,25.370204893861338
101.00000002,0.000 MeV,25.550349869464668
101.00000002,0.600 MeV,26.635310919996336
101.00000002,10.000 MeV,21.117160008288003
101.00000002,12.000 MeV,21.19995054574767
101.00000002,14.000 MeV,20.496016419655337
101.00000002,2.000 MeV,29.12629432523334
101.00000002,4.000 MeV,25.023979802997335
101.00000002,6.000 MeV,23.367271744868003
101.00000002,8.000 MeV,22.60695703111367
101.99999998000001,0.000 MeV,17.583498995317
101.99999998000001,0.600 MeV,18.799392271138668
101.99999998000001,10.000 MeV,15.88099536587067
101.99999998000001,12.000 MeV,15.480584665667003
101.99999998000001,14.000 MeV,13.084102161343669
101.99999998000001,2.000 MeV,19.174653510301336
101.99999998000001,4.000 MeV,19.220599701702668
101.99999998000001,6.000 MeV,16.861195475074002
101.99999998000001,8.000 MeV,16.46017189354167
103.00000000000001,0.000 MeV,11.794704749476335
103.00000000000001,0.600 MeV,15.835134474255668
103.00000000000001,10.000 MeV,11.501287596420001
103.00000000000001,12.000 MeV,11.661337558856001
103.00000000000001,14.000 MeV,8.061541952589668
103.00000000000001,2.000 MeV,17.788412306221
103.00000000000001,4.000 MeV,17.218232104994
103.00000000000001,6.000 MeV,12.814642772184335
103.00000000000001,8.000 MeV,11.30286916059167
104.00000002,0.000 MeV,5.740747980305668
104.00000002,0.600 MeV,9.406906425283001
104.00000002,10.000 MeV,6.618024509852668
104.00000002,12.000 MeV,6.888097933128001
104.00000002,14.000 MeV,6.221821088359334
104.00000002,2.000 MeV,9.799888835916668
104.00000002,4.000 MeV,10.660090201766335
104.00000002,6.000 MeV,10.053686495223335
104.00000002,8.000 MeV,5.419296205042667
104.99999998000001,0.000 MeV,2.8976514998493337
104.99999998000001,0.600 MeV,3.282551582486
104.99999998000001,10.000 MeV,4.731661876592001
104.99999998000001,12.000 MeV,4.968357255793667
104.99999998000001,14.000 MeV,4.335408937054001
104.99999998000001,2.000 MeV,3.885782792382334
104.99999998000001,4.000 MeV,4.640076225888667
104.99999998000001,6.000 MeV,4.733896166257667
104.99999998000001,8.000 MeV,3.7165154403403338
106.00000000000001,0.000 MeV,1.2163122686830001
106.00000000000001,0.600 MeV,1.5417232855660001
106.00000000000001,10.000 MeV,3.3307934786220006
106.00000000000001,12.000 MeV,3.9483907760770003
106.00000000000001,14.000 MeV,3.6301724138520006
106.00000000000001,2.000 MeV,2.1263218901723335
106.00000000000001,4.000 MeV,2.5765785382756667
106.00000000000001,6.000 MeV,3.0875680449020004
106.00000000000001,8.000 MeV,2.5509869185290004
107.00000002000002,0.000 MeV,0.539650947231
107.00000002000002,0.600 MeV,0.5829202369176667
107.00000002000002,10.000 MeV,2.6270134698340004
107.00000002000002,12.000 MeV,3.390290354833667
107.00000002000002,14.000 MeV,3.1018840768803337
107.00000002000002,2.000 MeV,0.9706548293170001
107.00000002000002,4.000 MeV,1.577042468077
107.00000002000002,6.000 MeV,2.1856425712593337
107.00000002000002,8.000 MeV,1.7080013110970003
107.99999998000001,0.000 MeV,0.20877827653966669
107.99999998000001,0.600 MeV,0.252043693379
107.99999998000001,10.000 MeV,2.274134328573667
107.99999998000001,12.000 MeV,2.908884311436
107.99999998000001,14.000 MeV,3.1784704359623337
107.99999998000001,2.000 MeV,0.5130139177576667
107.99999998000001,4.000 MeV,1.014443093499
107.99999998000001,6.000 MeV,1.6473400095810002
107.99999998000001,8.000 MeV,1.4472707045753335
109.00000000000001,0.000 MeV,0.07333503898233334
109.00000000000001,0.600 MeV,0.11118039302600001
109.00000000000001,10.000 MeV,2.1146045581836668
109.00000000000001,12.000 MeV,2.9754460318673335
109.00000000000001,14.000 MeV,3.057351513613667
109.00000000000001,2.000 MeV,0.3121707686346667
109.00000000000001,4.000 MeV,0.8117789354456667
109.00000000000001,6.000 MeV,1.4152904151433334
109.00000000000001,8.000 MeV,1.4348659745666668
110.00000002000002,0.000 MeV,0.03806716846033334
110.00000002000002,0.600 MeV,0.077539662396
110.00000002000002,10.000 MeV,1.9436928456793336
110.00000002000002,12.000 MeV,2.918690101830667
110.00000002000002,14.000 MeV,3.1016763355360006
110.00000002000002,2.000 MeV,0.2550686980103334
110.00000002000002,4.000 MeV,0.7950984135963334
110.00000002000002,6.000 MeV,1.3422579439780002
110.00000002000002,8.000 MeV,1.256941338607
110.99999998,0.000 MeV,0.03586497550266667
110.99999998,0.600 MeV,0.060037993290666676
110.99999998,10.000 MeV,1.917415945673667
110.99999998,12.000 MeV,3.230371926727667
110.99999998,14.000 MeV,3.1890040755550007
110.99999998,2.000 MeV,0.23415170214000003
110.99999998,4.000 MeV,0.6972868823223334
110.99999998,6.000 MeV,1.2003490590373334
110.99999998,8.000 MeV,1.2798129954986668
112.0,0.000 MeV,0.036262324458000005
112.0,0.600 MeV,0.06308674016000002
112.0,10.000 MeV,2.2380670712756667
112.0,12.000 MeV,3.1222007619850003
112.0,14.000 MeV,3.1910498715390005
112.0,2.000 MeV,0.23724856816600004
112.0,4.000 MeV,0.7867382573756668
112.0,6.000 MeV,1.331239952368
112.0,8.000 MeV,1.2716725229810002
113.00000002000002,0.000 MeV,0.03802720948366667
113.00000002000002,0.600 MeV,0.07311543299533334
113.00000002000002,10.000 MeV,2.196271697910667
113.00000002000002,12.000 MeV,3.1773139247373337
113.00000002000002,14.000 MeV,3.201329302095667
113.00000002000002,2.000 MeV,0.2331252227356667
113.00000002000002,4.000 MeV,0.752766987645
113.00000002000002,6.000 MeV,1.347817047174
113.00000002000002,8.000 MeV,1.361770521059667
113.99999998000001,0.000 MeV,0.040743331873000006
113.99999998000001,0.600 MeV,0.07235355066566668
113.99999998000001,10.000 MeV,2.3022105806510003
113.99999998000001,12.000 MeV,3.3808726846193338
113.99999998000001,14.000 MeV,3.363830854609667
113.99999998000001,2.000 MeV,0.24536880214200002
113.99999998000001,4.000 MeV,0.8275955079520001
113.99999998000001,6.000 MeV,1.4603980573810003
113.99999998000001,8.000 MeV,1.3569669857683335
115.0,0.000 MeV,0.042237402544000005
115.0,0.600 MeV,0.05390161564666667
115.0,10.000 MeV,2.072068784486667
115.0,12.000 MeV,3.3100962312180005
115.0,14.000 MeV,3.2799255394170004
115.0,2.000 MeV,0.28428253099033335
115.0,4.000 MeV,0.8058988975513335
115.0,6.000 MeV,1.3176823249283334
115.0,8.000 MeV,1.339002051587
116.00000002,0.000 MeV,0.037812855803000006
116.00000002,0.600 MeV,0.06719487268333334
116.00000002,10.000 MeV,2.244220779587667
116.00000002,12.000 MeV,3.248864151016334
116.00000002,14.000 MeV,3.3204541096003335
116.00000002,2.000 MeV,0.272191002938
116.00000002,4.000 MeV,0.8536291050670001
116.00000002,6.000 MeV,1.389395845476
116.00000002,8.000 MeV,1.3603638355543335
116.99999998000001,0.000 MeV,0.033291280636
116.99999998000001,0.600 MeV,0.06059173274333334
116.99999998000001,10.000 MeV,2.3415295984393336
116.99999998000001,12.000 MeV,3.2991172983743335
116.99999998000001,14.000 MeV,3.156848743785667
116.99999998000001,2.000 MeV,0.25422838728400005
116.99999998000001,4.000 MeV,0.7471765843300001
116.99999998000001,6.000 MeV,1.3675801741633336
116.99999998000001,8.000 MeV,1.3289092430516667
118.0,0.000 MeV,0.039511066977000006
118.0,0.600 MeV,0.06703407180300001
118.0,10.000 MeV,2.146875699745667
118.0,12.000 MeV,3.3385707000793334
118.0,14.000 MeV,3.040867185806334
118.0,2.000 MeV,0.2357963022266667
118.0,4.000 MeV,0.7202106348393335
118.0,6.000 MeV,1.2800354834540002
118.0,8.000 MeV,1.329850273714
119.00000002,0.000 MeV,0.03457796616100001
119.00000002,0.600 MeV,0.05367213972766667
119.00000002,10.000 MeV,1.9546135174283334
119.00000002,12.000 MeV,2.8442843695163336
119.00000002,14.000 MeV,3.131966120630667
119.00000002,2.000 MeV,0.23201530225266667
119.00000002,4.000 MeV,0.7354610592383335
119.00000002,6.000 MeV,1.263386190484
119.00000002,8.000 MeV,1.2156799389253334
119.99999998000001,0.000 MeV,0.03504316766066667
119.99999998000001,0.600 MeV,0.061098058959666676
119.99999998000001,10.000 MeV,1.8384733993800004
119.99999998000001,12.000 MeV,2.7920575077643335
119.99999998000001,14.000 MeV,2.833238484338667
119.99999998000001,2.000 MeV,0.22438441354700003
119.99999998000001,4.000 MeV,0.6420783944196667
119.99999998000001,6.000 MeV,1.1942379649986667
119.99999998000001,8.000 MeV,1.1636621461660002
121.0,0.000 MeV,0.02685021093766667
121.0,0.600 MeV,0.047715344330666674
121.0,10.000 MeV,1.7638122275263335
121.0,12.000 MeV,2.5361751232340004
121.0,14.000 MeV,2.7596052814460004
121.0,2.000 MeV,0.18333596865800003
121.0,4.000 MeV,0.5384394648886668
121.0,6.000 MeV,1.098934879533
121.0,8.000 MeV,1.0980713900096668
122.00000002,0.000 MeV,0.025620536575000002
122.00000002,0.600 MeV,0.054974899512000006
122.00000002,10.000 MeV,1.8822946604803337
122.00000002,12.000 MeV,2.585547061820667
122.00000002,14.000 MeV,2.8132411407543336
122.00000002,2.000 MeV,0.17535957404533337
122.00000002,4.000 MeV,0.5274393803403334
122.00000002,6.000 MeV,1.0147680500003335
122.00000002,8.000 MeV,1.0786240749390001
122.99999998000001,0.000 MeV,0.028354974035000004
122.99999998000001,0.600 MeV,0.048667099801
122.99999998000001,10.000 MeV,1.8849885625700002
122.99999998000001,12.000 MeV,2.621180715649334
122.99999998000001,14.000 MeV,2.4690703946343335
122.99999998000001,2.000 MeV,0.17540249918266668
122.99999998000001,4.000 MeV,0.5243959893986667
122.99999998000001,6.000 MeV,1.0567831847843334
122.99999998000001,8.000 MeV,1.0794877004653334
124.00000000000001,0.000 MeV,0.030636016351000005
124.00000000000001,0.600 MeV,0.06083100735466667
124.00000000000001,10.000 MeV,1.7940046215203336
124.00000000000001,12.000 MeV,2.7058935972270004
124.00000000000001,14.000 MeV,2.6925735281703336
124.00000000000001,2.000 MeV,0.20387536191333336
124.00000000000001,4.000 MeV,0.6901286364233334
124.00000000000001,6.000 MeV,1.1344212809706669
124.00000000000001,8.000 MeV,1.1695562182746668
125.00000002000002,0.000 MeV,0.07574604835566667
125.00000002000002,0.600 MeV,0.12497069569333336
125.00000002000002,10.000 MeV,2.1503597015493336
125.00000002000002,12.000 MeV,2.790074065917667
125.00000002000002,14.000 MeV,2.396610819915667
125.00000002000002,2.000 MeV,0.3293116282573334
125.00000002000002,4.000 MeV,0.7683184514463334
125.00000002000002,6.000 MeV,1.3709835067590002
125.00000002000002,8.000 MeV,1.3205553623980002
125.99999998,0.000 MeV,0.19963320814800004
125.99999998,0.600 MeV,0.25525653758233335
125.99999998,10.000 MeV,2.559415626738
125.99999998,12.000 MeV,3.275484309641334
125.99999998,14.000 MeV,3.0199361298163336
125.99999998,2.000 MeV,0.6175119847160001
125.99999998,4.000 MeV,1.1072084730823335
125.99999998,6.000 MeV,1.912388944500667
125.99999998,8.000 MeV,1.5613520092096669
127.0,0.000 MeV,0.4879274455346667
127.0,0.600 MeV,0.6543866659196668
127.0,10.000 MeV,3.241802272957334
127.0,12.000 MeV,4.038794897479668
127.0,14.000 MeV,3.7019417215350003
127.0,2.000 MeV,1.2964850786856668
127.0,4.000 MeV,2.039997781053667
127.0,6.000 MeV,2.8214488958990005
127.0,8.000 MeV,2.4355970642683333
128.00000002000002,0.000 MeV,1.3167652955573335
128.00000002000002,0.600 MeV,1.4922477126933336
128.00000002000002,10.000 MeV,4.724871745479668
128.00000002000002,12.000 MeV,5.557228271594667
128.00000002000002,14.000 MeV,4.935574982576001
128.00000002000002,2.000 MeV,2.726612773495667
128.00000002000002,4.000 MeV,3.8407974233180004
128.00000002000002,6.000 MeV,4.455903599156334
128.00000002000002,8.000 MeV,3.548642203240667
128.99999998,0.000 MeV,2.911921776532667
128.99999998,0.600 MeV,3.3005608277400005
128.99999998,10.000 MeV,6.072185736985667
128.99999998,12.000 MeV,7.073652039476334
128.99999998,14.000 MeV,6.448461267093334
128.99999998,2.000 MeV,4.300187016117
128.99999998,4.000 MeV,5.399724356558334
128.99999998,6.000 MeV,6.632599977268001
128.99999998,8.000 MeV,5.5263420291526675
130.00000000000003,0.000 MeV,8.644941761990667
130.00000000000003,0.600 MeV,9.707675777469001
130.00000000000003,10.000 MeV,12.491371179636335
130.00000000000003,12.000 MeV,12.988736954888669
130.00000000000003,14.000 MeV,12.124075338272336
130.00000000000003,2.000 MeV,11.411544203496668
130.00000000000003,4.000 MeV,12.486042815244334
130.00000000000003,6.000 MeV,14.051109571538001
130.00000000000003,8.000 MeV,8.495086370715667
131.00000002000002,0.000 MeV,14.363498981186002
131.00000002000002,0.600 MeV,16.879391666166
131.00000002000002,10.000 MeV,17.36527045965367
131.00000002000002,12.000 MeV,16.824222321222003
131.00000002000002,14.000 MeV,16.384475343801668
131.00000002000002,2.000 MeV,17.42794921024267
131.00000002000002,4.000 MeV,16.686333756201
131.00000002000002,6.000 MeV,16.58443157850367
131.00000002000002,8.000 MeV,15.190483032602668
131.99999998,0.000 MeV,17.817605570366336
131.99999998,0.600 MeV,18.78589844205867
131.99999998,10.000 MeV,24.118122391956003
131.99999998,12.000 MeV,25.120499882165003
131.99999998,14.000 MeV,24.183185411138005
131.99999998,2.000 MeV,24.461214193895337
131.99999998,4.000 MeV,26.18885727844767
131.99999998,6.000 MeV,24.28078463525267
131.99999998,8.000 MeV,25.255101442489668
133.0,0.000 MeV,31.051303363731336
133.0,0.600 MeV,31.39408732611834
133.0,10.000 MeV,29.932602287427002
133.0,12.000 MeV,27.18182336105667
133.0,14.000 MeV,23.919380184795333
133.0,2.000 MeV,32.86999251032267
133.0,4.000 MeV,30.04082099493267
133.0,6.000 MeV,29.91463663437267
133.0,8.000 MeV,28.034955226203003
134.00000002000002,0.000 MeV,35.351664165777
134.00000002000002,0.600 MeV,37.361513119131004
134.00000002000002,10.000 MeV,32.03964062956967
134.00000002000002,12.000 MeV,31.356562906773004
134.00000002000002,14.000 MeV,29.128418161034002
134.00000002000002,2.000 MeV,34.30573206454
134.00000002000002,4.000 MeV,32.469615480576
134.00000002000002,6.000 MeV,30.859588243767003
134.00000002000002,8.000 MeV,32.19658785194534
134.99999998,0.000 MeV,33.52547602100834
134.99999998,0.600 MeV,33.74806888646534
134.99999998,10.000 MeV,30.063750880537338
134.99999998,12.000 MeV,29.74578907825734
134.99999998,14.000 MeV,26.099832577187
134.99999998,2.000 MeV,34.03997300614667
134.99999998,4.000 MeV,30.183563927985336
134.99999998,6.000 MeV,30.676463526626005
134.99999998,8.000 MeV,30.225482422923335
136.0,0.000 MeV,30.031263798593006
136.0,0.600 MeV,33.199580865827
136.0,10.000 MeV,29.480410964267
136.0,12.000 MeV,28.112101516112336
136.0,14.000 MeV,26.120101266185337
136.0,2.000 MeV,30.337387167927336
136.0,4.000 MeV,29.91787877103167
136.0,6.000 MeV,29.251480475584003
136.0,8.000 MeV,27.557235563549337
137.00000002,0.000 MeV,28.122474076342336
137.00000002,0.600 MeV,30.06079620240967
137.00000002,10.000 MeV,27.271716337851004
137.00000002,12.000 MeV,26.095197445991335
137.00000002,14.000 MeV,25.591244061046336
137.00000002,2.000 MeV,33.94815718008034
137.00000002,4.000 MeV,31.659299781978337
137.00000002,6.000 MeV,29.52080194474867
137.00000002,8.000 MeV,28.93505260580667
137.99999998,0.000 MeV,31.795791829337336
137.99999998,0.600 MeV,29.965782835715668
137.99999998,10.000 MeV,21.81878332036
137.99999998,12.000 MeV,22.596222132986338
137.99999998,14.000 MeV,21.215858279122003
137.99999998,2.000 MeV,28.669443442148335
137.99999998,4.000 MeV,26.861164256612003
137.99999998,6.000 MeV,25.899938502332336
137.99999998,8.000 MeV,24.232291224235336
139.00000000000003,0.000 MeV,28.588311487179006
139.00000000000003,0.600 MeV,26.42766776335267
139.00000000000003,10.000 MeV,24.984619246007004
139.00000000000003,12.000 MeV,23.504718462047336
139.00000000000003,14.000 MeV,23.915399202124338
139.00000000000003,2.000 MeV,24.165229893545337
139.00000000000003,4.000 MeV,25.10138418774267
139.00000000000003,6.000 MeV,24.780849176321002
139.00000000000003,8.000 MeV,25.621333669154
140.00000002000002,0.000 MeV,28.543883121639336
140.00000002000002,0.600 MeV,28.66472141798834
140.00000002000002,10.000 MeV,22.93601084949367
140.00000002000002,12.000 MeV,21.517072931035337
140.00000002000002,14.000 MeV,21.183839449030337
140.00000002000002,2.000 MeV,25.50240218667567
140.00000002000002,4.000 MeV,26.17293150200867
140.00000002000002,6.000 MeV,22.776247633192337
140.00000002000002,8.000 MeV,25.305727361118002
140.99999998,0.000 MeV,27.48377336823834
140.99999998,0.600 MeV,25.76730836377967
140.99999998,10.000 MeV,21.99244702118767
140.99999998,12.000 MeV,21.991892873726
140.99999998,14.000 MeV,20.092056073533335
140.99999998,2.000 MeV,24.584931997571005
140.99999998,4.000 MeV,19.764549172704335
140.99999998,6.000 MeV,20.416960297904
140.99999998,8.000 MeV,21.397528819805334
142.0,0.000 MeV,29.286114675747335
142.0,0.600 MeV,26.080558989758003
142.0,10.000 MeV,20.616597029177335
142.0,12.000 MeV,19.560989279464003
142.0,14.000 MeV,22.091370901569668
142.0,2.000 MeV,23.86195989953267
142.0,4.000 MeV,22.140750961478336
142.0,6.000 MeV,22.189350195782335
142.0,8.000 MeV,24.328231671569668
143.00000002000002,0.000 MeV,25.95768050592967
143.00000002000002,0.600 MeV,23.246902082475337
143.00000002000002,10.000 MeV,16.052311085001
143.00000002000002,12.000 MeV,15.587405119853335
143.00000002000002,14.000 MeV,17.03815693778767
143.00000002000002,2.000 MeV,21.254185129120003
143.00000002000002,4.000 MeV,19.950547264084335
143.00000002000002,6.000 MeV,17.024466901713
143.00000002000002,8.000 MeV,19.255235035224334
143.99999998,0.000 MeV,22.742295300260338
143.99999998,0.600 MeV,21.61715307654167
143.99999998,10.000 MeV,14.969206553135335
143.99999998,12.000 MeV,11.868637236685002
143.99999998,14.000 MeV,14.41160122167
143.99999998,2.000 MeV,17.78756716415
143.99999998,4.000 MeV,15.939700341947669
143.99999998,6.000 MeV,16.003787403601667
143.99999998,8.000 MeV,18.190392073035667
145.00000000000003,0.000 MeV,17.54542998110167
145.00000000000003,0.600 MeV,15.586468201662669
145.00000000000003,10.000 MeV,10.838686711975003
145.00000000000003,12.000 MeV,9.774519872510002
145.00000000000003,14.000 MeV,11.216845948396001
145.00000000000003,2.000 MeV,12.281818307724668
145.00000000000003,4.000 MeV,10.899479541344668
145.00000000000003,6.000 MeV,11.184956858690002
145.00000000000003,8.000 MeV,12.221731793744668
146.00000002000002,0.000 MeV,11.171602244871334
146.00000002000002,0.600 MeV,8.614993538716002
146.00000002000002,10.000 MeV,7.028255138286667
146.00000002000002,12.000 MeV,6.685691928197667
146.00000002000002,14.000 MeV,6.684879595231334
146.00000002000002,2.000 MeV,7.1982696454763335
146.00000002000002,4.000 MeV,7.025008591244668
146.00000002000002,6.000 MeV,6.747412110213667
146.00000002000002,8.000 MeV,7.772096592287334
146.99999998,0.000 MeV,6.7282535165593345
146.99999998,0.600 MeV,7.017525609039668
146.99999998,10.000 MeV,5.623491310009
146.99999998,12.000 MeV,4.973232872675001
146.99999998,14.000 MeV,5.511522106059334
146.99999998,2.000 MeV,5.954793808467334
146.99999998,4.000 MeV,6.179565370744667
146.99999998,6.000 MeV,6.187804989449334
146.99999998,8.000 MeV,6.229909219151001
148.0,0.000 MeV,5.168877844658668
148.0,0.600 MeV,4.932171980273334
148.0,10.000 MeV,4.048678060628667
148.0,12.000 MeV,3.8251862218180004
148.0,14.000 MeV,4.124081970770668
148.0,2.000 MeV,4.912868919051334
148.0,4.000 MeV,4.637574463656334
148.0,6.000 MeV,4.8732639646700004
148.0,8.000 MeV,4.641560957687001
149.00000002000002,0.000 MeV,3.754656749864667
149.00000002000002,0.600 MeV,3.793419606051667
149.00000002000002,10.000 MeV,3.199189800044667
149.00000002000002,12.000 MeV,3.201116826551667
149.00000002000002,14.000 MeV,2.945802882750667
149.00000002000002,2.000 MeV,3.600870502738667
149.00000002000002,4.000 MeV,3.789782128100667
149.00000002000002,6.000 MeV,3.8146437744120005
149.00000002000002,8.000 MeV,3.610912245385667
149.99999998,0.000 MeV,2.584742468072667
149.99999998,0.600 MeV,2.521151001350667
149.99999998,10.000 MeV,2.608321968768667
149.99999998,12.000 MeV,2.376203492049667
149.99999998,14.000 MeV,2.3698420423933335
149.99999998,2.000 MeV,2.762985882111667
149.99999998,4.000 MeV,3.291217104299667
149.99999998,6.000 MeV,3.0278888404780004
149.99999998,8.000 MeV,2.6686983763813337
151.0,0.000 MeV,1.4994861226463334
151.0,0.600 MeV,1.6968012632806668
151.0,10.000 MeV,1.7591272998036669
151.0,12.000 MeV,1.9469451631343335
151.0,14.000 MeV,1.685309437218667
151.0,2.000 MeV,1.9881751655520004
151.0,4.000 MeV,2.4454786730973335
151.0,6.000 MeV,2.6232112533920002
151.0,8.000 MeV,2.058008548246
152.00000002,0.000 MeV,0.9822284514690002
152.00000002,0.600 MeV,1.0960317335896668
152.00000002,10.000 MeV,1.4687932699940003
152.00000002,12.000 MeV,1.4170583246166668
152.00000002,14.000 MeV,1.2905037768433334
152.00000002,2.000 MeV,1.4927079597980002
152.00000002,4.000 MeV,2.221004646526
152.00000002,6.000 MeV,2.110748549317
152.00000002,8.000 MeV,1.582161556233667
152.99999998,0.000 MeV,0.5828729726370001
152.99999998,0.600 MeV,0.7906643984560001
152.99999998,10.000 MeV,1.1302215407123335
152.99999998,12.000 MeV,1.1104608682533335
152.99999998,14.000 MeV,0.8723398084606667
152.99999998,2.000 MeV,1.191746435373
152.99999998,4.000 MeV,1.811158239519667
152.99999998,6.000 MeV,1.6274447330100001
152.99999998,8.000 MeV,1.0428048158733334
154.00000000000003,0.000 MeV,0.371472007769
154.00000000000003,0.600 MeV,0.4801824438356667
154.00000000000003,10.000 MeV,0.8160979632876668
154.00000000000003,12.000 MeV,0.7873978654493334
154.00000000000003,14.000 MeV,0.6578780831250001
154.00000000000003,2.000 MeV,0.9853309324760001
154.00000000000003,4.000 MeV,1.3371184942293335
154.00000000000003,6.000 MeV,1.3623525750416667
154.00000000000003,8.000 MeV,0.7939227648063334
155.00000002000002,0.000 MeV,0.20906513277200003
155.00000002000002,0.600 MeV,0.298007986132
155.00000002000002,10.000 MeV,0.5513521920076667
155.00000002000002,12.000 MeV,0.5973573504240001
155.00000002000002,14.000 MeV,0.44578275817866675
155.00000002000002,2.000 MeV,0.6135661750113334
155.00000002000002,4.000 MeV,1.0773025273116668
155.00000002000002,6.000 MeV,0.8810694006400001
155.00000002000002,8.000 MeV,0.5439154508226667
155.99999998,0.000 MeV,0.11664880165000001
155.99999998,0.600 MeV,0.17764340766100004
155.99999998,10.000 MeV,0.43135602623466673
155.99999998,12.000 MeV,0.4002062812183334
155.99999998,14.000 MeV,0.3142374702226667
155.99999998,2.000 MeV,0.4276247774533334
155.99999998,4.000 MeV,0.6902545881540001
155.99999998,6.000 MeV,0.7659867059166667
155.99999998,8.000 MeV,0.38758374564333337
157.0,0.000 MeV,0.070234785834
157.0,0.600 MeV,0.10393278020333334
157.0,10.000 MeV,0.2812029632506667
157.0,12.000 MeV,0.2790773464583334
157.0,14.000 MeV,0.2053614731706667
157.0,2.000 MeV,0.2710048560116667
157.0,4.000 MeV,0.4880633902476667
157.0,6.000 MeV,0.51184806766
157.0,8.000 MeV,0.260990961598
158.00000002000002,0.000 MeV,0.03420947574700001
158.00000002000002,0.600 MeV,0.048731228453666675
158.00000002000002,10.000 MeV,0.17657645117333337
158.00000002000002,12.000 MeV,0.18247307495733336
158.00000002000002,14.000 MeV,0.12766332194533336
158.00000002000002,2.000 MeV,0.16752569762400002
158.00000002000002,4.000 MeV,0.3271875981666667
158.00000002000002,6.000 MeV,0.33587357871733337
158.00000002000002,8.000 MeV,0.17273642589733335
158.99999998,0.000 MeV,0.010744871680666668
158.99999998,0.600 MeV,0.021060109884333336
158.99999998,10.000 MeV,0.10887721460266668
158.99999998,12.000 MeV,0.11250451823400003
158.99999998,14.000 MeV,0.07827943452366667
158.99999998,2.000 MeV,0.08797266624500001
158.99999998,4.000 MeV,0.16042919708700001
158.99999998,6.000 MeV,0.18447755841100003
158.99999998,8.000 MeV,0.10907555878733334
160.00000000000003,0.000 MeV,0.0027110060860000003
160.00000000000003,0.600 MeV,0.009446004172666668
160.00000000000003,10.000 MeV,0.06342386569166668
160.00000000000003,12.000 MeV,0.06086736549000001
160.00000000000003,14.000 MeV,0.04840514507033334
160.00000000000003,2.000 MeV,0.03841077680166667
160.00000000000003,4.000 MeV,0.09807345362300002
160.00000000000003,6.000 MeV,0.09959956919133335
160.00000000000003,8.000 MeV,0.05830543812100001
161.00000002000002,0.000 MeV,0.0006046952433333334
161.00000002000002,0.600 MeV,0.0006053428766666667
161.00000002000002,10.000 MeV,0.03214661462466667
161.00000002000002,12.000 MeV,0.03726602012166667
161.00000002000002,14.000 MeV,0.02511191773666667
161.00000002000002,2.000 MeV,0.017489700841333337
161.00000002000002,4.000 MeV,0.03465215903566667
161.00000002000002,6.000 MeV,0.05586117925233334
161.00000002000002,8.000 MeV,0.039260756693666674
161.99999998,0.000 MeV,0.00070507841
161.99999998,0.600 MeV,0.0009051971100000002
161.99999998,10.000 MeV,0.020567662450333337
161.99999998,12.000 MeV,0.01902032393766667
161.99999998,14.000 MeV,0.01741529424766667
161.99999998,2.000 MeV,0.0029105419160000002
161.99999998,4.000 MeV,0.020037775333333334
161.99999998,6.000 MeV,0.02898275740666667
161.99999998,8.000 MeV,0.01916625515666667
163.0,0.000 MeV,0.00010571966533333336
163.0,0.600 MeV,0.00010571966533333336
163.0,10.000 MeV,0.011928447502666669
163.0,12.000 MeV,0.011343220117333333
163.0,14.000 MeV,0.007519223766333334
163.0,2.000 MeV,0.0004055738986666667
163.0,4.000 MeV,0.008834418110666667
163.0,6.000 MeV,0.013279475399333334
163.0,8.000 MeV,0.009340031930333335
164.00000002000002,0.000 MeV,4.9867766666666676e-06
164.00000002000002,0.600 MeV,4.9867766666666676e-06
164.00000002000002,10.000 MeV,0.005169499935333334
164.00000002000002,12.000 MeV,0.0038142559456666673
164.00000002000002,14.000 MeV,0.003411136577333334
164.00000002000002,2.000 MeV,4.9867766666666676e-06
164.00000002000002,4.000 MeV,0.00090519711
164.00000002000002,6.000 MeV,0.006068654626333333
164.00000002000002,8.000 MeV,0.005420380136
164.99999998,0.000 MeV,4.9867766666666676e-06
164.99999998,0.600 MeV,4.9867766666666676e-06
164.99999998,10.000 MeV,0.003399207171333334
164.99999998,12.000 MeV,0.0038342160050000005
164.99999998,14.000 MeV,0.0008048139433333335
164.99999998,2.000 MeV,4.9867766666666676e-06
164.99999998,4.000 MeV,4.9867766666666676e-06
164.99999998,6.000 MeV,0.0008048139433333335
164.99999998,8.000 MeV,0.0008048139433333335
166.0,0.000 MeV,6.981487333333335e-06
166.0,0.600 MeV,6.981487333333335e-06
166.0,10.000 MeV,0.0007070731206666667
166.0,12.000 MeV,0.0008068086540000001
166.0,14.000 MeV,0.00010671702066666669
166.0,2.000 MeV,6.981487333333335e-06
166.0,4.000 MeV,0.00010671702066666669
166.0,6.000 MeV,0.00010671702066666669
166.0,8.000 MeV,0.0005069544206666668
167.00000002,0.000 MeV,5.984132000000002e-06
167.00000002,0.600 MeV,5.984132000000002e-06
167.00000002,10.000 MeV,0.00010571966533333336
167.00000002,12.000 MeV,0.00030583836533333336
167.00000002,14.000 MeV,0.0004055738986666667
167.00000002,2.000 MeV,5.984132000000002e-06
167.00000002,4.000 MeV,0.00010571966533333336
167.00000002,6.000 MeV,0.0005059570653333334
167.00000002,8.000 MeV,0.00030583836533333336
167.99999998,0.000 MeV,6.981487333333335e-06
167.99999998,0.600 MeV,6.981487333333335e-06
167.99999998,10.000 MeV,0.00020710018733333335
167.99999998,12.000 MeV,0.00010671702066666669
167.99999998,14.000 MeV,0.00010671702066666669
167.99999998,2.000 MeV,6.981487333333335e-06
167.99999998,4.000 MeV,6.981487333333335e-06
167.99999998,6.000 MeV,0.00010671702066666669
167.99999998,8.000 MeV,0.00010671702066666669
169.00000000000003,0.000 MeV,5.984132000000002e-06
169.00000000000003,0.600 MeV,5.984132000000002e-06
169.00000000000003,10.000 MeV,5.984132000000002e-06
169.00000000000003,12.000 MeV,5.984132000000002e-06
169.00000000000003,14.000 MeV,5.984132000000002e-06
169.00000000000003,2.000 MeV,5.984132000000002e-06
169.00000000000003,4.000 MeV,5.984132000000002e-06
169.00000000000003,6.000 MeV,0.00010571966533333336
169.00000000000003,8.000 MeV,5.984132000000002e-06
170.00000002000002,0.000 MeV,7.978842666666668e-06
170.00000002000002,0.600 MeV,7.978842666666668e-06
170.00000002000002,10.000 MeV,7.978842666666668e-06
170.00000002000002,12.000 MeV,7.978842666666668e-06
170.00000002000002,14.000 MeV,7.978842666666668e-06
170.00000002000002,2.000 MeV,7.978842666666668e-06
170.00000002000002,4.000 MeV,7.978842666666668e-06
170.00000002000002,6.000 MeV,7.978842666666668e-06
170.00000002000002,8.000 MeV,7.978842666666668e-06
170.99999998,0.000 MeV,6.981487333333335e-06
170.99999998,0.600 MeV,6.981487333333335e-06
170.99999998,10.000 MeV,6.981487333333335e-06
170.99999998,12.000 MeV,6.981487333333335e-06
170.99999998,14.000 MeV,6.981487333333335e-06
170.99999998,2.000 MeV,6.981487333333335e-06
170.99999998,4.000 MeV,6.981487333333335e-06
170.99999998,6.000 MeV,6.981487333333335e-06
170.99999998,8.000 MeV,6.981487333333335e-06
172.0,0.000 MeV,7.978842666666668e-06
172.0,0.600 MeV,7.978842666666668e-06
172.0,10.000 MeV,7.978842666666668e-06
172.0,12.000 MeV,7.978842666666668e-06
172.0,14.000 MeV,7.978842666666668e-06
172.0,2.000 MeV,7.978842666666668e-06
172.0,4.000 MeV,7.978842666666668e-06
172.0,6.000 MeV,7.978842666666668e-06
172.0,8.000 MeV,7.978842666666668e-06
