A_physical,E_physical,Yield_pred
66,0.0,1.0454052e-07
66,1.0,8.409062e-08
66,2.0,2.4431472e-07
66,3.0,3.8325925e-07
66,4.0,5.0163617e-06
66,5.0,1.1751164e-05
66,6.0,1.4652114e-06
66,7.0,4.2070487e-06
66,8.0,1.0170068e-05
66,9.0,5.871958e-05
66,10.0,2.0942154e-05
66,11.0,6.4439473e-06
66,12.0,6.5185006e-05
66,13.0,1.9024794e-05
66,14.0,4.377471e-05
67,0.0,1.7072128e-07
67,1.0,1.5644133e-07
67,2.0,4.1934022e-08
67,3.0,5.589511e-07
67,4.0,4.426583e-06
67,5.0,1.5392183e-05
67,6.0,2.8660686e-05
67,7.0,5.9816663e-05
67,8.0,4.775444e-05
67,9.0,1.9397474e-05
67,10.0,1.0535729e-05
67,11.0,3.7910495e-06
67,12.0,8.589362e-06
67,13.0,3.6526373e-05
67,14.0,6.145984e-05
68,0.0,2.2774744e-08
68,1.0,3.4000168e-06
68,2.0,5.811286e-09
68,3.0,2.7958794e-07
68,4.0,1.9229496e-05
68,5.0,1.7071534e-05
68,6.0,7.872668e-06
68,7.0,2.1525857e-06
68,8.0,9.084458e-07
68,9.0,4.450299e-06
68,10.0,2.2551187e-05
68,11.0,0.00013059739
68,12.0,8.481492e-05
68,13.0,8.2589875e-05
68,14.0,8.977466e-05
69,0.0,4.6853066e-07
69,1.0,3.1046008e-07
69,2.0,1.1853427e-07
69,3.0,1.7266553e-06
69,4.0,2.0675361e-07
69,5.0,1.581967e-05
69,6.0,2.266703e-05
69,7.0,3.7509108e-05
69,8.0,5.217268e-05
69,9.0,5.977952e-05
69,10.0,7.047278e-05
69,11.0,7.976404e-05
69,12.0,0.00012330113
69,13.0,0.00018039232
69,14.0,0.00018826037
70,0.0,4.0669119e-07
70,1.0,1.44779615e-05
70,2.0,3.898258e-05
70,3.0,0.00011996452
70,4.0,0.00020934865
70,5.0,0.00022870087
70,6.0,0.000298328
70,7.0,0.00037790881
70,8.0,0.0004044159
70,9.0,0.0004223995
70,10.0,0.00039990645
70,11.0,0.0003491998
70,12.0,0.00030890218
70,13.0,0.0003143494
70,14.0,0.0003610192
71,0.0,2.3434737e-07
71,1.0,2.4816143e-07
71,2.0,1.9558423e-05
71,3.0,6.73605e-05
71,4.0,0.00019686452
71,5.0,0.00025319844
71,6.0,0.00025442988
71,7.0,0.000234525
71,8.0,0.00021892166
71,9.0,0.0002109969
71,10.0,0.00021755658
71,11.0,0.00028473008
71,12.0,0.00034619827
71,13.0,0.0003789627
71,14.0,0.0003828713
72,0.0,5.617105e-06
72,1.0,5.0667964e-05
72,2.0,0.00015435235
72,3.0,0.00040501816
72,4.0,0.00054492726
72,5.0,0.00074444176
72,6.0,0.00085014093
72,7.0,0.0008908002
72,8.0,0.0009589593
72,9.0,0.0009120057
72,10.0,0.00092320534
72,11.0,0.0010071999
72,12.0,0.0010324825
72,13.0,0.0010244799
72,14.0,0.0009590676
73,0.0,1.8749444e-05
73,1.0,0.00012368325
73,2.0,0.0003582753
73,3.0,0.0004815165
73,4.0,0.0007542856
73,5.0,0.0010841696
73,6.0,0.0012385081
73,7.0,0.0012910714
73,8.0,0.0013109428
73,9.0,0.0013369281
73,10.0,0.0014339762
73,11.0,0.0016977426
73,12.0,0.0019941018
73,13.0,0.0020152729
73,14.0,0.001835844
74,0.0,2.997603e-05
74,1.0,0.0001977187
74,2.0,0.00057063496
74,3.0,0.0010152882
74,4.0,0.001473568
74,5.0,0.0018406985
74,6.0,0.0020949314
74,7.0,0.0023123894
74,8.0,0.0026308547
74,9.0,0.0032084538
74,10.0,0.0038251164
74,11.0,0.0037760038
74,12.0,0.0035901386
74,13.0,0.003475936
74,14.0,0.003267942
75,0.0,0.0002383436
75,1.0,0.00082988496
75,2.0,0.002151686
75,3.0,0.0036726715
75,4.0,0.004653481
75,5.0,0.005093292
75,6.0,0.0051483084
75,7.0,0.004982523
75,8.0,0.004790092
75,9.0,0.004731477
75,10.0,0.0048951493
75,11.0,0.005194872
75,12.0,0.005475337
75,13.0,0.0055730264
75,14.0,0.005308463
76,0.0,0.00055572053
76,1.0,0.001904248
76,2.0,0.004203241
76,3.0,0.007008138
76,4.0,0.009778424
76,5.0,0.011035496
76,6.0,0.01079575
76,7.0,0.009894354
76,8.0,0.0089651765
76,9.0,0.008371661
76,10.0,0.008262892
76,11.0,0.008427562
76,12.0,0.008595217
76,13.0,0.008592452
76,14.0,0.00829192
77,0.0,0.0016958403
77,1.0,0.0042130263
77,2.0,0.006897911
77,3.0,0.008282046
77,4.0,0.009140095
77,5.0,0.009367119
77,6.0,0.009011023
77,7.0,0.008435793
77,8.0,0.007987442
77,9.0,0.007809289
77,10.0,0.0079110395
77,11.0,0.008160834
77,12.0,0.0085412655
77,13.0,0.008846397
77,14.0,0.008557096
78,0.0,0.0026490449
78,1.0,0.0054412773
78,2.0,0.008836886
78,3.0,0.0127927875
78,4.0,0.015379783
78,5.0,0.01573937
78,6.0,0.014700428
78,7.0,0.013245236
78,8.0,0.012138291
78,9.0,0.01169537
78,10.0,0.011981115
78,11.0,0.0128093995
78,12.0,0.013667872
78,13.0,0.013967912
78,14.0,0.013229561
79,0.0,0.0075172433
79,1.0,0.011726356
79,2.0,0.02026404
79,3.0,0.026280917
79,4.0,0.027857961
79,5.0,0.026431683
79,6.0,0.023387311
79,7.0,0.020081613
79,8.0,0.017480971
79,9.0,0.016326793
79,10.0,0.017127214
79,11.0,0.019427126
79,12.0,0.021676011
79,13.0,0.022138268
79,14.0,0.019460205
80,0.0,0.013938222
80,1.0,0.024671404
80,2.0,0.03311789
80,3.0,0.039159164
80,4.0,0.04327908
80,5.0,0.044615224
80,6.0,0.043984853
80,7.0,0.042882487
80,8.0,0.04210888
80,9.0,0.041932844
80,10.0,0.042482007
80,11.0,0.043553516
80,12.0,0.044837885
80,13.0,0.045608092
80,14.0,0.045136005
81,0.0,0.032365423
81,1.0,0.045000676
81,2.0,0.05967468
81,3.0,0.072293945
81,4.0,0.07722136
81,5.0,0.077050745
81,6.0,0.074620575
81,7.0,0.0715921
81,8.0,0.068904474
81,9.0,0.06710539
81,10.0,0.066335134
81,11.0,0.06644106
81,12.0,0.06692627
81,13.0,0.067157224
81,14.0,0.06677491
82,0.0,0.0429348
82,1.0,0.06118773
82,2.0,0.069596544
82,3.0,0.07676301
82,4.0,0.08077575
82,5.0,0.082166806
82,6.0,0.08234881
82,7.0,0.0823444
82,8.0,0.08270307
82,9.0,0.08357782
82,10.0,0.0847606
82,11.0,0.086019665
82,12.0,0.08746155
82,13.0,0.089302465
82,14.0,0.09222614
83,0.0,0.08610095
83,1.0,0.13130662
83,2.0,0.14967355
83,3.0,0.15198144
83,4.0,0.15064228
83,5.0,0.14865178
83,6.0,0.14678529
83,7.0,0.1453419
83,8.0,0.14443998
83,9.0,0.14399451
83,10.0,0.14367823
83,11.0,0.14391495
83,12.0,0.14588413
83,13.0,0.1506965
83,14.0,0.15885314
84,0.0,0.107638314
84,1.0,0.1356749
84,2.0,0.170576
84,3.0,0.18634132
84,4.0,0.18982308
84,5.0,0.1900706
84,6.0,0.19047157
84,7.0,0.19146986
84,8.0,0.19267957
84,9.0,0.19381684
84,10.0,0.19496308
84,11.0,0.19772337
84,12.0,0.20436645
84,13.0,0.21562733
84,14.0,0.22829565
85,0.0,0.23453198
85,1.0,0.2652649
85,2.0,0.2740414
85,3.0,0.27623022
85,4.0,0.27774915
85,5.0,0.28020135
85,6.0,0.28355518
85,7.0,0.28735268
85,8.0,0.29112414
85,9.0,0.29448235
85,10.0,0.29731548
85,11.0,0.30069083
85,12.0,0.30576572
85,13.0,0.31315064
85,14.0,0.32418078
86,0.0,0.27662498
86,1.0,0.29467586
86,2.0,0.3163201
86,3.0,0.31872013
86,4.0,0.3161709
86,5.0,0.3154785
86,6.0,0.31772435
86,7.0,0.32171717
86,8.0,0.32505107
86,9.0,0.3257659
86,10.0,0.32278553
86,11.0,0.31975624
86,12.0,0.32262546
86,13.0,0.33235168
86,14.0,0.3445998
87,0.0,0.41786274
87,1.0,0.41565704
87,2.0,0.40693074
87,3.0,0.40202504
87,4.0,0.39991823
87,5.0,0.40115607
87,6.0,0.40524527
87,7.0,0.41112772
87,8.0,0.41726136
87,9.0,0.42121148
87,10.0,0.42025816
87,11.0,0.41620648
87,12.0,0.4165874
87,13.0,0.42812186
87,14.0,0.44921073
88,0.0,0.53884345
88,1.0,0.5465762
88,2.0,0.5397484
88,3.0,0.5388147
88,4.0,0.54293984
88,5.0,0.545155
88,6.0,0.5464506
88,7.0,0.54744524
88,8.0,0.5471809
88,9.0,0.5444075
88,10.0,0.5387854
88,11.0,0.53250694
88,12.0,0.5268732
88,13.0,0.52436835
88,14.0,0.53079563
89,0.0,0.7429181
89,1.0,0.70496243
89,2.0,0.6727245
89,3.0,0.64933467
89,4.0,0.6375373
89,5.0,0.63354576
89,6.0,0.63368714
89,7.0,0.6359105
89,8.0,0.6395011
89,9.0,0.64304745
89,10.0,0.6444384
89,11.0,0.64311105
89,12.0,0.6402137
89,13.0,0.6378187
89,14.0,0.64072907
90,0.0,0.91777325
90,1.0,0.776221
90,2.0,0.7291329
90,3.0,0.75969046
90,4.0,0.77377003
90,5.0,0.77441925
90,6.0,0.77114
90,7.0,0.7640491
90,8.0,0.75372285
90,9.0,0.7491606
90,10.0,0.7467964
90,11.0,0.732375
90,12.0,0.72541195
90,13.0,0.716409
90,14.0,0.7177271
91,0.0,0.92018986
91,1.0,0.9079009
91,2.0,0.8880248
91,3.0,0.8731742
91,4.0,0.8624016
91,5.0,0.8556843
91,6.0,0.852865
91,7.0,0.8534461
91,8.0,0.85639924
91,9.0,0.8589941
91,10.0,0.8552215
91,11.0,0.8397708
91,12.0,0.8160817
91,13.0,0.79639107
91,14.0,0.7862948
92,0.0,0.9477305
92,1.0,0.9064528
92,2.0,0.8944005
92,3.0,0.8722488
92,4.0,0.8528054
92,5.0,0.8404646
92,6.0,0.8335746
92,7.0,0.82993776
92,8.0,0.8274015
92,9.0,0.82432026
92,10.0,0.8184875
92,11.0,0.8099553
92,12.0,0.8038409
92,13.0,0.80592704
92,14.0,0.8185498
93,0.0,0.92505157
93,1.0,0.9505734
93,2.0,0.9390517
93,3.0,0.9198749
93,4.0,0.905585
93,5.0,0.8949499
93,6.0,0.8836999
93,7.0,0.87019575
93,8.0,0.8577116
93,9.0,0.85044885
93,10.0,0.8496718
93,11.0,0.851639
93,12.0,0.8508912
93,13.0,0.84477603
93,14.0,0.8351204
94,0.0,1.018557
94,1.0,1.0106941
94,2.0,1.0060982
94,3.0,0.99631697
94,4.0,0.98115706
94,5.0,0.9640554
94,6.0,0.9475852
94,7.0,0.9326017
94,8.0,0.91948414
94,9.0,0.90778697
94,10.0,0.89484495
94,11.0,0.875821
94,12.0,0.85080886
94,13.0,0.82739204
94,14.0,0.8160697
95,0.0,0.99705976
95,1.0,0.9466482
95,2.0,0.9229067
95,3.0,0.9113849
95,4.0,0.90176356
95,5.0,0.8916804
95,6.0,0.8828852
95,7.0,0.87704104
95,8.0,0.8736644
95,9.0,0.8704658
95,10.0,0.86447465
95,11.0,0.8561097
95,12.0,0.84764004
95,13.0,0.8406063
95,14.0,0.83691317
96,0.0,0.944426
96,1.0,0.9817774
96,2.0,0.97276014
96,3.0,0.94605106
96,4.0,0.9146383
96,5.0,0.89030236
96,6.0,0.8739427
96,7.0,0.86383235
96,8.0,0.85757613
96,9.0,0.852089
96,10.0,0.8412827
96,11.0,0.8207387
96,12.0,0.7954405
96,13.0,0.77370137
96,14.0,0.76000804
97,0.0,0.8842183
97,1.0,0.88301617
97,2.0,0.8764425
97,3.0,0.85949373
97,4.0,0.8409135
97,5.0,0.8253649
97,6.0,0.8138016
97,7.0,0.8050811
97,8.0,0.7977254
97,9.0,0.79142666
97,10.0,0.7873989
97,11.0,0.7864677
97,12.0,0.78751636
97,13.0,0.7881991
97,14.0,0.7873532
98,0.0,0.92633617
98,1.0,0.92171293
98,2.0,0.91100955
98,3.0,0.88520926
98,4.0,0.8653505
98,5.0,0.85632724
98,6.0,0.85358375
98,7.0,0.8529479
98,8.0,0.8521912
98,9.0,0.85019636
98,10.0,0.84508616
98,11.0,0.8346691
98,12.0,0.82172096
98,13.0,0.8143082
98,14.0,0.8170648
99,0.0,0.884573
99,1.0,0.9104134
99,2.0,0.9320804
99,3.0,0.92097324
99,4.0,0.8955324
99,5.0,0.8695815
99,6.0,0.8488484
99,7.0,0.8321787
99,8.0,0.8174258
99,9.0,0.8032718
99,10.0,0.78892946
99,11.0,0.77530587
99,12.0,0.7651501
99,13.0,0.7612347
99,14.0,0.76523143
100,0.0,0.9287678
100,1.0,0.88530374
100,2.0,0.8392292
100,3.0,0.8047384
100,4.0,0.7833347
100,5.0,0.7738388
100,6.0,0.7724083
100,7.0,0.77424955
100,8.0,0.7748226
100,9.0,0.77090144
100,10.0,0.7626429
100,11.0,0.75864244
100,12.0,0.7621369
100,13.0,0.7657973
100,14.0,0.7686283
101,0.0,0.7715456
101,1.0,0.7929731
101,2.0,0.7892624
101,3.0,0.77937216
101,4.0,0.76846486
101,5.0,0.75892967
101,6.0,0.75123584
101,7.0,0.7445953
101,8.0,0.7379644
101,9.0,0.730357
101,10.0,0.7201164
101,11.0,0.7055727
101,12.0,0.6878362
101,13.0,0.6741502
101,14.0,0.6711217
102,0.0,0.61701214
102,1.0,0.6342411
102,2.0,0.62324375
102,3.0,0.6070902
102,4.0,0.595474
102,5.0,0.58635443
102,6.0,0.5782689
102,7.0,0.5703523
102,8.0,0.56204987
102,9.0,0.55362266
102,10.0,0.5455196
102,11.0,0.5384196
102,12.0,0.5320229
102,13.0,0.5280478
102,14.0,0.5311142
103,0.0,0.4427048
103,1.0,0.52697515
103,2.0,0.5603682
103,3.0,0.56481093
103,4.0,0.5567425
103,5.0,0.54526454
103,6.0,0.53374785
103,7.0,0.5232858
103,8.0,0.5143314
103,9.0,0.5071692
103,10.0,0.5009079
103,11.0,0.49448848
103,12.0,0.48805687
103,13.0,0.48288977
103,14.0,0.47999892
104,0.0,0.29461908
104,1.0,0.3265748
104,2.0,0.34998962
104,3.0,0.3588209
104,4.0,0.35942554
104,5.0,0.35864782
104,6.0,0.35860854
104,7.0,0.3602026
104,8.0,0.3630418
104,9.0,0.36580172
104,10.0,0.367019
104,11.0,0.36613885
104,12.0,0.36295387
104,13.0,0.35846454
104,14.0,0.35481203
105,0.0,0.14853406
105,1.0,0.2092167
105,2.0,0.24278912
105,3.0,0.25741315
105,4.0,0.26163855
105,5.0,0.26172006
105,6.0,0.26220784
105,7.0,0.26522657
105,8.0,0.27130145
105,9.0,0.2795458
105,10.0,0.2877217
105,11.0,0.2929953
105,12.0,0.29412177
105,13.0,0.28964972
105,14.0,0.27880695
106,0.0,0.068549
106,1.0,0.08998086
106,2.0,0.10190612
106,3.0,0.11624155
106,4.0,0.12839745
106,5.0,0.13749945
106,6.0,0.1448312
106,7.0,0.1518169
106,8.0,0.1596618
106,9.0,0.16883424
106,10.0,0.17991644
106,11.0,0.19281259
106,12.0,0.20379052
106,13.0,0.21053204
106,14.0,0.21243075
107,0.0,0.026806043
107,1.0,0.040589716
107,2.0,0.063005574
107,3.0,0.078531235
107,4.0,0.088852465
107,5.0,0.09841074
107,6.0,0.10626191
107,7.0,0.1129465
107,8.0,0.12026253
107,9.0,0.13092266
107,10.0,0.14798637
107,11.0,0.16692995
107,12.0,0.17835598
107,13.0,0.18121278
107,14.0,0.17722425
108,0.0,0.012799272
108,1.0,0.021042312
108,2.0,0.029894954
108,3.0,0.039372362
108,4.0,0.052594557
108,5.0,0.064393304
108,6.0,0.0729919
108,7.0,0.08050745
108,8.0,0.08882054
108,9.0,0.0978938
108,10.0,0.109016515
108,11.0,0.12635984
108,12.0,0.14390013
108,13.0,0.15387243
108,14.0,0.15645954
109,0.0,0.007004866
109,1.0,0.010764111
109,2.0,0.017489403
109,3.0,0.027963128
109,4.0,0.0441997
109,5.0,0.057864826
109,6.0,0.06674408
109,7.0,0.07294633
109,8.0,0.07955015
109,9.0,0.08934024
109,10.0,0.10577442
109,11.0,0.1298754
109,12.0,0.15289702
109,13.0,0.16602913
109,14.0,0.16800962
110,0.0,0.004161528
110,1.0,0.011585846
110,2.0,0.0232
110,3.0,0.033479925
110,4.0,0.041293856
110,5.0,0.049147513
110,6.0,0.05761258
110,7.0,0.0653714
110,8.0,0.07275356
110,9.0,0.08298139
110,10.0,0.100805424
110,11.0,0.12171148
110,12.0,0.14044842
110,13.0,0.15548384
110,14.0,0.15940915
111,0.0,0.0026359833
111,1.0,0.006675119
111,2.0,0.014377193
111,3.0,0.0265127
111,4.0,0.044489898
111,5.0,0.054084424
111,6.0,0.06127651
111,7.0,0.06664218
111,8.0,0.07152504
111,9.0,0.078232445
111,10.0,0.091388665
111,11.0,0.11400315
111,12.0,0.13564098
111,13.0,0.14775969
111,14.0,0.15024735
112,0.0,0.0022967204
112,1.0,0.0064510414
112,2.0,0.017151812
112,3.0,0.032388903
112,4.0,0.044037692
112,5.0,0.055094764
112,6.0,0.061112307
112,7.0,0.06501051
112,8.0,0.06943323
112,9.0,0.07475308
112,10.0,0.08226193
112,11.0,0.09537114
112,12.0,0.11427873
112,13.0,0.13265094
112,14.0,0.14144647
113,0.0,0.0023319132
113,1.0,0.0051355725
113,2.0,0.015780931
113,3.0,0.032633428
113,4.0,0.044600166
113,5.0,0.04947373
113,6.0,0.0555777
113,7.0,0.060713377
113,8.0,0.06455202
113,9.0,0.07180516
113,10.0,0.087786764
113,11.0,0.11013487
113,12.0,0.13359499
113,13.0,0.1532863
113,14.0,0.16137883
114,0.0,0.0021058857
114,1.0,0.0072488394
114,2.0,0.019238358
114,3.0,0.035907846
114,4.0,0.047861602
114,5.0,0.052899342
114,6.0,0.056575783
114,7.0,0.06119296
114,8.0,0.06787154
114,9.0,0.07799881
114,10.0,0.0931711
114,11.0,0.111885756
114,12.0,0.13235155
114,13.0,0.14878748
114,14.0,0.15464635
115,0.0,0.0029018857
115,1.0,0.010135129
115,2.0,0.019623462
115,3.0,0.0350792
115,4.0,0.049763665
115,5.0,0.059636552
115,6.0,0.06186734
115,7.0,0.06254797
115,8.0,0.06740339
115,9.0,0.0786363
115,10.0,0.098137416
115,11.0,0.12583756
115,12.0,0.15712526
115,13.0,0.17984353
115,14.0,0.18429194
116,0.0,0.0025047425
116,1.0,0.010500877
116,2.0,0.02178122
116,3.0,0.031072246
116,4.0,0.0397824
116,5.0,0.047857005
116,6.0,0.052982517
116,7.0,0.05618952
116,8.0,0.060020003
116,9.0,0.06611212
116,10.0,0.07649038
116,11.0,0.093600094
116,12.0,0.11530519
116,13.0,0.13209039
116,14.0,0.13557428
117,0.0,0.0029991986
117,1.0,0.0077622724
117,2.0,0.018833073
117,3.0,0.0323695
117,4.0,0.047103774
117,5.0,0.054325394
117,6.0,0.0588104
117,7.0,0.06255604
117,8.0,0.06812629
117,9.0,0.07833643
117,10.0,0.095490865
117,11.0,0.12125198
117,12.0,0.15405114
117,13.0,0.1760935
117,14.0,0.17891288
118,0.0,0.0021942148
118,1.0,0.0051773475
118,2.0,0.014860285
118,3.0,0.029048357
118,4.0,0.040661976
118,5.0,0.047974706
118,6.0,0.053918313
118,7.0,0.05868292
118,8.0,0.06297578
118,9.0,0.06854522
118,10.0,0.080920756
118,11.0,0.10396475
118,12.0,0.12862724
118,13.0,0.14765552
118,14.0,0.15352507
119,0.0,0.0022984503
119,1.0,0.005878991
119,2.0,0.01503333
119,3.0,0.027632926
119,4.0,0.039926462
119,5.0,0.04824422
119,6.0,0.056385662
119,7.0,0.06346145
119,8.0,0.07085229
119,9.0,0.08084015
119,10.0,0.09512123
119,11.0,0.11910346
119,12.0,0.15219718
119,13.0,0.17718488
119,14.0,0.18007345
120,0.0,0.0015950183
120,1.0,0.0054634986
120,2.0,0.00975721
120,3.0,0.022969257
120,4.0,0.033625122
120,5.0,0.04142523
120,6.0,0.04866935
120,7.0,0.053790048
120,8.0,0.058917433
120,9.0,0.06694163
120,10.0,0.08070259
120,11.0,0.10284053
120,12.0,0.13928176
120,13.0,0.16575919
120,14.0,0.17163125
121,0.0,0.0015110129
121,1.0,0.004026797
121,2.0,0.009136767
121,3.0,0.016307145
121,4.0,0.024305431
121,5.0,0.03436834
121,6.0,0.04498727
121,7.0,0.05223456
121,8.0,0.0576624
121,9.0,0.06438554
121,10.0,0.08012263
121,11.0,0.10925864
121,12.0,0.1443173
121,13.0,0.16973573
121,14.0,0.17343548
122,0.0,0.002082276
122,1.0,0.005332483
122,2.0,0.008547538
122,3.0,0.014992099
122,4.0,0.02419665
122,5.0,0.03016333
122,6.0,0.032685142
122,7.0,0.03567112
122,8.0,0.039627116
122,9.0,0.0466698
122,10.0,0.061295085
122,11.0,0.08181557
122,12.0,0.10851418
122,13.0,0.13045533
122,14.0,0.13909566
123,0.0,0.0018758699
123,1.0,0.0040988284
123,2.0,0.00894323
123,3.0,0.01249941
123,4.0,0.01917415
123,5.0,0.027308907
123,6.0,0.035332765
123,7.0,0.042882957
123,8.0,0.052831087
123,9.0,0.06480676
123,10.0,0.08165886
123,11.0,0.10840456
123,12.0,0.13402127
123,13.0,0.15126511
123,14.0,0.15848237
124,0.0,0.0028469905
124,1.0,0.007358571
124,2.0,0.011595089
124,3.0,0.015924996
124,4.0,0.021557666
124,5.0,0.030028952
124,6.0,0.037301034
124,7.0,0.04357635
124,8.0,0.05002883
124,9.0,0.057572134
124,10.0,0.0683706
124,11.0,0.08738813
124,12.0,0.11253112
124,13.0,0.13165541
124,14.0,0.14030778
125,0.0,0.0034017405
125,1.0,0.008933703
125,2.0,0.01441288
125,3.0,0.024782231
125,4.0,0.038315974
125,5.0,0.052541688
125,6.0,0.06582909
125,7.0,0.07826493
125,8.0,0.09174776
125,9.0,0.1082499
125,10.0,0.12853993
125,11.0,0.1492161
125,12.0,0.16717747
125,13.0,0.18092297
125,14.0,0.18684845
126,0.0,0.008321589
126,1.0,0.015511511
126,2.0,0.023661574
126,3.0,0.038813993
126,4.0,0.051562868
126,5.0,0.06500492
126,6.0,0.07809729
126,7.0,0.0893008
126,8.0,0.10161585
126,9.0,0.119174816
126,10.0,0.14256476
126,11.0,0.16542195
126,12.0,0.18349893
126,13.0,0.19699994
126,14.0,0.20651539
127,0.0,0.01947262
127,1.0,0.03467851
127,2.0,0.055545375
127,3.0,0.07523542
127,4.0,0.09834577
127,5.0,0.121416315
127,6.0,0.13991006
127,7.0,0.15459664
127,8.0,0.1691107
127,9.0,0.18631153
127,10.0,0.20680861
127,11.0,0.22689477
127,12.0,0.24431963
127,13.0,0.25858536
127,14.0,0.2667439
128,0.0,0.056704298
128,1.0,0.10532245
128,2.0,0.1406424
128,3.0,0.17163232
128,4.0,0.20358615
128,5.0,0.2342128
128,6.0,0.26161376
128,7.0,0.28496414
128,8.0,0.30443016
128,9.0,0.32054132
128,10.0,0.33221862
128,11.0,0.33760843
128,12.0,0.3389803
128,13.0,0.34299973
128,14.0,0.35756913
129,0.0,0.109661765
129,1.0,0.1737918
129,2.0,0.23740913
129,3.0,0.27901673
129,4.0,0.3022509
129,5.0,0.32272136
129,6.0,0.3377556
129,7.0,0.3492652
129,8.0,0.36379653
129,9.0,0.38579246
129,10.0,0.40943846
129,11.0,0.42982286
129,12.0,0.44714952
129,13.0,0.46167415
129,14.0,0.47594333
130,0.0,0.254985
130,1.0,0.32043266
130,2.0,0.38666016
130,3.0,0.44362977
130,4.0,0.47950435
130,5.0,0.5022434
130,6.0,0.52400696
130,7.0,0.54376394
130,8.0,0.5588929
130,9.0,0.56843346
130,10.0,0.5717186
130,11.0,0.57208776
130,12.0,0.571525
130,13.0,0.5751969
130,14.0,0.59101945
131,0.0,0.42469198
131,1.0,0.53352493
131,2.0,0.60687405
131,3.0,0.6420102
131,4.0,0.65299755
131,5.0,0.6584718
131,6.0,0.6662809
131,7.0,0.68340206
131,8.0,0.70838344
131,9.0,0.72311485
131,10.0,0.71285933
131,11.0,0.6974594
131,12.0,0.7024927
131,13.0,0.7239929
131,14.0,0.7523446
132,0.0,0.62581545
132,1.0,0.7114479
132,2.0,0.747675
132,3.0,0.7727001
132,4.0,0.7833097
132,5.0,0.7910512
132,6.0,0.80695385
132,7.0,0.8281264
132,8.0,0.84382564
132,9.0,0.8446689
132,10.0,0.82474935
132,11.0,0.7975071
132,12.0,0.78412396
132,13.0,0.7855186
132,14.0,0.8118844
133,0.0,0.8567244
133,1.0,1.0011612
133,2.0,0.9726006
133,3.0,0.94776505
133,4.0,0.94892627
133,5.0,0.9529142
133,6.0,0.9581372
133,7.0,0.97086
133,8.0,0.980905
133,9.0,0.9750943
133,10.0,0.95482177
133,11.0,0.9225819
133,12.0,0.8878933
133,13.0,0.8675239
133,14.0,0.8791737
134,0.0,1.2266809
134,1.0,1.1864372
134,2.0,1.1125752
134,3.0,1.0312175
134,4.0,0.9924751
134,5.0,0.9964905
134,6.0,1.0150526
134,7.0,1.033265
134,8.0,1.0453546
134,9.0,1.0454153
134,10.0,1.0249009
134,11.0,0.9809061
134,12.0,0.9249544
134,13.0,0.8866468
134,14.0,0.8883406
135,0.0,0.968402
135,1.0,0.9794945
135,2.0,0.9388333
135,3.0,0.9268916
135,4.0,0.93177474
135,5.0,0.93729454
135,6.0,0.94583154
135,7.0,0.9404237
135,8.0,0.9175653
135,9.0,0.8959187
135,10.0,0.8784324
135,11.0,0.8538402
135,12.0,0.83681816
135,13.0,0.8366853
135,14.0,0.856361
136,0.0,0.95256436
136,1.0,0.95860094
136,2.0,0.9401752
136,3.0,0.96632653
136,4.0,0.96251833
136,5.0,0.9299275
136,6.0,0.9002018
136,7.0,0.8850575
136,8.0,0.88213795
136,9.0,0.88261175
136,10.0,0.87460977
136,11.0,0.85780376
136,12.0,0.8404385
136,13.0,0.8286078
136,14.0,0.8350786
137,0.0,0.93245673
137,1.0,0.9361647
137,2.0,0.89605016
137,3.0,0.8971001
137,4.0,0.8985397
137,5.0,0.8909922
137,6.0,0.8862445
137,7.0,0.8818387
137,8.0,0.8754675
137,9.0,0.8683279
137,10.0,0.8591775
137,11.0,0.8496525
137,12.0,0.8437715
137,13.0,0.84100884
137,14.0,0.8617077
138,0.0,1.0305166
138,1.0,0.98178715
138,2.0,0.96255565
138,3.0,0.9517627
138,4.0,0.96157753
138,5.0,0.9713265
138,6.0,0.9715743
138,7.0,0.9616633
138,8.0,0.9438661
138,9.0,0.919026
138,10.0,0.88070077
138,11.0,0.8312564
138,12.0,0.7862209
138,13.0,0.7598125
138,14.0,0.7631195
139,0.0,1.1177257
139,1.0,0.9786241
139,2.0,0.9487656
139,3.0,0.9419516
139,4.0,0.94040924
139,5.0,0.93480986
139,6.0,0.92505884
139,7.0,0.9118779
139,8.0,0.89218813
139,9.0,0.8614271
139,10.0,0.8146797
139,11.0,0.7599651
139,12.0,0.7213254
139,13.0,0.7166083
139,14.0,0.7389153
140,0.0,0.9672332
140,1.0,0.8700716
140,2.0,0.82979745
140,3.0,0.82959956
140,4.0,0.8183562
140,5.0,0.7925478
140,6.0,0.76686466
140,7.0,0.7452924
140,8.0,0.7289731
140,9.0,0.7181737
140,10.0,0.7106506
140,11.0,0.7064534
140,12.0,0.70485497
140,13.0,0.7065433
140,14.0,0.72234756
141,0.0,0.9231804
141,1.0,0.9028119
141,2.0,0.82136756
141,3.0,0.7738287
141,4.0,0.76807994
141,5.0,0.77567834
141,6.0,0.7843125
141,7.0,0.78851044
141,8.0,0.78374565
141,9.0,0.7650898
141,10.0,0.72703445
141,11.0,0.6797832
141,12.0,0.64931035
141,13.0,0.6406105
141,14.0,0.65233475
142,0.0,0.9082014
142,1.0,0.8533544
142,2.0,0.8075176
142,3.0,0.78678447
142,4.0,0.77059543
142,5.0,0.75590616
142,6.0,0.7449787
142,7.0,0.73737067
142,8.0,0.7288744
142,9.0,0.71380544
142,10.0,0.6892692
142,11.0,0.66274804
142,12.0,0.6463266
142,13.0,0.6449976
142,14.0,0.65864736
143,0.0,0.87758005
143,1.0,0.86726236
143,2.0,0.809755
143,3.0,0.7803763
143,4.0,0.76787174
143,5.0,0.7537172
143,6.0,0.73949736
143,7.0,0.7224595
143,8.0,0.6982683
143,9.0,0.6635583
143,10.0,0.6217025
143,11.0,0.59165764
143,12.0,0.57433856
143,13.0,0.5647652
143,14.0,0.57574904
144,0.0,0.81225187
144,1.0,0.7211034
144,2.0,0.67480874
144,3.0,0.62212473
144,4.0,0.5862655
144,5.0,0.5636291
144,6.0,0.5498754
144,7.0,0.54199624
144,8.0,0.53739816
144,9.0,0.53335804
144,10.0,0.52423877
144,11.0,0.50443834
144,12.0,0.48206204
144,13.0,0.4675259
144,14.0,0.46498096
145,0.0,0.60803646
145,1.0,0.56104827
145,2.0,0.5599232
145,3.0,0.56332433
145,4.0,0.5650266
145,5.0,0.56854177
145,6.0,0.56700987
145,7.0,0.5568361
145,8.0,0.53903973
145,9.0,0.51386344
145,10.0,0.48119882
145,11.0,0.45060915
145,12.0,0.43116638
145,13.0,0.41876185
145,14.0,0.42008716
146,0.0,0.45123243
146,1.0,0.43593705
146,2.0,0.43172285
146,3.0,0.42681554
146,4.0,0.41996086
146,5.0,0.41107818
146,6.0,0.40267003
146,7.0,0.39465183
146,8.0,0.38541853
146,9.0,0.374684
146,10.0,0.3635095
146,11.0,0.35560507
146,12.0,0.34812856
146,13.0,0.34191853
146,14.0,0.34811667
147,0.0,0.35846874
147,1.0,0.35566434
147,2.0,0.344555
147,3.0,0.3361444
147,4.0,0.3338654
147,5.0,0.33488536
147,6.0,0.33462015
147,7.0,0.32985446
147,8.0,0.3194256
147,9.0,0.30472872
147,10.0,0.29164663
147,11.0,0.28292108
147,12.0,0.2762501
147,13.0,0.2726054
147,14.0,0.27380794
148,0.0,0.2179127
148,1.0,0.22493128
148,2.0,0.228264
148,3.0,0.22880162
148,4.0,0.22753505
148,5.0,0.22401534
148,6.0,0.22022887
148,7.0,0.21733728
148,8.0,0.2147864
148,9.0,0.21157107
148,10.0,0.20675378
148,11.0,0.20059949
148,12.0,0.19442375
148,13.0,0.18972299
148,14.0,0.18751155
149,0.0,0.1668437
149,1.0,0.17110288
149,2.0,0.18741232
149,3.0,0.19057061
149,4.0,0.18536516
149,5.0,0.17887753
149,6.0,0.17353718
149,7.0,0.16944182
149,8.0,0.16576043
149,9.0,0.16185176
149,10.0,0.15764116
149,11.0,0.15349196
149,12.0,0.15046677
149,13.0,0.14803642
149,14.0,0.14569268
150,0.0,0.091713175
150,1.0,0.10728212
150,2.0,0.12862962
150,3.0,0.13905174
150,4.0,0.13789055
150,5.0,0.13243464
150,6.0,0.12518963
150,7.0,0.11850198
150,8.0,0.11355304
150,9.0,0.110324025
150,10.0,0.107731365
150,11.0,0.10418694
150,12.0,0.09936855
150,13.0,0.094878525
150,14.0,0.09183629
151,0.0,0.07122181
151,1.0,0.090041205
151,2.0,0.10031458
151,3.0,0.106343016
151,4.0,0.107671864
151,5.0,0.10564369
151,6.0,0.1009734
151,7.0,0.09534121
151,8.0,0.0902711
151,9.0,0.08636429
151,10.0,0.08380765
151,11.0,0.081898615
151,12.0,0.07932503
151,13.0,0.07672858
151,14.0,0.07479376
152,0.0,0.03000857
152,1.0,0.043191556
152,2.0,0.05171336
152,3.0,0.05490157
152,4.0,0.055764794
152,5.0,0.05586536
152,6.0,0.054803133
152,7.0,0.05310514
152,8.0,0.051437717
152,9.0,0.04993137
152,10.0,0.04863529
152,11.0,0.047532335
152,12.0,0.046258714
152,13.0,0.04450974
152,14.0,0.042376507
153,0.0,0.016696358
153,1.0,0.030798974
153,2.0,0.042414244
153,3.0,0.04894361
153,4.0,0.05163757
153,5.0,0.050369527
153,6.0,0.046205048
153,7.0,0.04129118
153,8.0,0.037417985
153,9.0,0.03540814
153,10.0,0.035734437
153,11.0,0.03780158
153,12.0,0.039846126
153,13.0,0.04017785
153,14.0,0.038298108
154,0.0,0.012202455
154,1.0,0.020454679
154,2.0,0.025522187
154,3.0,0.029301416
154,4.0,0.030375151
154,5.0,0.029260466
154,6.0,0.026653176
154,7.0,0.023633543
154,8.0,0.02133082
154,9.0,0.020315018
154,10.0,0.020729434
154,11.0,0.021968884
154,12.0,0.022968864
154,13.0,0.022999829
154,14.0,0.02129026
155,0.0,0.0054758857
155,1.0,0.009751423
155,2.0,0.014242041
155,3.0,0.018466696
155,4.0,0.020264126
155,5.0,0.019787906
155,6.0,0.018060822
155,7.0,0.016214035
155,8.0,0.0146687105
155,9.0,0.013608625
155,10.0,0.013486569
155,11.0,0.0140566975
155,12.0,0.014531438
155,13.0,0.014201828
155,14.0,0.012840482
156,0.0,0.0016830493
156,1.0,0.0042706705
156,2.0,0.00780374
156,3.0,0.009998001
156,4.0,0.011446343
156,5.0,0.011935341
156,6.0,0.011776243
156,7.0,0.0113751665
156,8.0,0.011057896
156,9.0,0.011035227
156,10.0,0.011366825
156,11.0,0.011689764
156,12.0,0.011647196
156,13.0,0.011418079
156,14.0,0.011123976
157,0.0,0.00067074667
157,1.0,0.0020493288
157,2.0,0.0049097245
157,3.0,0.0071798256
157,4.0,0.0077817165
157,5.0,0.007395973
157,6.0,0.0064276387
157,7.0,0.005264815
157,8.0,0.0042783855
157,9.0,0.0036332968
157,10.0,0.0033605865
157,11.0,0.0033704846
157,12.0,0.0036004498
157,13.0,0.0039115157
157,14.0,0.003868175
158,0.0,0.0008385326
158,1.0,0.0017456561
158,2.0,0.0035367752
158,3.0,0.00513046
158,4.0,0.006310024
158,5.0,0.0068438463
158,6.0,0.0068084835
158,7.0,0.0063822907
158,8.0,0.0059195436
158,9.0,0.0056145447
158,10.0,0.0054172245
158,11.0,0.005253144
158,12.0,0.0050664153
158,13.0,0.0048638424
158,14.0,0.004606811
159,0.0,0.0002447354
159,1.0,0.00080092
159,2.0,0.0014785918
159,3.0,0.0022184348
159,4.0,0.0025960265
159,5.0,0.0026393076
159,6.0,0.002436265
159,7.0,0.0021245743
159,8.0,0.0018528582
159,9.0,0.001684455
159,10.0,0.0016228324
159,11.0,0.0016250074
159,12.0,0.0016364449
159,13.0,0.0016136238
159,14.0,0.0014866942
160,0.0,9.885609e-05
160,1.0,0.0005129651
160,2.0,0.0015704231
160,3.0,0.0023321446
160,4.0,0.0024081233
160,5.0,0.002413383
160,6.0,0.002521032
160,7.0,0.0025945327
160,8.0,0.0025786746
160,9.0,0.0024053731
160,10.0,0.0020652546
160,11.0,0.0017257038
160,12.0,0.0015330061
160,13.0,0.0014292719
160,14.0,0.0013311307
161,0.0,4.4963317e-06
161,1.0,0.00014177321
161,2.0,0.0003309475
161,3.0,0.00041946294
161,4.0,0.00056245417
161,5.0,0.0006074679
161,6.0,0.00059656193
161,7.0,0.0005713939
161,8.0,0.0005526211
161,9.0,0.0005644473
161,10.0,0.0006357077
161,11.0,0.0007267377
161,12.0,0.00077525276
161,13.0,0.0007759013
161,14.0,0.00072521076
162,0.0,2.1065543e-05
162,1.0,6.188265e-05
162,2.0,9.3482675e-05
162,3.0,0.00015570043
162,4.0,0.000205138
162,5.0,0.00018460439
162,6.0,0.00018474873
162,7.0,0.00019990718
162,8.0,0.00024294665
162,9.0,0.0002988424
162,10.0,0.0002821072
162,11.0,0.00032808483
162,12.0,0.0004723802
162,13.0,0.00063345814
162,14.0,0.0007201026
163,0.0,2.2993122e-06
163,1.0,5.033526e-06
163,2.0,4.2792493e-05
163,3.0,0.000102255304
163,4.0,0.00021148544
163,5.0,0.00028647736
163,6.0,0.00039212938
163,7.0,0.00044600462
163,8.0,0.0003611748
163,9.0,0.00027083224
163,10.0,0.00020940595
163,11.0,0.00019626027
163,12.0,0.0002228891
163,13.0,0.00024871362
163,14.0,0.0002492489
164,0.0,4.9566387e-07
164,1.0,2.685878e-05
164,2.0,1.217876e-05
164,3.0,7.940224e-06
164,4.0,3.1728614e-05
164,5.0,3.176666e-05
164,6.0,0.00012822797
164,7.0,0.00015328109
164,8.0,0.00016035476
164,9.0,0.0002058798
164,10.0,0.00026092352
164,11.0,0.00031523104
164,12.0,0.00034961535
164,13.0,0.0002943078
164,14.0,0.00025222424
165,0.0,3.3809405e-07
165,1.0,3.5782566e-07
165,2.0,3.9083757e-06
165,3.0,8.057762e-06
165,4.0,2.6527841e-05
165,5.0,8.118766e-05
165,6.0,0.00010749324
165,7.0,0.00014901799
165,8.0,0.00017642525
165,9.0,0.00014218457
165,10.0,9.914153e-05
165,11.0,6.910563e-05
165,12.0,0.00010307729
165,13.0,0.00011150313
165,14.0,0.00010460525
166,0.0,2.2128015e-07
166,1.0,6.8316616e-08
166,2.0,1.795337e-07
166,3.0,6.5461256e-07
166,4.0,5.4796794e-07
166,5.0,3.2067797e-07
166,6.0,3.4179914e-07
166,7.0,2.6018864e-07
166,8.0,4.3928776e-07
166,9.0,2.776072e-06
166,10.0,1.0938809e-05
166,11.0,4.46365e-05
166,12.0,6.716335e-05
166,13.0,7.9501086e-05
166,14.0,5.5076413e-05
167,0.0,1.5563637e-07
167,1.0,7.436477e-08
167,2.0,2.224979e-07
167,3.0,4.849614e-05
167,4.0,6.277672e-05
167,5.0,6.880378e-05
167,6.0,5.4915567e-05
167,7.0,2.1992471e-05
167,8.0,2.3611827e-05
167,9.0,6.871043e-06
167,10.0,8.653349e-07
167,11.0,6.7572564e-06
167,12.0,4.44415e-05
167,13.0,3.053254e-05
167,14.0,2.6957825e-05
168,0.0,3.4618846e-08
168,1.0,6.0404815e-08
168,2.0,3.8287798e-08
168,3.0,9.393455e-09
168,4.0,1.1781127e-08
168,5.0,1.272319e-08
168,6.0,2.7867388e-08
168,7.0,4.368104e-08
168,8.0,4.3612026e-08
168,9.0,8.409443e-08
168,10.0,1.051698e-07
168,11.0,4.9891406e-07
168,12.0,5.0973057e-07
168,13.0,1.3777342e-06
168,14.0,1.1551156e-05
169,0.0,2.5532877e-08
169,1.0,1.023384e-08
169,2.0,6.154728e-09
169,3.0,3.8441788e-09
169,4.0,6.348693e-09
169,5.0,1.05514975e-08
169,6.0,1.6085965e-08
169,7.0,1.9900343e-08
169,8.0,2.6659723e-08
169,9.0,1.7600473e-07
169,10.0,1.1528515e-06
169,11.0,1.446607e-06
169,12.0,8.637652e-07
169,13.0,9.39762e-07
169,14.0,8.330224e-07
170,0.0,2.653479e-08
170,1.0,1.7946055e-08
170,2.0,2.5972502e-08
170,3.0,1.0516264e-07
170,4.0,2.1175718e-07
170,5.0,2.747546e-07
170,6.0,2.5054433e-07
170,7.0,1.7653356e-07
170,8.0,1.2416398e-07
170,9.0,1.424731e-07
170,10.0,2.0345253e-07
170,11.0,2.6502664e-07
170,12.0,4.844956e-07
170,13.0,7.6010514e-07
170,14.0,1.1092718e-06
171,0.0,5.1968625e-09
171,1.0,1.8932003e-08
171,2.0,3.9680234e-08
171,3.0,4.6885617e-08
171,4.0,9.2237194e-08
171,5.0,6.902433e-08
171,6.0,4.1488804e-08
171,7.0,4.6018062e-08
171,8.0,6.111401e-08
171,9.0,7.3216235e-08
171,10.0,7.4181905e-08
171,11.0,6.297691e-08
171,12.0,7.0253236e-08
171,13.0,1.2480047e-07
171,14.0,1.4286552e-07
172,0.0,2.660635e-08
172,1.0,5.5099956e-09
172,2.0,9.556719e-09
172,3.0,9.620605e-09
172,4.0,6.8100148e-09
172,5.0,7.3160957e-09
172,6.0,1.1825472e-08
172,7.0,1.7848652e-08
172,8.0,2.5896181e-08
172,9.0,3.014096e-08
172,10.0,2.6011342e-08
172,11.0,2.5815918e-08
172,12.0,2.8932853e-08
172,13.0,2.3739085e-08
172,14.0,2.2628765e-08
