A_physical,E_physical,Yield_pred
65.99999998,0.0,1.670852e-07
65.99999998,1.0,2.0752161e-07
65.99999998,2.0,2.7147e-07
65.99999998,3.0,4.1440674e-07
65.99999998,4.0,7.343892e-07
65.99999998,5.0,1.4931903e-06
65.99999998,6.0,2.9509e-06
65.99999998,7.0,7.29359e-06
65.99999998,8.0,1.5608597e-05
65.99999998,9.0,3.1257776e-05
65.99999998,10.0,6.613601e-05
65.99999998,11.0,0.00011876537
65.99999998,12.0,0.00019491637
65.99999998,13.0,0.00029951634
65.99999998,14.0,0.00044763554
67.0,0.0,1.0652726e-06
67.0,1.0,1.0674416e-06
67.0,2.0,1.1461105e-06
67.0,3.0,1.5943303e-06
67.0,4.0,3.0127296e-06
67.0,5.0,5.840053e-06
67.0,6.0,1.1351376e-05
67.0,7.0,2.1850597e-05
67.0,8.0,3.6449463e-05
67.0,9.0,6.1891486e-05
67.0,10.0,0.00010542943
67.0,11.0,0.00017451412
67.0,12.0,0.00028406907
67.0,13.0,0.0004536304
67.0,14.0,0.0006728453
68.00000002,0.0,1.2058405e-06
68.00000002,1.0,1.5800276e-06
68.00000002,2.0,2.6522887e-06
68.00000002,3.0,4.7979743e-06
68.00000002,4.0,9.368822e-06
68.00000002,5.0,1.8418938e-05
68.00000002,6.0,3.3061373e-05
68.00000002,7.0,5.755266e-05
68.00000002,8.0,9.343557e-05
68.00000002,9.0,0.00014288636
68.00000002,10.0,0.00021867985
68.00000002,11.0,0.00031956047
68.00000002,12.0,0.00043054417
68.00000002,13.0,0.00054862787
68.00000002,14.0,0.0006666759
69.00000004,0.0,1.255498e-06
69.00000004,1.0,1.4985541e-06
69.00000004,2.0,2.113508e-06
69.00000004,3.0,4.118576e-06
69.00000004,4.0,7.769747e-06
69.00000004,5.0,1.5788606e-05
69.00000004,6.0,3.1952408e-05
69.00000004,7.0,6.373461e-05
69.00000004,8.0,0.000114384806
69.00000004,9.0,0.00020278558
69.00000004,10.0,0.00033400615
69.00000004,11.0,0.00050996966
69.00000004,12.0,0.0007419647
69.00000004,13.0,0.0010394367
69.00000004,14.0,0.0013804549
70.0,0.0,1.7526651e-06
70.0,1.0,2.132448e-06
70.0,2.0,2.94067e-06
70.0,3.0,4.3776286e-06
70.0,4.0,7.653644e-06
70.0,5.0,1.662439e-05
70.0,6.0,3.6617923e-05
70.0,7.0,7.328805e-05
70.0,8.0,0.00013795761
70.0,9.0,0.0002481671
70.0,10.0,0.00041456267
70.0,11.0,0.00066252594
70.0,12.0,0.00096171885
70.0,13.0,0.0013065371
70.0,14.0,0.0016434976
71.00000002000002,0.0,3.1808297e-06
71.00000002000002,1.0,6.5092117e-06
71.00000002000002,2.0,1.19196975e-05
71.00000002000002,3.0,2.148251e-05
71.00000002000002,4.0,3.6831807e-05
71.00000002000002,5.0,6.27269e-05
71.00000002000002,6.0,0.0001022121
71.00000002000002,7.0,0.00016681402
71.00000002000002,8.0,0.00027630065
71.00000002000002,9.0,0.00045350674
71.00000002000002,10.0,0.0007278301
71.00000002000002,11.0,0.0011520926
71.00000002000002,12.0,0.0017910383
71.00000002000002,13.0,0.0026560372
71.00000002000002,14.0,0.0036757812
71.99999998000001,0.0,1.0273321e-05
71.99999998000001,1.0,1.5658627e-05
71.99999998000001,2.0,2.5853133e-05
71.99999998000001,3.0,4.4083634e-05
71.99999998000001,4.0,7.607924e-05
71.99999998000001,5.0,0.00012322707
71.99999998000001,6.0,0.00020936623
71.99999998000001,7.0,0.00036012018
71.99999998000001,8.0,0.00057177444
71.99999998000001,9.0,0.00087383064
71.99999998000001,10.0,0.0012236913
71.99999998000001,11.0,0.0016329859
71.99999998000001,12.0,0.0020982747
71.99999998000001,13.0,0.0026127384
71.99999998000001,14.0,0.003170653
73.00000000000001,0.0,7.222397e-05
73.00000000000001,1.0,0.000109780754
73.00000000000001,2.0,0.00016455821
73.00000000000001,3.0,0.00025626222
73.00000000000001,4.0,0.00044097973
73.00000000000001,5.0,0.00078198896
73.00000000000001,6.0,0.0012733798
73.00000000000001,7.0,0.0019754674
73.00000000000001,8.0,0.002695114
73.00000000000001,9.0,0.003313426
73.00000000000001,10.0,0.0038059223
73.00000000000001,11.0,0.0043598227
73.00000000000001,12.0,0.005383746
73.00000000000001,13.0,0.007106925
73.00000000000001,14.0,0.009118774
74.00000002,0.0,0.00035841315
74.00000002,1.0,0.00045973092
74.00000002,2.0,0.00060199056
74.00000002,3.0,0.0008017389
74.00000002,4.0,0.0010837513
74.00000002,5.0,0.0014892728
74.00000002,6.0,0.002102015
74.00000002,7.0,0.003063222
74.00000002,8.0,0.0044134753
74.00000002,9.0,0.00619015
74.00000002,10.0,0.008193776
74.00000002,11.0,0.01051187
74.00000002,12.0,0.013253386
74.00000002,13.0,0.016177706
74.00000002,14.0,0.018859345
74.99999998,0.0,0.0008735987
74.99999998,1.0,0.0013664175
74.99999998,2.0,0.0020300979
74.99999998,3.0,0.002890576
74.99999998,4.0,0.0039258827
74.99999998,5.0,0.005137929
74.99999998,6.0,0.0066322098
74.99999998,7.0,0.00862213
74.99999998,8.0,0.011203813
74.99999998,9.0,0.014318079
74.99999998,10.0,0.017448116
74.99999998,11.0,0.019937389
74.99999998,12.0,0.021798268
74.99999998,13.0,0.023587666
74.99999998,14.0,0.025596326
76.00000000000001,0.0,0.0029897487
76.00000000000001,1.0,0.004285259
76.00000000000001,2.0,0.0059702843
76.00000000000001,3.0,0.008008798
76.00000000000001,4.0,0.010379354
76.00000000000001,5.0,0.013188112
76.00000000000001,6.0,0.016758546
76.00000000000001,7.0,0.021586135
76.00000000000001,8.0,0.02755823
76.00000000000001,9.0,0.035266723
76.00000000000001,10.0,0.0451529
76.00000000000001,11.0,0.056243103
76.00000000000001,12.0,0.06630775
76.00000000000001,13.0,0.07369629
76.00000000000001,14.0,0.07807627
77.00000002000002,0.0,0.006353111
77.00000002000002,1.0,0.009157258
77.00000002000002,2.0,0.012894922
77.00000002000002,3.0,0.018127477
77.00000002000002,4.0,0.024957195
77.00000002000002,5.0,0.03316254
77.00000002000002,6.0,0.044876043
77.00000002000002,7.0,0.059150588
77.00000002000002,8.0,0.07247446
77.00000002000002,9.0,0.08337258
77.00000002000002,10.0,0.091196775
77.00000002000002,11.0,0.09545422
77.00000002000002,12.0,0.09644941
77.00000002000002,13.0,0.095535606
77.00000002000002,14.0,0.09354447
77.99999998000001,0.0,0.013164273
77.99999998000001,1.0,0.020637032
77.99999998000001,2.0,0.03086903
77.99999998000001,3.0,0.0472567
77.99999998000001,4.0,0.06975004
77.99999998000001,5.0,0.09550845
77.99999998000001,6.0,0.12789017
77.99999998000001,7.0,0.16629435
77.99999998000001,8.0,0.20645916
77.99999998000001,9.0,0.24364294
77.99999998000001,10.0,0.2767934
77.99999998000001,11.0,0.3076393
77.99999998000001,12.0,0.3378724
77.99999998000001,13.0,0.36418244
77.99999998000001,14.0,0.3769654
79.00000000000001,0.0,0.035016507
79.00000000000001,1.0,0.0452035
79.00000000000001,2.0,0.060037807
79.00000000000001,3.0,0.081714824
79.00000000000001,4.0,0.10716279
79.00000000000001,5.0,0.13715878
79.00000000000001,6.0,0.17898414
79.00000000000001,7.0,0.2366593
79.00000000000001,8.0,0.3045882
79.00000000000001,9.0,0.37579495
79.00000000000001,10.0,0.43711448
79.00000000000001,11.0,0.4791059
79.00000000000001,12.0,0.4979631
79.00000000000001,13.0,0.49397725
79.00000000000001,14.0,0.47053695
80.00000002000002,0.0,0.07441009
80.00000002000002,1.0,0.10420193
80.00000002000002,2.0,0.14134139
80.00000002000002,3.0,0.18202755
80.00000002000002,4.0,0.22936118
80.00000002000002,5.0,0.27918926
80.00000002000002,6.0,0.3260292
80.00000002000002,7.0,0.36714172
80.00000002000002,8.0,0.40121213
80.00000002000002,9.0,0.42745134
80.00000002000002,10.0,0.44593525
80.00000002000002,11.0,0.4554966
80.00000002000002,12.0,0.45520195
80.00000002000002,13.0,0.44508705
80.00000002000002,14.0,0.42618626
80.99999998,0.0,0.117000975
80.99999998,1.0,0.15900484
80.99999998,2.0,0.20515251
80.99999998,3.0,0.25391945
80.99999998,4.0,0.30658424
80.99999998,5.0,0.36649016
80.99999998,6.0,0.43257263
80.99999998,7.0,0.4976137
80.99999998,8.0,0.5525506
80.99999998,9.0,0.5918609
80.99999998,10.0,0.6128019
80.99999998,11.0,0.61351985
80.99999998,12.0,0.5931645
80.99999998,13.0,0.55454993
80.99999998,14.0,0.5050487
82.0,0.0,0.29139313
82.0,1.0,0.37670594
82.0,2.0,0.4796976
82.0,3.0,0.6099947
82.0,4.0,0.7374602
82.0,5.0,0.84016126
82.0,6.0,0.91811794
82.0,7.0,0.9723363
82.0,8.0,0.99713
82.0,9.0,0.98973036
82.0,10.0,0.955737
82.0,11.0,0.90629375
82.0,12.0,0.85250586
82.0,13.0,0.80009675
82.0,14.0,0.74521965
83.00000002,0.0,0.54678684
83.00000002,1.0,0.67007494
83.00000002,2.0,0.806655
83.00000002,3.0,0.9776958
83.00000002,4.0,1.1691995
83.00000002,5.0,1.3290633
83.00000002,6.0,1.4421233
83.00000002,7.0,1.5047034
83.00000002,8.0,1.519324
83.00000002,9.0,1.4930751
83.00000002,10.0,1.4344951
83.00000002,11.0,1.3478069
83.00000002,12.0,1.234066
83.00000002,13.0,1.1030895
83.00000002,14.0,0.97349596
83.99999998000001,0.0,0.76799417
83.99999998000001,1.0,0.92026645
83.99999998000001,2.0,1.0648798
83.99999998000001,3.0,1.1961864
83.99999998000001,4.0,1.3167031
83.99999998000001,5.0,1.4299861
83.99999998000001,6.0,1.5245408
83.99999998000001,7.0,1.5860018
83.99999998000001,8.0,1.6072574
83.99999998000001,9.0,1.5872517
83.99999998000001,10.0,1.5297921
83.99999998000001,11.0,1.442745
83.99999998000001,12.0,1.3332449
83.99999998000001,13.0,1.2068166
83.99999998000001,14.0,1.0685153
85.0,0.0,1.3824674
85.0,1.0,1.6488017
85.0,2.0,1.9233608
85.0,3.0,2.1879103
85.0,4.0,2.4308977
85.0,5.0,2.6251328
85.0,6.0,2.744354
85.0,7.0,2.787306
85.0,8.0,2.7452247
85.0,9.0,2.5990932
85.0,10.0,2.3458345
85.0,11.0,2.0174303
85.0,12.0,1.6831039
85.0,13.0,1.3943273
85.0,14.0,1.1490743
86.00000002000002,0.0,2.2028196
86.00000002000002,1.0,2.4440625
86.00000002000002,2.0,3.0071833
86.00000002000002,3.0,3.520099
86.00000002000002,4.0,3.8425407
86.00000002000002,5.0,3.9685462
86.00000002000002,6.0,3.9172215
86.00000002000002,7.0,3.7312522
86.00000002000002,8.0,3.4412162
86.00000002000002,9.0,3.040959
86.00000002000002,10.0,2.6191466
86.00000002000002,11.0,2.3113883
86.00000002000002,12.0,2.1406906
86.00000002000002,13.0,2.1114194
86.00000002000002,14.0,2.0113435
86.99999998000001,0.0,1.9962159
86.99999998000001,1.0,2.2864532
86.99999998000001,2.0,2.5730646
86.99999998000001,3.0,2.8165812
86.99999998000001,4.0,2.97175
86.99999998000001,5.0,3.014908
86.99999998000001,6.0,2.9528432
86.99999998000001,7.0,2.806531
86.99999998000001,8.0,2.6009636
86.99999998000001,9.0,2.373146
86.99999998000001,10.0,2.1808486
86.99999998000001,11.0,2.0694225
86.99999998000001,12.0,1.9630669
86.99999998000001,13.0,1.7998638
86.99999998000001,14.0,1.5322282
88.00000000000001,0.0,3.4628825
88.00000000000001,1.0,3.5811512
88.00000000000001,2.0,3.6643012
88.00000000000001,3.0,3.7404175
88.00000000000001,4.0,3.8121922
88.00000000000001,5.0,3.8813462
88.00000000000001,6.0,3.933
88.00000000000001,7.0,3.9488983
88.00000000000001,8.0,3.8955414
88.00000000000001,9.0,3.7794406
88.00000000000001,10.0,3.7567916
88.00000000000001,11.0,3.8573532
88.00000000000001,12.0,3.826601
88.00000000000001,13.0,3.8739922
88.00000000000001,14.0,3.2197714
88.99999996,0.0,3.9480062
88.99999996,1.0,4.2629604
88.99999996,2.0,4.398959
88.99999996,3.0,4.409939
88.99999996,4.0,4.358646
88.99999996,5.0,4.222259
88.99999996,6.0,4.0945964
88.99999996,7.0,4.0128217
88.99999996,8.0,3.9232557
88.99999996,9.0,3.824156
88.99999996,10.0,3.8123863
88.99999996,11.0,3.7875779
88.99999996,12.0,3.5550244
88.99999996,13.0,3.2812846
88.99999996,14.0,3.0683804
89.99999998000001,0.0,5.312535
89.99999998000001,1.0,5.4793615
89.99999998000001,2.0,5.6109457
89.99999998000001,3.0,5.660326
89.99999998000001,4.0,5.5286665
89.99999998000001,5.0,5.17443
89.99999998000001,6.0,4.8063893
89.99999998000001,7.0,4.6200647
89.99999998000001,8.0,4.5489473
89.99999998000001,9.0,4.4650736
89.99999998000001,10.0,4.281515
89.99999998000001,11.0,3.9774492
89.99999998000001,12.0,3.6190264
89.99999998000001,13.0,3.2915745
89.99999998000001,14.0,3.0154305
91.00000000000001,0.0,6.2789226
91.00000000000001,1.0,6.4772024
91.00000000000001,2.0,6.527559
91.00000000000001,3.0,6.3833194
91.00000000000001,4.0,6.0268884
91.00000000000001,5.0,5.5694847
91.00000000000001,6.0,5.202175
91.00000000000001,7.0,4.9599595
91.00000000000001,8.0,4.797339
91.00000000000001,9.0,4.6846414
91.00000000000001,10.0,4.567985
91.00000000000001,11.0,4.4202614
91.00000000000001,12.0,4.235544
91.00000000000001,13.0,4.0762515
91.00000000000001,14.0,4.0197186
92.00000002000002,0.0,5.93489
92.00000002000002,1.0,6.27569
92.00000002000002,2.0,6.551978
92.00000002000002,3.0,6.764466
92.00000002000002,4.0,6.785181
92.00000002000002,5.0,6.500542
92.00000002000002,6.0,6.162545
92.00000002000002,7.0,5.8883524
92.00000002000002,8.0,5.662044
92.00000002000002,9.0,5.451433
92.00000002000002,10.0,5.2438555
92.00000002000002,11.0,5.035653
92.00000002000002,12.0,4.826839
92.00000002000002,13.0,4.587009
92.00000002000002,14.0,4.2278633
93.00000004,0.0,6.942129
93.00000004,1.0,7.2951427
93.00000004,2.0,7.570266
93.00000004,3.0,7.730506
93.00000004,4.0,7.750926
93.00000004,5.0,7.629681
93.00000004,6.0,7.341807
93.00000004,7.0,6.856258
93.00000004,8.0,6.2980905
93.00000004,9.0,5.797831
93.00000004,10.0,5.320716
93.00000004,11.0,4.859116
93.00000004,12.0,4.4631543
93.00000004,13.0,4.179375
93.00000004,14.0,4.0129457
94.00000000000001,0.0,6.410623
94.00000000000001,1.0,6.5515895
94.00000000000001,2.0,6.674719
94.00000000000001,3.0,6.808537
94.00000000000001,4.0,6.885789
94.00000000000001,5.0,6.757317
94.00000000000001,6.0,6.3592706
94.00000000000001,7.0,5.8972106
94.00000000000001,8.0,5.506831
94.00000000000001,9.0,5.1489224
94.00000000000001,10.0,4.808761
94.00000000000001,11.0,4.5099936
94.00000000000001,12.0,4.3254886
94.00000000000001,13.0,4.2501736
94.00000000000001,14.0,3.999248
95.00000002000002,0.0,6.3930116
95.00000002000002,1.0,6.6892304
95.00000002000002,2.0,6.8351398
95.00000002000002,3.0,6.8037434
95.00000002000002,4.0,6.72455
95.00000002000002,5.0,6.62457
95.00000002000002,6.0,6.428318
95.00000002000002,7.0,6.0672107
95.00000002000002,8.0,5.635469
95.00000002000002,9.0,5.2631984
95.00000002000002,10.0,4.9741244
95.00000002000002,11.0,4.8229237
95.00000002000002,12.0,4.7167773
95.00000002000002,13.0,4.5352144
95.00000002000002,14.0,4.253714
95.99999998,0.0,5.9147115
95.99999998,1.0,6.048953
95.99999998,2.0,6.278108
95.99999998,3.0,6.4909606
95.99999998,4.0,6.5936513
95.99999998,5.0,6.4877462
95.99999998,6.0,6.1404405
95.99999998,7.0,5.6941123
95.99999998,8.0,5.356369
95.99999998,9.0,5.0832906
95.99999998,10.0,4.8454804
95.99999998,11.0,4.653504
95.99999998,12.0,4.513664
95.99999998,13.0,4.449022
95.99999998,14.0,4.4163337
97.0,0.0,3.8496935
97.0,1.0,4.0642285
97.0,2.0,4.2776146
97.0,3.0,4.4693503
97.0,4.0,4.6368732
97.0,5.0,4.8202715
97.0,6.0,5.0794315
97.0,7.0,5.338464
97.0,8.0,5.4824038
97.0,9.0,5.47003
97.0,10.0,5.3265657
97.0,11.0,5.124914
97.0,12.0,4.891153
97.0,13.0,4.631668
97.0,14.0,4.5594873
98.00000002,0.0,4.339799
98.00000002,1.0,4.6583185
98.00000002,2.0,5.0500574
98.00000002,3.0,5.4259963
98.00000002,4.0,5.675303
98.00000002,5.0,5.717323
98.00000002,6.0,5.5632777
98.00000002,7.0,5.3454785
98.00000002,8.0,5.0788426
98.00000002,9.0,4.7874928
98.00000002,10.0,4.5170927
98.00000002,11.0,4.2350125
98.00000002,12.0,3.9880557
98.00000002,13.0,3.9777844
98.00000002,14.0,3.882592
98.99999998000001,0.0,5.3138447
98.99999998000001,1.0,5.9301605
98.99999998000001,2.0,6.1691637
98.99999998000001,3.0,6.3313494
98.99999998000001,4.0,6.4617963
98.99999998000001,5.0,6.5316176
98.99999998000001,6.0,6.4084296
98.99999998000001,7.0,5.9826865
98.99999998000001,8.0,5.485538
98.99999998000001,9.0,5.1492887
98.99999998000001,10.0,4.9084125
98.99999998000001,11.0,4.7570496
98.99999998000001,12.0,4.5638914
98.99999998000001,13.0,4.2254086
98.99999998000001,14.0,3.8425713
100.0,0.0,5.2120132
100.0,1.0,5.563429
100.0,2.0,5.9066005
100.0,3.0,6.2060127
100.0,4.0,6.427931
100.0,5.0,6.536655
100.0,6.0,6.4729476
100.0,7.0,6.1626973
100.0,8.0,5.6633177
100.0,9.0,5.2456903
100.0,10.0,4.9487906
100.0,11.0,4.6584454
100.0,12.0,4.3446913
100.0,13.0,4.0315857
100.0,14.0,3.7407377
101.00000002,0.0,5.129695
101.00000002,1.0,5.570954
101.00000002,2.0,5.6605263
101.00000002,3.0,5.734322
101.00000002,4.0,5.699019
101.00000002,5.0,5.4897623
101.00000002,6.0,5.218846
101.00000002,7.0,4.948868
101.00000002,8.0,4.6821938
101.00000002,9.0,4.4302917
101.00000002,10.0,4.243618
101.00000002,11.0,4.1948457
101.00000002,12.0,4.2031574
101.00000002,13.0,4.033538
101.00000002,14.0,3.6992378
101.99999998000001,0.0,3.2424865
101.99999998000001,1.0,3.6928139
101.99999998000001,2.0,4.2083826
101.99999998000001,3.0,4.644609
101.99999998000001,4.0,4.9119225
101.99999998000001,5.0,4.9991307
101.99999998000001,6.0,4.9285803
101.99999998000001,7.0,4.7384496
101.99999998000001,8.0,4.474564
101.99999998000001,9.0,4.1875086
101.99999998000001,10.0,3.9157388
101.99999998000001,11.0,3.6764214
101.99999998000001,12.0,3.4735804
101.99999998000001,13.0,3.3172486
101.99999998000001,14.0,3.2245958
103.00000000000001,0.0,2.6765392
103.00000000000001,1.0,3.0028462
103.00000000000001,2.0,3.2883744
103.00000000000001,3.0,3.592273
103.00000000000001,4.0,3.7762182
103.00000000000001,5.0,3.8834722
103.00000000000001,6.0,3.9771974
103.00000000000001,7.0,4.0608225
103.00000000000001,8.0,4.083519
103.00000000000001,9.0,4.006849
103.00000000000001,10.0,3.8497376
103.00000000000001,11.0,3.6441796
103.00000000000001,12.0,3.4066148
103.00000000000001,13.0,3.160242
103.00000000000001,14.0,2.9424202
104.00000002,0.0,1.5444155
104.00000002,1.0,1.9825968
104.00000002,2.0,2.4049287
104.00000002,3.0,2.6084213
104.00000002,4.0,2.7047422
104.00000002,5.0,2.812528
104.00000002,6.0,2.9245663
104.00000002,7.0,3.0212142
104.00000002,8.0,3.0920947
104.00000002,9.0,3.1615112
104.00000002,10.0,3.2836955
104.00000002,11.0,3.3707154
104.00000002,12.0,3.215163
104.00000002,13.0,2.9985445
104.00000002,14.0,2.7714858
104.99999998000001,0.0,1.3267205
104.99999998000001,1.0,1.8189268
104.99999998000001,2.0,1.9900031
104.99999998000001,3.0,2.1998768
104.99999998000001,4.0,2.447565
104.99999998000001,5.0,2.5851383
104.99999998000001,6.0,2.5953205
104.99999998000001,7.0,2.5198724
104.99999998000001,8.0,2.4013135
104.99999998000001,9.0,2.2801242
104.99999998000001,10.0,2.2109942
104.99999998000001,11.0,2.2829525
104.99999998000001,12.0,2.3729422
104.99999998000001,13.0,2.2891011
104.99999998000001,14.0,2.1331532
106.00000000000001,0.0,0.5894356
106.00000000000001,1.0,0.732822
106.00000000000001,2.0,0.9234329
106.00000000000001,3.0,1.1616778
106.00000000000001,4.0,1.4023719
106.00000000000001,5.0,1.6079301
106.00000000000001,6.0,1.7645608
106.00000000000001,7.0,1.8881183
106.00000000000001,8.0,1.9906559
106.00000000000001,9.0,2.0681581
106.00000000000001,10.0,2.1139405
106.00000000000001,11.0,2.1322708
106.00000000000001,12.0,2.1245737
106.00000000000001,13.0,2.0882204
106.00000000000001,14.0,2.019477
107.00000002000002,0.0,0.19123845
107.00000002000002,1.0,0.27873644
107.00000002000002,2.0,0.39366367
107.00000002000002,3.0,0.5168159
107.00000002000002,4.0,0.65435785
107.00000002000002,5.0,0.8087561
107.00000002000002,6.0,0.96108687
107.00000002000002,7.0,1.0994313
107.00000002000002,8.0,1.2453376
107.00000002000002,9.0,1.3840705
107.00000002000002,10.0,1.4796693
107.00000002000002,11.0,1.5163542
107.00000002000002,12.0,1.4937072
107.00000002000002,13.0,1.4449227
107.00000002000002,14.0,1.4047555
107.99999998000001,0.0,0.105210125
107.99999998000001,1.0,0.15410872
107.99999998000001,2.0,0.21498092
107.99999998000001,3.0,0.30966654
107.99999998000001,4.0,0.43896735
107.99999998000001,5.0,0.5799381
107.99999998000001,6.0,0.7107603
107.99999998000001,7.0,0.8738802
107.99999998000001,8.0,1.0773883
107.99999998000001,9.0,1.2587008
107.99999998000001,10.0,1.3731531
107.99999998000001,11.0,1.4153856
107.99999998000001,12.0,1.3797165
107.99999998000001,13.0,1.2765373
107.99999998000001,14.0,1.1335851
109.00000000000001,0.0,0.037156243
109.00000000000001,1.0,0.054592423
109.00000000000001,2.0,0.08163697
109.00000000000001,3.0,0.117095485
109.00000000000001,4.0,0.16043107
109.00000000000001,5.0,0.22770478
109.00000000000001,6.0,0.32537377
109.00000000000001,7.0,0.45403573
109.00000000000001,8.0,0.5847871
109.00000000000001,9.0,0.71458787
109.00000000000001,10.0,0.84133416
109.00000000000001,11.0,0.9410185
109.00000000000001,12.0,0.9949608
109.00000000000001,13.0,1.0074703
109.00000000000001,14.0,0.99713355
110.00000002000002,0.0,0.019304316
110.00000002000002,1.0,0.029048014
110.00000002000002,2.0,0.043228712
110.00000002000002,3.0,0.06722128
110.00000002000002,4.0,0.1044835
110.00000002000002,5.0,0.14901812
110.00000002000002,6.0,0.20371784
110.00000002000002,7.0,0.28043988
110.00000002000002,8.0,0.39598754
110.00000002000002,9.0,0.54222244
110.00000002000002,10.0,0.7009051
110.00000002000002,11.0,0.8436573
110.00000002000002,12.0,0.96248764
110.00000002000002,13.0,1.0444319
110.00000002000002,14.0,1.0708652
110.99999998,0.0,0.02254001
110.99999998,1.0,0.0327743
110.99999998,2.0,0.04849837
110.99999998,3.0,0.073896535
110.99999998,4.0,0.11701594
110.99999998,5.0,0.17448635
110.99999998,6.0,0.24311294
110.99999998,7.0,0.33808628
110.99999998,8.0,0.4665585
110.99999998,9.0,0.6040557
110.99999998,10.0,0.7180488
110.99999998,11.0,0.84063965
110.99999998,12.0,0.9883922
110.99999998,13.0,1.1176434
110.99999998,14.0,1.1788192
112.0,0.0,0.019470267
112.0,1.0,0.02779129
112.0,2.0,0.04172127
112.0,3.0,0.065759115
112.0,4.0,0.104760475
112.0,5.0,0.15906383
112.0,6.0,0.2295942
112.0,7.0,0.32415313
112.0,8.0,0.45057842
112.0,9.0,0.58337575
112.0,10.0,0.6938833
112.0,11.0,0.78950775
112.0,12.0,0.8763857
112.0,13.0,0.96480954
112.0,14.0,1.0567952
113.00000002000002,0.0,0.018146485
113.00000002000002,1.0,0.029529937
113.00000002000002,2.0,0.052360263
113.00000002000002,3.0,0.09043476
113.00000002000002,4.0,0.1458922
113.00000002000002,5.0,0.2098897
113.00000002000002,6.0,0.27615535
113.00000002000002,7.0,0.36445615
113.00000002000002,8.0,0.4853864
113.00000002000002,9.0,0.61377543
113.00000002000002,10.0,0.7346355
113.00000002000002,11.0,0.8416522
113.00000002000002,12.0,0.92965025
113.00000002000002,13.0,0.99259454
113.00000002000002,14.0,1.0281446
113.99999998000001,0.0,0.016090462
113.99999998000001,1.0,0.023452912
113.99999998000001,2.0,0.039336193
113.99999998000001,3.0,0.07202817
113.99999998000001,4.0,0.12557186
113.99999998000001,5.0,0.19092277
113.99999998000001,6.0,0.24872243
113.99999998000001,7.0,0.31750575
113.99999998000001,8.0,0.41446856
113.99999998000001,9.0,0.5214772
113.99999998000001,10.0,0.6163252
113.99999998000001,11.0,0.6953807
113.99999998000001,12.0,0.7534157
113.99999998000001,13.0,0.78850615
113.99999998000001,14.0,0.8036692
115.0,0.0,0.014028049
115.0,1.0,0.021471906
115.0,2.0,0.03562552
115.0,3.0,0.06230051
115.0,4.0,0.108492166
115.0,5.0,0.17502657
115.0,6.0,0.26116163
115.0,7.0,0.34965065
115.0,8.0,0.4505615
115.0,9.0,0.56573725
115.0,10.0,0.6774852
115.0,11.0,0.773988
115.0,12.0,0.8541747
115.0,13.0,0.92172617
115.0,14.0,0.9863359
116.00000002,0.0,0.016641015
116.00000002,1.0,0.023713134
116.00000002,2.0,0.03500096
116.00000002,3.0,0.054524317
116.00000002,4.0,0.0852787
116.00000002,5.0,0.13062938
116.00000002,6.0,0.20658465
116.00000002,7.0,0.32804435
116.00000002,8.0,0.46573946
116.00000002,9.0,0.60950565
116.00000002,10.0,0.7632283
116.00000002,11.0,0.92137295
116.00000002,12.0,1.0922471
116.00000002,13.0,1.2702384
116.00000002,14.0,1.4696648
116.99999998000001,0.0,0.023001352
116.99999998000001,1.0,0.0333258
116.99999998000001,2.0,0.04959335
116.99999998000001,3.0,0.07198414
116.99999998000001,4.0,0.10175383
116.99999998000001,5.0,0.14110434
116.99999998000001,6.0,0.18893552
116.99999998000001,7.0,0.25711647
116.99999998000001,8.0,0.3605934
116.99999998000001,9.0,0.48998863
116.99999998000001,10.0,0.6289845
116.99999998000001,11.0,0.7638496
116.99999998000001,12.0,0.89144063
116.99999998000001,13.0,1.0142696
116.99999998000001,14.0,1.1181954
118.0,0.0,0.015988389
118.0,1.0,0.022685459
118.0,2.0,0.0357964
118.0,3.0,0.05994833
118.0,4.0,0.09726368
118.0,5.0,0.14942895
118.0,6.0,0.21963337
118.0,7.0,0.30687228
118.0,8.0,0.40869686
118.0,9.0,0.52636
118.0,10.0,0.6540155
118.0,11.0,0.7782289
118.0,12.0,0.8772178
118.0,13.0,0.94140816
118.0,14.0,0.97427034
119.00000002,0.0,0.014107832
119.00000002,1.0,0.019340215
119.00000002,2.0,0.027054647
119.00000002,3.0,0.03929459
119.00000002,4.0,0.0586192
119.00000002,5.0,0.0894122
119.00000002,6.0,0.13665497
119.00000002,7.0,0.21262634
119.00000002,8.0,0.31534496
119.00000002,9.0,0.4269821
119.00000002,10.0,0.5414534
119.00000002,11.0,0.6500357
119.00000002,12.0,0.7589721
119.00000002,13.0,0.8560854
119.00000002,14.0,0.90931714
119.99999998000001,0.0,0.010994095
119.99999998000001,1.0,0.014798743
119.99999998000001,2.0,0.023549978
119.99999998000001,3.0,0.038473435
119.99999998000001,4.0,0.06209881
119.99999998000001,5.0,0.09307705
119.99999998000001,6.0,0.13682748
119.99999998000001,7.0,0.20134042
119.99999998000001,8.0,0.30431214
119.99999998000001,9.0,0.44319934
119.99999998000001,10.0,0.5867852
119.99999998000001,11.0,0.717261
119.99999998000001,12.0,0.8171597
119.99999998000001,13.0,0.88723695
119.99999998000001,14.0,0.93351185
121.0,0.0,0.015139665
121.0,1.0,0.021868309
121.0,2.0,0.03210186
121.0,3.0,0.05094532
121.0,4.0,0.07729336
121.0,5.0,0.1081974
121.0,6.0,0.16656238
121.0,7.0,0.2701133
121.0,8.0,0.40480417
121.0,9.0,0.546504
121.0,10.0,0.681979
121.0,11.0,0.81338525
121.0,12.0,0.92623395
121.0,13.0,1.0127904
121.0,14.0,1.0719883
122.00000002,0.0,0.021719093
122.00000002,1.0,0.029808322
122.00000002,2.0,0.040841714
122.00000002,3.0,0.056940902
122.00000002,4.0,0.08169803
122.00000002,5.0,0.118535794
122.00000002,6.0,0.17452018
122.00000002,7.0,0.26508972
122.00000002,8.0,0.40878052
122.00000002,9.0,0.5716711
122.00000002,10.0,0.70169795
122.00000002,11.0,0.8046977
122.00000002,12.0,0.8807928
122.00000002,13.0,0.9265439
122.00000002,14.0,0.94641197
122.99999998000001,0.0,0.017686497
122.99999998000001,1.0,0.024528315
122.99999998000001,2.0,0.036738385
122.99999998000001,3.0,0.055823907
122.99999998000001,4.0,0.08588327
122.99999998000001,5.0,0.13363068
122.99999998000001,6.0,0.21208596
122.99999998000001,7.0,0.30982086
122.99999998000001,8.0,0.42995006
122.99999998000001,9.0,0.5820813
122.99999998000001,10.0,0.71349126
122.99999998000001,11.0,0.79671985
122.99999998000001,12.0,0.8424227
122.99999998000001,13.0,0.85889
122.99999998000001,14.0,0.8562628
124.00000000000001,0.0,0.019620357
124.00000000000001,1.0,0.028293576
124.00000000000001,2.0,0.046133637
124.00000000000001,3.0,0.075581476
124.00000000000001,4.0,0.11980542
124.00000000000001,5.0,0.1741928
124.00000000000001,6.0,0.25486383
124.00000000000001,7.0,0.36835745
124.00000000000001,8.0,0.49470872
124.00000000000001,9.0,0.6368002
124.00000000000001,10.0,0.78460944
124.00000000000001,11.0,0.90664554
124.00000000000001,12.0,0.9853167
124.00000000000001,13.0,1.0353311
124.00000000000001,14.0,1.0755548
125.00000002000002,0.0,0.052970063
125.00000002000002,1.0,0.08246531
125.00000002000002,2.0,0.12018505
125.00000002000002,3.0,0.1826386
125.00000002000002,4.0,0.27176833
125.00000002000002,5.0,0.38679472
125.00000002000002,6.0,0.5265371
125.00000002000002,7.0,0.6781922
125.00000002000002,8.0,0.83043647
125.00000002000002,9.0,0.96334624
125.00000002000002,10.0,1.0848703
125.00000002000002,11.0,1.2009068
125.00000002000002,12.0,1.29985
125.00000002000002,13.0,1.368877
125.00000002000002,14.0,1.4036912
125.99999998,0.0,0.096146226
125.99999998,1.0,0.14197002
125.99999998,2.0,0.21068038
125.99999998,3.0,0.30687937
125.99999998,4.0,0.45001045
125.99999998,5.0,0.64192516
125.99999998,6.0,0.88124555
125.99999998,7.0,1.1654719
125.99999998,8.0,1.4239527
125.99999998,9.0,1.6240313
125.99999998,10.0,1.7605804
125.99999998,11.0,1.8352988
125.99999998,12.0,1.8557069
125.99999998,13.0,1.8334768
125.99999998,14.0,1.7770749
127.0,0.0,0.15447038
127.0,1.0,0.22335194
127.0,2.0,0.3416559
127.0,3.0,0.54594195
127.0,4.0,0.81968725
127.0,5.0,1.1207294
127.0,6.0,1.3909545
127.0,7.0,1.5936819
127.0,8.0,1.7354983
127.0,9.0,1.8466527
127.0,10.0,1.9359342
127.0,11.0,2.0020213
127.0,12.0,2.0471656
127.0,13.0,2.0681348
127.0,14.0,2.0565267
128.00000002000002,0.0,0.22991282
128.00000002000002,1.0,0.35004592
128.00000002000002,2.0,0.5634588
128.00000002000002,3.0,0.88278836
128.00000002000002,4.0,1.2465897
128.00000002000002,5.0,1.5805087
128.00000002000002,6.0,1.8255863
128.00000002000002,7.0,2.0239558
128.00000002000002,8.0,2.1925912
128.00000002000002,9.0,2.3124673
128.00000002000002,10.0,2.392052
128.00000002000002,11.0,2.454661
128.00000002000002,12.0,2.5125108
128.00000002000002,13.0,2.564791
128.00000002000002,14.0,2.5870364
128.99999998,0.0,0.5186269
128.99999998,1.0,0.7234659
128.99999998,2.0,1.0970024
128.99999998,3.0,1.5267498
128.99999998,4.0,1.9336164
128.99999998,5.0,2.2755184
128.99999998,6.0,2.6036286
128.99999998,7.0,2.8980086
128.99999998,8.0,3.1478035
128.99999998,9.0,3.3318799
128.99999998,10.0,3.4513195
128.99999998,11.0,3.5217462
128.99999998,12.0,3.5729344
128.99999998,13.0,3.6035194
128.99999998,14.0,3.5691826
130.00000000000003,0.0,1.145422
130.00000000000003,1.0,1.6824563
130.00000000000003,2.0,2.2958093
130.00000000000003,3.0,2.8472779
130.00000000000003,4.0,3.2660103
130.00000000000003,5.0,3.5553267
130.00000000000003,6.0,3.7649517
130.00000000000003,7.0,3.97021
130.00000000000003,8.0,4.194497
130.00000000000003,9.0,4.401066
130.00000000000003,10.0,4.5619135
130.00000000000003,11.0,4.713714
130.00000000000003,12.0,4.9020715
130.00000000000003,13.0,5.0587916
130.00000000000003,14.0,5.079793
131.00000002000002,0.0,1.8893323
131.00000002000002,1.0,2.655259
131.00000002000002,2.0,3.3483658
131.00000002000002,3.0,3.7809978
131.00000002000002,4.0,4.1156716
131.00000002000002,5.0,4.6908216
131.00000002000002,6.0,5.288025
131.00000002000002,7.0,5.585916
131.00000002000002,8.0,5.8435483
131.00000002000002,9.0,6.1356273
131.00000002000002,10.0,6.250334
131.00000002000002,11.0,6.185252
131.00000002000002,12.0,6.0049057
131.00000002000002,13.0,5.724441
131.00000002000002,14.0,5.378305
131.99999998,0.0,2.9291975
131.99999998,1.0,3.584443
131.99999998,2.0,3.973164
131.99999998,3.0,4.7560163
131.99999998,4.0,5.544219
131.99999998,5.0,5.934007
131.99999998,6.0,6.0654697
131.99999998,7.0,6.1711464
131.99999998,8.0,6.2331967
131.99999998,9.0,6.1833158
131.99999998,10.0,6.0055485
131.99999998,11.0,5.7235336
131.99999998,12.0,5.3760376
131.99999998,13.0,4.9977145
131.99999998,14.0,4.651186
133.0,0.0,5.057937
133.0,1.0,5.6762285
133.0,2.0,6.034956
133.0,3.0,6.2452106
133.0,4.0,6.312658
133.0,5.0,6.3009567
133.0,6.0,6.344975
133.0,7.0,6.5077987
133.0,8.0,6.6011395
133.0,9.0,6.5152593
133.0,10.0,6.2263217
133.0,11.0,5.869433
133.0,12.0,5.567063
133.0,13.0,5.290888
133.0,14.0,4.8611255
134.00000002000002,0.0,5.949046
134.00000002000002,1.0,6.3027344
134.00000002000002,2.0,6.616317
134.00000002000002,3.0,6.7749534
134.00000002000002,4.0,6.663813
134.00000002000002,5.0,6.5007243
134.00000002000002,6.0,6.43676
134.00000002000002,7.0,6.5403285
134.00000002000002,8.0,6.5921965
134.00000002000002,9.0,6.429367
134.00000002000002,10.0,6.1795382
134.00000002000002,11.0,5.951225
134.00000002000002,12.0,5.6215663
134.00000002000002,13.0,5.378614
134.00000002000002,14.0,5.282849
134.99999998,0.0,5.5814276
134.99999998,1.0,5.7642193
134.99999998,2.0,5.9059896
134.99999998,3.0,6.0288544
134.99999998,4.0,6.1296644
134.99999998,5.0,6.278758
134.99999998,6.0,6.505069
134.99999998,7.0,6.672387
134.99999998,8.0,6.669005
134.99999998,9.0,6.665133
134.99999998,10.0,6.7418537
134.99999998,11.0,6.852985
134.99999998,12.0,6.882736
134.99999998,13.0,6.7140784
134.99999998,14.0,6.390587
136.0,0.0,5.2243953
136.0,1.0,5.6389475
136.0,2.0,6.034199
136.0,3.0,6.453042
136.0,4.0,6.869839
136.0,5.0,7.2432904
136.0,6.0,7.53307
136.0,7.0,7.752239
136.0,8.0,7.8929462
136.0,9.0,7.897014
136.0,10.0,7.7835364
136.0,11.0,7.5938263
136.0,12.0,7.3577876
136.0,13.0,7.1611667
136.0,14.0,6.9365907
137.00000002,0.0,6.1253743
137.00000002,1.0,6.799862
137.00000002,2.0,7.1720886
137.00000002,3.0,7.343757
137.00000002,4.0,7.402192
137.00000002,5.0,7.4209857
137.00000002,6.0,7.420195
137.00000002,7.0,7.400723
137.00000002,8.0,7.36043
137.00000002,9.0,7.3026648
137.00000002,10.0,7.2427464
137.00000002,11.0,7.178441
137.00000002,12.0,7.0556574
137.00000002,13.0,6.8311033
137.00000002,14.0,6.540791
137.99999998,0.0,6.2504025
137.99999998,1.0,6.4995837
137.99999998,2.0,6.642875
137.99999998,3.0,6.7298794
137.99999998,4.0,6.792205
137.99999998,5.0,6.836295
137.99999998,6.0,6.8451295
137.99999998,7.0,6.8034735
137.99999998,8.0,6.7065663
137.99999998,9.0,6.56932
137.99999998,10.0,6.450189
137.99999998,11.0,6.38539
137.99999998,12.0,6.315156
137.99999998,13.0,6.1674876
137.99999998,14.0,5.870282
139.00000000000003,0.0,5.533346
139.00000000000003,1.0,6.086959
139.00000000000003,2.0,6.372946
139.00000000000003,3.0,6.782291
139.00000000000003,4.0,7.345826
139.00000000000003,5.0,7.6610866
139.00000000000003,6.0,7.4220567
139.00000000000003,7.0,6.886141
139.00000000000003,8.0,6.647359
139.00000000000003,9.0,6.5943785
139.00000000000003,10.0,6.6120715
139.00000000000003,11.0,6.6307063
139.00000000000003,12.0,6.5815363
139.00000000000003,13.0,6.516189
139.00000000000003,14.0,6.5732994
140.00000002000002,0.0,5.5411053
140.00000002000002,1.0,6.3451705
140.00000002000002,2.0,7.1757917
140.00000002000002,3.0,7.6857967
140.00000002000002,4.0,7.6679215
140.00000002000002,5.0,7.320166
140.00000002000002,6.0,7.003206
140.00000002000002,7.0,6.832502
140.00000002000002,8.0,6.736557
140.00000002000002,9.0,6.693937
140.00000002000002,10.0,6.63763
140.00000002000002,11.0,6.507353
140.00000002000002,12.0,6.3739824
140.00000002000002,13.0,6.2441993
140.00000002000002,14.0,6.0483327
140.99999998,0.0,6.4203463
140.99999998,1.0,7.037243
140.99999998,2.0,7.4286904
140.99999998,3.0,7.444195
140.99999998,4.0,7.2036877
140.99999998,5.0,7.0703654
140.99999998,6.0,6.96407
140.99999998,7.0,6.7773485
140.99999998,8.0,6.4928074
140.99999998,9.0,6.148332
140.99999998,10.0,5.8114877
140.99999998,11.0,5.5400386
140.99999998,12.0,5.3576627
140.99999998,13.0,5.2048
140.99999998,14.0,4.972376
142.0,0.0,6.665831
142.0,1.0,6.9329824
142.0,2.0,7.147706
142.0,3.0,7.247856
142.0,4.0,7.1876535
142.0,5.0,6.9030623
142.0,6.0,6.3653502
142.0,7.0,5.785786
142.0,8.0,5.3348775
142.0,9.0,4.928671
142.0,10.0,4.549269
142.0,11.0,4.2589016
142.0,12.0,4.0679836
142.0,13.0,3.941285
142.0,14.0,3.9200597
143.00000002000002,0.0,5.9487314
143.00000002000002,1.0,6.1175838
143.00000002000002,2.0,6.2276473
143.00000002000002,3.0,6.2048097
143.00000002000002,4.0,5.9054675
143.00000002000002,5.0,5.3598843
143.00000002000002,6.0,4.9261518
143.00000002000002,7.0,4.6357894
143.00000002000002,8.0,4.3616014
143.00000002000002,9.0,4.1048512
143.00000002000002,10.0,3.878229
143.00000002000002,11.0,3.6867175
143.00000002000002,12.0,3.533685
143.00000002000002,13.0,3.4280806
143.00000002000002,14.0,3.3741164
143.99999998,0.0,5.336463
143.99999998,1.0,5.342134
143.99999998,2.0,5.1814947
143.99999998,3.0,4.854155
143.99999998,4.0,4.5843825
143.99999998,5.0,4.4248333
143.99999998,6.0,4.2852206
143.99999998,7.0,4.171117
143.99999998,8.0,4.087066
143.99999998,9.0,4.017388
143.99999998,10.0,3.94654
143.99999998,11.0,3.8612595
143.99999998,12.0,3.75759
143.99999998,13.0,3.6447492
143.99999998,14.0,3.5400336
145.00000000000003,0.0,3.6317809
145.00000000000003,1.0,3.521495
145.00000000000003,2.0,3.5023775
145.00000000000003,3.0,3.5672624
145.00000000000003,4.0,3.6603239
145.00000000000003,5.0,3.7396703
145.00000000000003,6.0,3.813159
145.00000000000003,7.0,3.8582926
145.00000000000003,8.0,3.8061285
145.00000000000003,9.0,3.6681418
145.00000000000003,10.0,3.4968722
145.00000000000003,11.0,3.3167567
145.00000000000003,12.0,3.136299
145.00000000000003,13.0,2.956475
145.00000000000003,14.0,2.7909977
146.00000002000002,0.0,2.487903
146.00000002000002,1.0,2.5589702
146.00000002000002,2.0,2.609327
146.00000002000002,3.0,2.674265
146.00000002000002,4.0,2.796394
146.00000002000002,5.0,2.938845
146.00000002000002,6.0,3.054029
146.00000002000002,7.0,3.1085267
146.00000002000002,8.0,3.105642
146.00000002000002,9.0,3.0609288
146.00000002000002,10.0,2.978691
146.00000002000002,11.0,2.8516653
146.00000002000002,12.0,2.669491
146.00000002000002,13.0,2.4320428
146.00000002000002,14.0,2.149978
146.99999998,0.0,2.0722446
146.99999998,1.0,2.109622
146.99999998,2.0,2.1954203
146.99999998,3.0,2.3096406
146.99999998,4.0,2.4069154
146.99999998,5.0,2.4429293
146.99999998,6.0,2.4061449
146.99999998,7.0,2.3155892
146.99999998,8.0,2.1917024
146.99999998,9.0,2.0493658
146.99999998,10.0,1.8884553
146.99999998,11.0,1.7129841
146.99999998,12.0,1.5549903
146.99999998,13.0,1.4206135
146.99999998,14.0,1.2989715
148.0,0.0,1.232254
148.0,1.0,1.4091872
148.0,2.0,1.5893854
148.0,3.0,1.7412857
148.0,4.0,1.8453507
148.0,5.0,1.8954135
148.0,6.0,1.8901846
148.0,7.0,1.8299508
148.0,8.0,1.7225523
148.0,9.0,1.586109
148.0,10.0,1.4419769
148.0,11.0,1.3089125
148.0,12.0,1.1988542
148.0,13.0,1.1141278
148.0,14.0,1.0468438
149.00000002000002,0.0,0.9789635
149.00000002000002,1.0,1.109247
149.00000002000002,2.0,1.2355189
149.00000002000002,3.0,1.346377
149.00000002000002,4.0,1.4300396
149.00000002000002,5.0,1.4748299
149.00000002000002,6.0,1.4738587
149.00000002000002,7.0,1.4240053
149.00000002000002,8.0,1.3319277
149.00000002000002,9.0,1.211053
149.00000002000002,10.0,1.0850108
149.00000002000002,11.0,0.98944885
149.00000002000002,12.0,0.9278221
149.00000002000002,13.0,0.8830125
149.00000002000002,14.0,0.8404952
149.99999998,0.0,0.59794503
149.99999998,1.0,0.62507457
149.99999998,2.0,0.6510747
149.99999998,3.0,0.6715433
149.99999998,4.0,0.68530476
149.99999998,5.0,0.69223
149.99999998,6.0,0.69225496
149.99999998,7.0,0.684867
149.99999998,8.0,0.6718786
149.99999998,9.0,0.6581746
149.99999998,10.0,0.65126854
149.99999998,11.0,0.65262604
149.99999998,12.0,0.65523744
149.99999998,13.0,0.6529161
149.99999998,14.0,0.64242685
151.0,0.0,0.42522228
151.0,1.0,0.4727197
151.0,2.0,0.5149613
151.0,3.0,0.5529196
151.0,4.0,0.58624506
151.0,5.0,0.6101204
151.0,6.0,0.61891156
151.0,7.0,0.6106632
151.0,8.0,0.5888052
151.0,9.0,0.5628777
151.0,10.0,0.5426247
151.0,11.0,0.53462976
151.0,12.0,0.5380119
151.0,13.0,0.5454888
151.0,14.0,0.5499581
152.00000002,0.0,0.27195865
152.00000002,1.0,0.3156862
152.00000002,2.0,0.36117077
152.00000002,3.0,0.405385
152.00000002,4.0,0.4404003
152.00000002,5.0,0.45813403
152.00000002,6.0,0.4559162
152.00000002,7.0,0.4367944
152.00000002,8.0,0.40578026
152.00000002,9.0,0.36949602
152.00000002,10.0,0.33433583
152.00000002,11.0,0.30390868
152.00000002,12.0,0.2811711
152.00000002,13.0,0.26784754
152.00000002,14.0,0.26421213
152.99999998,0.0,0.118854105
152.99999998,1.0,0.14494264
152.99999998,2.0,0.1751445
152.99999998,3.0,0.20518088
152.99999998,4.0,0.23074481
152.99999998,5.0,0.24877816
152.99999998,6.0,0.25717854
152.99999998,7.0,0.2552312
152.99999998,8.0,0.2448323
152.99999998,9.0,0.23052981
152.99999998,10.0,0.21737607
152.99999998,11.0,0.2077675
152.99999998,12.0,0.20196421
152.99999998,13.0,0.20099445
152.99999998,14.0,0.20574073
154.00000000000003,0.0,0.0653874
154.00000000000003,1.0,0.07424005
154.00000000000003,2.0,0.08441468
154.00000000000003,3.0,0.09563255
154.00000000000003,4.0,0.10697473
154.00000000000003,5.0,0.11753988
154.00000000000003,6.0,0.12661183
154.00000000000003,7.0,0.13386591
154.00000000000003,8.0,0.13943481
154.00000000000003,9.0,0.14439198
154.00000000000003,10.0,0.15015632
154.00000000000003,11.0,0.15750383
154.00000000000003,12.0,0.16594571
154.00000000000003,13.0,0.17465931
154.00000000000003,14.0,0.18497218
155.00000002000002,0.0,0.028833434
155.00000002000002,1.0,0.033093933
155.00000002000002,2.0,0.037921853
155.00000002000002,3.0,0.043025065
155.00000002000002,4.0,0.04829669
155.00000002000002,5.0,0.053863373
155.00000002000002,6.0,0.06009598
155.00000002000002,7.0,0.06717952
155.00000002000002,8.0,0.075100705
155.00000002000002,9.0,0.08394221
155.00000002000002,10.0,0.09381017
155.00000002000002,11.0,0.1049694
155.00000002000002,12.0,0.1180201
155.00000002000002,13.0,0.13356103
155.00000002000002,14.0,0.15162101
155.99999998,0.0,0.025834328
155.99999998,1.0,0.02984764
155.99999998,2.0,0.033320542
155.99999998,3.0,0.03596631
155.99999998,4.0,0.03787
155.99999998,5.0,0.039202344
155.99999998,6.0,0.04012507
155.99999998,7.0,0.040822633
155.99999998,8.0,0.041643724
155.99999998,9.0,0.04320086
155.99999998,10.0,0.04621183
155.99999998,11.0,0.05113108
155.99999998,12.0,0.058458365
155.99999998,13.0,0.06868593
155.99999998,14.0,0.08207082
157.0,0.0,0.008100533
157.0,1.0,0.00998506
157.0,2.0,0.012142406
157.0,3.0,0.014465811
157.0,4.0,0.01673761
157.0,5.0,0.018682238
157.0,6.0,0.020105185
157.0,7.0,0.02107582
157.0,8.0,0.022028003
157.0,9.0,0.023622576
157.0,10.0,0.026284594
157.0,11.0,0.03018571
157.0,12.0,0.03541477
157.0,13.0,0.042102598
157.0,14.0,0.05045969
158.00000002000002,0.0,0.00355697
158.00000002000002,1.0,0.004402002
158.00000002000002,2.0,0.0054095653
158.00000002000002,3.0,0.0066356338
158.00000002000002,4.0,0.008089748
158.00000002000002,5.0,0.009666467
158.00000002000002,6.0,0.011173063
158.00000002000002,7.0,0.012446187
158.00000002000002,8.0,0.013459893
158.00000002000002,9.0,0.01427813
158.00000002000002,10.0,0.015117414
158.00000002000002,11.0,0.016361129
158.00000002000002,12.0,0.018447522
158.00000002000002,13.0,0.02162651
158.00000002000002,14.0,0.02597587
158.99999998,0.0,0.0013294343
158.99999998,1.0,0.001567765
158.99999998,2.0,0.0018538821
158.99999998,3.0,0.0022023018
158.99999998,4.0,0.0026131454
158.99999998,5.0,0.003074936
158.99999998,6.0,0.0035770691
158.99999998,7.0,0.004119746
158.99999998,8.0,0.0047251647
158.99999998,9.0,0.005435979
158.99999998,10.0,0.006312999
158.99999998,11.0,0.007447378
158.99999998,12.0,0.008930052
158.99999998,13.0,0.010788456
158.99999998,14.0,0.013031352
160.00000000000003,0.0,0.0004380686
160.00000000000003,1.0,0.0005506793
160.00000000000003,2.0,0.00068141025
160.00000000000003,3.0,0.00084399944
160.00000000000003,4.0,0.0010626682
160.00000000000003,5.0,0.0013485277
160.00000000000003,6.0,0.001696263
160.00000000000003,7.0,0.0020828103
160.00000000000003,8.0,0.0025083793
160.00000000000003,9.0,0.0030026392
160.00000000000003,10.0,0.0036096068
160.00000000000003,11.0,0.00437552
160.00000000000003,12.0,0.0053462805
160.00000000000003,13.0,0.0065727835
160.00000000000003,14.0,0.008096237
161.00000002000002,0.0,0.00013943437
161.00000002000002,1.0,0.00017021978
161.00000002000002,2.0,0.00020612786
161.00000002000002,3.0,0.00025196534
161.00000002000002,4.0,0.00031605363
161.00000002000002,5.0,0.0004053352
161.00000002000002,6.0,0.0005255212
161.00000002000002,7.0,0.0006945812
161.00000002000002,8.0,0.0009369502
161.00000002000002,9.0,0.0012626654
161.00000002000002,10.0,0.001658684
161.00000002000002,11.0,0.0021087069
161.00000002000002,12.0,0.0026099468
161.00000002000002,13.0,0.0031726744
161.00000002000002,14.0,0.003820692
161.99999998,0.0,3.366513e-05
161.99999998,1.0,4.3312353e-05
161.99999998,2.0,5.6446683e-05
161.99999998,3.0,7.44746e-05
161.99999998,4.0,9.894303e-05
161.99999998,5.0,0.00013413985
161.99999998,6.0,0.00018971227
161.99999998,7.0,0.00027698244
161.99999998,8.0,0.00040028835
161.99999998,9.0,0.00057723967
161.99999998,10.0,0.0008449109
161.99999998,11.0,0.0012138465
161.99999998,12.0,0.0016646218
161.99999998,13.0,0.002171187
161.99999998,14.0,0.0027145867
163.0,0.0,1.3739213e-05
163.0,1.0,1.7594197e-05
163.0,2.0,2.2958004e-05
163.0,3.0,3.0723506e-05
163.0,4.0,4.2529697e-05
163.0,5.0,5.9862065e-05
163.0,6.0,8.693795e-05
163.0,7.0,0.0001283719
163.0,8.0,0.00019338792
163.0,9.0,0.0002965891
163.0,10.0,0.00043670626
163.0,11.0,0.00061105756
163.0,12.0,0.000827302
163.0,13.0,0.0010890613
163.0,14.0,0.0013882972
164.00000002000002,0.0,4.230407e-06
164.00000002000002,1.0,5.9101185e-06
164.00000002000002,2.0,8.573315e-06
164.00000002000002,3.0,1.2852695e-05
164.00000002000002,4.0,1.9924464e-05
164.00000002000002,5.0,3.0638443e-05
164.00000002000002,6.0,4.815321e-05
164.00000002000002,7.0,7.572955e-05
164.00000002000002,8.0,0.00011540988
164.00000002000002,9.0,0.00017464986
164.00000002000002,10.0,0.00025445328
164.00000002000002,11.0,0.00034962766
164.00000002000002,12.0,0.00046035755
164.00000002000002,13.0,0.000592675
164.00000002000002,14.0,0.0007508919
164.99999998,0.0,1.7613808e-06
164.99999998,1.0,2.6981422e-06
164.99999998,2.0,4.272173e-06
164.99999998,3.0,6.982749e-06
164.99999998,4.0,1.1294779e-05
164.99999998,5.0,1.8066748e-05
164.99999998,6.0,2.8545237e-05
164.99999998,7.0,4.5251774e-05
164.99999998,8.0,7.128983e-05
164.99999998,9.0,0.00010576566
164.99999998,10.0,0.00015408633
164.99999998,11.0,0.0002204645
164.99999998,12.0,0.00030434987
164.99999998,13.0,0.00040356533
164.99999998,14.0,0.0005161885
166.0,0.0,5.8168956e-07
166.0,1.0,8.852836e-07
166.0,2.0,1.3701297e-06
166.0,3.0,2.2041816e-06
166.0,4.0,3.669042e-06
166.0,5.0,6.246058e-06
166.0,6.0,1.0717482e-05
166.0,7.0,1.7695453e-05
166.0,8.0,2.9467335e-05
166.0,9.0,4.8936112e-05
166.0,10.0,7.7970224e-05
166.0,11.0,0.00012298641
166.0,12.0,0.00018859128
166.0,13.0,0.00027403026
166.0,14.0,0.0003761189
167.00000002,0.0,2.0376503e-07
167.00000002,1.0,3.6273755e-07
167.00000002,2.0,6.438234e-07
167.00000002,3.0,1.1780818e-06
167.00000002,4.0,2.1467556e-06
167.00000002,5.0,3.954821e-06
167.00000002,6.0,7.044288e-06
167.00000002,7.0,1.2014743e-05
167.00000002,8.0,2.0704203e-05
167.00000002,9.0,3.427144e-05
167.00000002,10.0,5.4423133e-05
167.00000002,11.0,8.498824e-05
167.00000002,12.0,0.00013074525
167.00000002,13.0,0.00019469263
167.00000002,14.0,0.00027588446
167.99999998,0.0,7.877592e-08
167.99999998,1.0,1.5932122e-07
167.99999998,2.0,3.03641e-07
167.99999998,3.0,5.967596e-07
167.99999998,4.0,1.1831755e-06
167.99999998,5.0,2.2516892e-06
167.99999998,6.0,4.0234163e-06
167.99999998,7.0,7.095556e-06
167.99999998,8.0,1.1935263e-05
167.99999998,9.0,1.9286923e-05
167.99999998,10.0,3.078004e-05
167.99999998,11.0,4.8043963e-05
167.99999998,12.0,7.3586634e-05
167.99999998,13.0,0.00010943938
167.99999998,14.0,0.00015878431
169.00000000000003,0.0,3.00985e-08
169.00000000000003,1.0,6.755985e-08
169.00000000000003,2.0,1.4643459e-07
169.00000000000003,3.0,3.3564348e-07
169.00000000000003,4.0,7.504328e-07
169.00000000000003,5.0,1.5391225e-06
169.00000000000003,6.0,2.9918244e-06
169.00000000000003,7.0,5.478059e-06
169.00000000000003,8.0,9.113491e-06
169.00000000000003,9.0,1.476052e-05
169.00000000000003,10.0,2.2875585e-05
169.00000000000003,11.0,3.488753e-05
169.00000000000003,12.0,5.1019408e-05
169.00000000000003,13.0,7.392224e-05
169.00000000000003,14.0,0.00010649216
170.00000002000002,0.0,1.3394196e-08
170.00000002000002,1.0,3.0408078e-08
170.00000002000002,2.0,6.571156e-08
170.00000002000002,3.0,1.3933598e-07
170.00000002000002,4.0,3.0312202e-07
170.00000002000002,5.0,6.657972e-07
170.00000002000002,6.0,1.2946966e-06
170.00000002000002,7.0,2.464973e-06
170.00000002000002,8.0,4.4831427e-06
170.00000002000002,9.0,7.656599e-06
170.00000002000002,10.0,1.2539918e-05
170.00000002000002,11.0,2.0643995e-05
170.00000002000002,12.0,3.2183598e-05
170.00000002000002,13.0,5.0139803e-05
170.00000002000002,14.0,7.699161e-05
170.99999998,0.0,5.122729e-09
170.99999998,1.0,9.230123e-09
170.99999998,2.0,1.8382416e-08
170.99999998,3.0,3.865525e-08
170.99999998,4.0,8.652347e-08
170.99999998,5.0,1.8823322e-07
170.99999998,6.0,3.931534e-07
170.99999998,7.0,8.268296e-07
170.99999998,8.0,1.6211083e-06
170.99999998,9.0,3.0426145e-06
170.99999998,10.0,5.3904623e-06
170.99999998,11.0,9.407612e-06
170.99999998,12.0,1.5722177e-05
170.99999998,13.0,2.4826e-05
170.99999998,14.0,3.945376e-05
172.0,0.0,2.8117406e-09
172.0,1.0,5.3639835e-09
172.0,2.0,1.06840865e-08
172.0,3.0,2.128534e-08
172.0,4.0,4.7300045e-08
172.0,5.0,1.0369038e-07
172.0,6.0,2.2410643e-07
172.0,7.0,4.5696873e-07
172.0,8.0,9.0460117e-07
172.0,9.0,1.7190456e-06
172.0,10.0,3.0560668e-06
172.0,11.0,5.178376e-06
172.0,12.0,8.509985e-06
172.0,13.0,1.3666978e-05
172.0,14.0,2.139072e-05
